2025-10-28 10:08:14,863 [INFO] autoclave: 🚀 Iniciando aplicación de autoclave...
2025-10-28 10:23:02,712 [INFO] autoclave: 🚀 Iniciando aplicación de autoclave...
2025-10-28 10:24:14,758 [INFO] autoclave: 🚀 Iniciando aplicación de autoclave...
2025-10-28 10:24:34,854 [INFO] autoclave: 🚀 Iniciando aplicación de autoclave...
2025-10-28 10:30:18,684 [INFO] autoclave: 🚀 Iniciando aplicación de autoclave...
2025-10-28 12:05:31,878 [INFO] autoclave: 🚀 Iniciando aplicación de autoclave...
2025-10-28 13:43:40,339 [INFO] autoclave: 🚀 Iniciando aplicación de autoclave...
2025-11-04 07:47:21,241 [INFO] autoclave: 🚀 Iniciando aplicación de autoclave...
2025-11-04 08:18:54,748 [INFO] autoclave: 🚀 Iniciando aplicación de autoclave...
2025-12-02 14:28:57,691 [INFO] sqlalchemy.engine.Engine: BEGIN (implicit)
2025-12-02 14:28:57,692 [INFO] sqlalchemy.engine.Engine: PRAGMA main.table_info("usuario")
2025-12-02 14:28:57,692 [INFO] sqlalchemy.engine.Engine: [raw sql] ()
2025-12-02 14:28:57,698 [INFO] sqlalchemy.engine.Engine: PRAGMA main.table_info("config_global")
2025-12-02 14:28:57,699 [INFO] sqlalchemy.engine.Engine: [raw sql] ()
2025-12-02 14:28:57,699 [INFO] sqlalchemy.engine.Engine: PRAGMA main.table_info("autoclave")
2025-12-02 14:28:57,700 [INFO] sqlalchemy.engine.Engine: [raw sql] ()
2025-12-02 14:28:57,700 [INFO] sqlalchemy.engine.Engine: PRAGMA main.table_info("ac_puerta")
2025-12-02 14:28:57,701 [INFO] sqlalchemy.engine.Engine: [raw sql] ()
2025-12-02 14:28:57,701 [INFO] sqlalchemy.engine.Engine: PRAGMA main.table_info("ac_puerto")
2025-12-02 14:28:57,701 [INFO] sqlalchemy.engine.Engine: [raw sql] ()
2025-12-02 14:28:57,702 [INFO] sqlalchemy.engine.Engine: PRAGMA main.table_info("ac_pantalla_control")
2025-12-02 14:28:57,703 [INFO] sqlalchemy.engine.Engine: [raw sql] ()
2025-12-02 14:28:57,703 [INFO] sqlalchemy.engine.Engine: PRAGMA main.table_info("proceso_fase")
2025-12-02 14:28:57,704 [INFO] sqlalchemy.engine.Engine: [raw sql] ()
2025-12-02 14:28:57,704 [INFO] sqlalchemy.engine.Engine: PRAGMA main.table_info("proceso_fase_parametro")
2025-12-02 14:28:57,705 [INFO] sqlalchemy.engine.Engine: [raw sql] ()
2025-12-02 14:28:57,706 [INFO] sqlalchemy.engine.Engine: COMMIT
2025-12-02 14:33:07,147 [INFO] sqlalchemy.engine.Engine: BEGIN (implicit)
2025-12-02 14:33:07,147 [INFO] sqlalchemy.engine.Engine: PRAGMA main.table_info("usuario")
2025-12-02 14:33:07,148 [INFO] sqlalchemy.engine.Engine: [raw sql] ()
2025-12-02 14:33:07,151 [INFO] sqlalchemy.engine.Engine: PRAGMA main.table_info("config_global")
2025-12-02 14:33:07,152 [INFO] sqlalchemy.engine.Engine: [raw sql] ()
2025-12-02 14:33:07,153 [INFO] sqlalchemy.engine.Engine: PRAGMA main.table_info("autoclave")
2025-12-02 14:33:07,153 [INFO] sqlalchemy.engine.Engine: [raw sql] ()
2025-12-02 14:33:07,154 [INFO] sqlalchemy.engine.Engine: PRAGMA main.table_info("ac_puerta")
2025-12-02 14:33:07,154 [INFO] sqlalchemy.engine.Engine: [raw sql] ()
2025-12-02 14:33:07,156 [INFO] sqlalchemy.engine.Engine: PRAGMA main.table_info("ac_puerto")
2025-12-02 14:33:07,156 [INFO] sqlalchemy.engine.Engine: [raw sql] ()
2025-12-02 14:33:07,157 [INFO] sqlalchemy.engine.Engine: PRAGMA main.table_info("ac_pantalla_control")
2025-12-02 14:33:07,158 [INFO] sqlalchemy.engine.Engine: [raw sql] ()
2025-12-02 14:33:07,159 [INFO] sqlalchemy.engine.Engine: PRAGMA main.table_info("proceso_fase")
2025-12-02 14:33:07,159 [INFO] sqlalchemy.engine.Engine: [raw sql] ()
2025-12-02 14:33:07,160 [INFO] sqlalchemy.engine.Engine: PRAGMA main.table_info("proceso_fase_parametro")
2025-12-02 14:33:07,161 [INFO] sqlalchemy.engine.Engine: [raw sql] ()
2025-12-02 14:33:07,162 [INFO] sqlalchemy.engine.Engine: COMMIT
2025-12-02 14:33:59,184 [INFO] sqlalchemy.engine.Engine: BEGIN (implicit)
2025-12-02 14:33:59,185 [INFO] sqlalchemy.engine.Engine: PRAGMA main.table_info("usuario")
2025-12-02 14:33:59,185 [INFO] sqlalchemy.engine.Engine: [raw sql] ()
2025-12-02 14:33:59,187 [INFO] sqlalchemy.engine.Engine: PRAGMA main.table_info("config_global")
2025-12-02 14:33:59,187 [INFO] sqlalchemy.engine.Engine: [raw sql] ()
2025-12-02 14:33:59,188 [INFO] sqlalchemy.engine.Engine: PRAGMA main.table_info("autoclave")
2025-12-02 14:33:59,188 [INFO] sqlalchemy.engine.Engine: [raw sql] ()
2025-12-02 14:33:59,189 [INFO] sqlalchemy.engine.Engine: PRAGMA main.table_info("ac_puerta")
2025-12-02 14:33:59,189 [INFO] sqlalchemy.engine.Engine: [raw sql] ()
2025-12-02 14:33:59,190 [INFO] sqlalchemy.engine.Engine: PRAGMA main.table_info("ac_puerto")
2025-12-02 14:33:59,191 [INFO] sqlalchemy.engine.Engine: [raw sql] ()
2025-12-02 14:33:59,192 [INFO] sqlalchemy.engine.Engine: PRAGMA main.table_info("ac_pantalla_control")
2025-12-02 14:33:59,192 [INFO] sqlalchemy.engine.Engine: [raw sql] ()
2025-12-02 14:33:59,193 [INFO] sqlalchemy.engine.Engine: PRAGMA main.table_info("proceso_fase")
2025-12-02 14:33:59,194 [INFO] sqlalchemy.engine.Engine: [raw sql] ()
2025-12-02 14:33:59,194 [INFO] sqlalchemy.engine.Engine: PRAGMA main.table_info("proceso_fase_parametro")
2025-12-02 14:33:59,194 [INFO] sqlalchemy.engine.Engine: [raw sql] ()
2025-12-02 14:33:59,195 [INFO] sqlalchemy.engine.Engine: COMMIT
2025-12-02 14:33:59,196 [INFO] autoclave: 🚀 Iniciando aplicación de autoclave...
2025-12-02 14:33:59,753 [INFO] src.autoclave.ui.main_window: ✅ Interfaz creada correctamente.
2025-12-02 14:34:02,425 [INFO] src.autoclave.ui.main_window: ▶️ Iniciando ciclo de esterilización...
2025-12-02 14:34:03,215 [INFO] src.autoclave.ui.ui_cycle.cycle_window: ⏹️ Ciclo de esterilización detenido por el usuario.
2025-12-02 14:34:06,507 [INFO] src.autoclave.ui.main_window: 🔐 Abriendo ventana de login...
2025-12-02 14:34:09,370 [ERROR] src.autoclave.ui.ui_db.ui_config_global: Error al cargar configuración global: module 'src.autoclave.services.control_db' has no attribute 'get_config_global'
2025-12-02 14:34:30,175 [INFO] src.autoclave.ui.main_window: ▶️ Iniciando ciclo de esterilización...
2025-12-02 14:34:30,634 [INFO] src.autoclave.ui.ui_cycle.cycle_window: ⏹️ Ciclo de esterilización detenido por el usuario.
2025-12-02 14:34:31,942 [INFO] src.autoclave.ui.main_window: ⏻ Apagando equipo...
2025-12-02 14:36:46,149 [INFO] sqlalchemy.engine.Engine: BEGIN (implicit)
2025-12-02 14:36:46,150 [INFO] sqlalchemy.engine.Engine: PRAGMA main.table_info("usuario")
2025-12-02 14:36:46,150 [INFO] sqlalchemy.engine.Engine: [raw sql] ()
2025-12-02 14:36:46,151 [INFO] sqlalchemy.engine.Engine: PRAGMA main.table_info("config_global")
2025-12-02 14:36:46,152 [INFO] sqlalchemy.engine.Engine: [raw sql] ()
2025-12-02 14:36:46,152 [INFO] sqlalchemy.engine.Engine: PRAGMA main.table_info("autoclave")
2025-12-02 14:36:46,153 [INFO] sqlalchemy.engine.Engine: [raw sql] ()
2025-12-02 14:36:46,154 [INFO] sqlalchemy.engine.Engine: PRAGMA main.table_info("ac_puerta")
2025-12-02 14:36:46,154 [INFO] sqlalchemy.engine.Engine: [raw sql] ()
2025-12-02 14:36:46,154 [INFO] sqlalchemy.engine.Engine: PRAGMA main.table_info("ac_puerto")
2025-12-02 14:36:46,155 [INFO] sqlalchemy.engine.Engine: [raw sql] ()
2025-12-02 14:36:46,156 [INFO] sqlalchemy.engine.Engine: PRAGMA main.table_info("ac_pantalla_control")
2025-12-02 14:36:46,156 [INFO] sqlalchemy.engine.Engine: [raw sql] ()
2025-12-02 14:36:46,157 [INFO] sqlalchemy.engine.Engine: PRAGMA main.table_info("proceso_fase")
2025-12-02 14:36:46,157 [INFO] sqlalchemy.engine.Engine: [raw sql] ()
2025-12-02 14:36:46,157 [INFO] sqlalchemy.engine.Engine: PRAGMA main.table_info("proceso_fase_parametro")
2025-12-02 14:36:46,158 [INFO] sqlalchemy.engine.Engine: [raw sql] ()
2025-12-02 14:36:46,159 [INFO] sqlalchemy.engine.Engine: COMMIT
2025-12-02 14:36:46,159 [INFO] autoclave: 🚀 Iniciando aplicación de autoclave...
2025-12-03 10:24:56,784 [INFO] autoclave: Iniciando SerialLink...
2025-12-03 10:24:56,787 [WARNING] autoclave: No se pudo abrir el puerto COM7: could not open port 'COM7': FileNotFoundError(2, 'El sistema no puede encontrar el archivo especificado.', None, 2)
2025-12-03 10:24:59,788 [WARNING] autoclave: No se pudo abrir el puerto COM7: could not open port 'COM7': FileNotFoundError(2, 'El sistema no puede encontrar el archivo especificado.', None, 2)
2025-12-03 10:25:02,789 [WARNING] autoclave: No se pudo abrir el puerto COM7: could not open port 'COM7': FileNotFoundError(2, 'El sistema no puede encontrar el archivo especificado.', None, 2)
2025-12-03 10:25:05,790 [WARNING] autoclave: No se pudo abrir el puerto COM7: could not open port 'COM7': FileNotFoundError(2, 'El sistema no puede encontrar el archivo especificado.', None, 2)
2025-12-03 10:25:08,791 [WARNING] autoclave: No se pudo abrir el puerto COM7: could not open port 'COM7': FileNotFoundError(2, 'El sistema no puede encontrar el archivo especificado.', None, 2)
2025-12-03 10:25:08,956 [INFO] autoclave: Deteniendo SerialLink...
2025-12-03 10:25:45,351 [INFO] autoclave: Iniciando SerialLink...
2025-12-03 10:25:58,022 [INFO] autoclave: Deteniendo SerialLink...
2025-12-03 10:28:35,165 [INFO] autoclave: Iniciando SerialLink...
2025-12-03 10:28:35,172 [INFO] autoclave: Conectado a ESP32 en COM3
2025-12-03 10:28:41,759 [INFO] autoclave: Deteniendo SerialLink...
2025-12-03 10:28:42,945 [INFO] autoclave: Puerto serial cerrado.
2026-01-16 16:11:58,721 [INFO] sqlalchemy.engine.Engine: BEGIN (implicit)
2026-01-16 16:11:58,722 [INFO] sqlalchemy.engine.Engine: PRAGMA main.table_info("ac_puerto")
2026-01-16 16:11:58,722 [INFO] sqlalchemy.engine.Engine: [raw sql] ()
2026-01-16 16:11:58,727 [INFO] sqlalchemy.engine.Engine: PRAGMA main.table_info("ac_pantalla_control")
2026-01-16 16:11:58,729 [INFO] sqlalchemy.engine.Engine: [raw sql] ()
2026-01-16 16:11:58,731 [INFO] sqlalchemy.engine.Engine: PRAGMA main.table_info("proceso_control")
2026-01-16 16:11:58,732 [INFO] sqlalchemy.engine.Engine: [raw sql] ()
2026-01-16 16:11:58,733 [INFO] sqlalchemy.engine.Engine: PRAGMA main.table_info("proceso_fase")
2026-01-16 16:11:58,734 [INFO] sqlalchemy.engine.Engine: [raw sql] ()
2026-01-16 16:11:58,735 [INFO] sqlalchemy.engine.Engine: PRAGMA main.table_info("proceso_fase_parametro")
2026-01-16 16:11:58,735 [INFO] sqlalchemy.engine.Engine: [raw sql] ()
2026-01-16 16:11:58,736 [INFO] sqlalchemy.engine.Engine: COMMIT
2026-01-16 16:13:00,182 [INFO] sqlalchemy.engine.Engine: BEGIN (implicit)
2026-01-16 16:13:00,183 [INFO] sqlalchemy.engine.Engine: PRAGMA main.table_info("ac_puerto")
2026-01-16 16:13:00,183 [INFO] sqlalchemy.engine.Engine: [raw sql] ()
2026-01-16 16:13:00,184 [INFO] sqlalchemy.engine.Engine: PRAGMA main.table_info("ac_pantalla_control")
2026-01-16 16:13:00,185 [INFO] sqlalchemy.engine.Engine: [raw sql] ()
2026-01-16 16:13:00,185 [INFO] sqlalchemy.engine.Engine: PRAGMA main.table_info("proceso_control")
2026-01-16 16:13:00,186 [INFO] sqlalchemy.engine.Engine: [raw sql] ()
2026-01-16 16:13:00,186 [INFO] sqlalchemy.engine.Engine: PRAGMA main.table_info("proceso_fase")
2026-01-16 16:13:00,186 [INFO] sqlalchemy.engine.Engine: [raw sql] ()
2026-01-16 16:13:00,187 [INFO] sqlalchemy.engine.Engine: PRAGMA main.table_info("proceso_fase_parametro")
2026-01-16 16:13:00,187 [INFO] sqlalchemy.engine.Engine: [raw sql] ()
2026-01-16 16:13:00,188 [INFO] sqlalchemy.engine.Engine: COMMIT
2026-01-16 16:13:00,409 [INFO] __main__: Iniciando la aplicación Autoclave...
2026-01-16 16:13:00,434 [INFO] autoclave: Iniciando SerialLink...
2026-01-16 16:15:28,882 [INFO] sqlalchemy.engine.Engine: BEGIN (implicit)
2026-01-16 16:15:28,883 [INFO] sqlalchemy.engine.Engine: PRAGMA main.table_info("ac_puerto")
2026-01-16 16:15:28,884 [INFO] sqlalchemy.engine.Engine: [raw sql] ()
2026-01-16 16:15:28,889 [INFO] sqlalchemy.engine.Engine: PRAGMA main.table_info("ac_pantalla_control")
2026-01-16 16:15:28,890 [INFO] sqlalchemy.engine.Engine: [raw sql] ()
2026-01-16 16:15:28,892 [INFO] sqlalchemy.engine.Engine: PRAGMA main.table_info("proceso_control")
2026-01-16 16:15:28,892 [INFO] sqlalchemy.engine.Engine: [raw sql] ()
2026-01-16 16:15:28,893 [INFO] sqlalchemy.engine.Engine: PRAGMA main.table_info("proceso_fase")
2026-01-16 16:15:28,895 [INFO] sqlalchemy.engine.Engine: [raw sql] ()
2026-01-16 16:15:28,896 [INFO] sqlalchemy.engine.Engine: PRAGMA main.table_info("proceso_fase_parametro")
2026-01-16 16:15:28,897 [INFO] sqlalchemy.engine.Engine: [raw sql] ()
2026-01-16 16:15:28,898 [INFO] sqlalchemy.engine.Engine: COMMIT
2026-01-16 16:15:29,222 [INFO] __main__: Iniciando la aplicación Autoclave...
2026-01-16 16:15:29,244 [INFO] autoclave: Iniciando SerialLink...
2026-01-16 16:15:30,514 [INFO] src.autoclave.services.control_loop: Iniciando el bucle de control...
2026-01-16 16:15:30,522 [INFO] autoclave: Iniciando SerialLink...
2026-01-16 16:15:30,526 [INFO] src.autoclave.services.control_loop: 🚀 Flujo de datos iniciado...
2026-01-16 16:15:31,595 [INFO] src.autoclave.ui.ui_main.main_window: ✅ Interfaz creada correctamente.
2026-01-16 16:25:02,792 [INFO] sqlalchemy.engine.Engine: BEGIN (implicit)
2026-01-16 16:25:02,794 [INFO] sqlalchemy.engine.Engine: PRAGMA main.table_info("ac_puerto")
2026-01-16 16:25:02,795 [INFO] sqlalchemy.engine.Engine: [raw sql] ()
2026-01-16 16:25:02,799 [INFO] sqlalchemy.engine.Engine: PRAGMA main.table_info("ac_pantalla_control")
2026-01-16 16:25:02,800 [INFO] sqlalchemy.engine.Engine: [raw sql] ()
2026-01-16 16:25:02,802 [INFO] sqlalchemy.engine.Engine: PRAGMA main.table_info("proceso_control")
2026-01-16 16:25:02,803 [INFO] sqlalchemy.engine.Engine: [raw sql] ()
2026-01-16 16:25:02,804 [INFO] sqlalchemy.engine.Engine: PRAGMA main.table_info("proceso_fase")
2026-01-16 16:25:02,805 [INFO] sqlalchemy.engine.Engine: [raw sql] ()
2026-01-16 16:25:02,806 [INFO] sqlalchemy.engine.Engine: PRAGMA main.table_info("proceso_fase_parametro")
2026-01-16 16:25:02,807 [INFO] sqlalchemy.engine.Engine: [raw sql] ()
2026-01-16 16:25:02,809 [INFO] sqlalchemy.engine.Engine: COMMIT
2026-01-16 16:25:03,207 [INFO] __main__: Iniciando la aplicación Autoclave...
2026-01-16 16:25:03,221 [INFO] autoclave: Iniciando SerialLink...
2026-01-16 16:25:03,370 [INFO] src.autoclave.services.control_loop: Iniciando el bucle de control...
2026-01-16 16:25:03,370 [WARNING] autoclave: No hay conexión serial activa para enviar comando.
2026-01-16 16:25:03,371 [WARNING] autoclave: No hay conexión serial activa para enviar comando.
2026-01-16 16:25:03,371 [WARNING] autoclave: No hay conexión serial activa para enviar comando.
2026-01-16 16:25:03,374 [INFO] autoclave: Iniciando SerialLink...
2026-01-16 16:25:03,375 [INFO] src.autoclave.services.control_loop: 🚀 Flujo de datos iniciado...
2026-01-16 16:25:03,746 [INFO] src.autoclave.ui.ui_main.main_window: ✅ Interfaz creada correctamente.
2026-01-16 16:25:03,872 [INFO] __main__: Puerta: DESCONOCIDO -> ABRIENDO
2026-01-16 16:26:53,623 [INFO] sqlalchemy.engine.Engine: BEGIN (implicit)
2026-01-16 16:26:53,623 [INFO] sqlalchemy.engine.Engine: PRAGMA main.table_info("ac_puerto")
2026-01-16 16:26:53,624 [INFO] sqlalchemy.engine.Engine: [raw sql] ()
2026-01-16 16:26:53,626 [INFO] sqlalchemy.engine.Engine: PRAGMA main.table_info("ac_pantalla_control")
2026-01-16 16:26:53,626 [INFO] sqlalchemy.engine.Engine: [raw sql] ()
2026-01-16 16:26:53,627 [INFO] sqlalchemy.engine.Engine: PRAGMA main.table_info("proceso_control")
2026-01-16 16:26:53,628 [INFO] sqlalchemy.engine.Engine: [raw sql] ()
2026-01-16 16:26:53,630 [INFO] sqlalchemy.engine.Engine: PRAGMA main.table_info("proceso_fase")
2026-01-16 16:26:53,630 [INFO] sqlalchemy.engine.Engine: [raw sql] ()
2026-01-16 16:26:53,632 [INFO] sqlalchemy.engine.Engine: PRAGMA main.table_info("proceso_fase_parametro")
2026-01-16 16:26:53,634 [INFO] sqlalchemy.engine.Engine: [raw sql] ()
2026-01-16 16:26:53,635 [INFO] sqlalchemy.engine.Engine: COMMIT
2026-01-16 16:26:54,057 [INFO] __main__: Iniciando la aplicación Autoclave...
2026-01-16 16:26:54,069 [INFO] autoclave: Iniciando SerialLink...
2026-01-16 16:26:54,238 [INFO] src.autoclave.services.control_loop: Iniciando el bucle de control...
2026-01-16 16:26:54,240 [WARNING] autoclave: No hay conexión serial activa para enviar comando.
2026-01-16 16:26:54,240 [WARNING] autoclave: No hay conexión serial activa para enviar comando.
2026-01-16 16:26:54,240 [WARNING] autoclave: No hay conexión serial activa para enviar comando.
2026-01-16 16:26:54,245 [INFO] autoclave: Iniciando SerialLink...
2026-01-16 16:26:54,246 [INFO] src.autoclave.services.control_loop: 🚀 Flujo de datos iniciado...
2026-01-16 16:26:54,575 [INFO] src.autoclave.ui.ui_main.main_window: ✅ Interfaz creada correctamente.
2026-01-16 16:26:54,741 [INFO] __main__: Puerta: DESCONOCIDO -> ABRIENDO
2026-01-16 16:26:54,742 [INFO] __main__: Puerta abriéndose...
2026-01-16 16:26:54,744 [WARNING] autoclave: No hay conexión serial activa para enviar comando.
2026-01-16 16:26:54,744 [WARNING] autoclave: No hay conexión serial activa para enviar comando.
2026-01-16 16:28:22,254 [INFO] sqlalchemy.engine.Engine: BEGIN (implicit)
2026-01-16 16:28:22,255 [INFO] sqlalchemy.engine.Engine: PRAGMA main.table_info("ac_puerto")
2026-01-16 16:28:22,255 [INFO] sqlalchemy.engine.Engine: [raw sql] ()
2026-01-16 16:28:22,256 [INFO] sqlalchemy.engine.Engine: PRAGMA main.table_info("ac_pantalla_control")
2026-01-16 16:28:22,257 [INFO] sqlalchemy.engine.Engine: [raw sql] ()
2026-01-16 16:28:22,258 [INFO] sqlalchemy.engine.Engine: PRAGMA main.table_info("proceso_control")
2026-01-16 16:28:22,258 [INFO] sqlalchemy.engine.Engine: [raw sql] ()
2026-01-16 16:28:22,259 [INFO] sqlalchemy.engine.Engine: PRAGMA main.table_info("proceso_fase")
2026-01-16 16:28:22,260 [INFO] sqlalchemy.engine.Engine: [raw sql] ()
2026-01-16 16:28:22,260 [INFO] sqlalchemy.engine.Engine: PRAGMA main.table_info("proceso_fase_parametro")
2026-01-16 16:28:22,261 [INFO] sqlalchemy.engine.Engine: [raw sql] ()
2026-01-16 16:28:22,262 [INFO] sqlalchemy.engine.Engine: COMMIT
2026-01-16 16:28:22,532 [INFO] __main__: Iniciando la aplicación Autoclave...
2026-01-16 16:28:22,548 [INFO] autoclave: Iniciando SerialLink...
2026-01-16 16:28:22,665 [INFO] src.autoclave.services.control_loop: Iniciando el bucle de control...
2026-01-16 16:28:22,666 [WARNING] autoclave: No hay conexión serial activa para enviar comando.
2026-01-16 16:28:22,666 [WARNING] autoclave: No hay conexión serial activa para enviar comando.
2026-01-16 16:28:22,667 [WARNING] autoclave: No hay conexión serial activa para enviar comando.
2026-01-16 16:28:22,673 [INFO] autoclave: Iniciando SerialLink...
2026-01-16 16:28:22,675 [INFO] src.autoclave.services.control_loop: 🚀 Flujo de datos iniciado...
2026-01-16 16:28:22,988 [INFO] src.autoclave.ui.ui_main.main_window: ✅ Interfaz creada correctamente.
2026-01-16 16:28:23,167 [INFO] __main__: Puerta: DESCONOCIDO -> ABRIENDO
2026-01-16 16:28:23,168 [INFO] __main__: Puerta abriéndose...
2026-01-16 16:28:23,169 [WARNING] autoclave: No hay conexión serial activa para enviar comando.
2026-01-16 16:28:23,169 [WARNING] autoclave: No hay conexión serial activa para enviar comando.
2026-01-16 16:28:23,169 [WARNING] autoclave: No hay conexión serial activa para enviar comando.
2026-01-16 16:28:23,670 [WARNING] autoclave: No hay conexión serial activa para enviar comando.
2026-01-16 16:28:23,671 [WARNING] autoclave: No hay conexión serial activa para enviar comando.
2026-01-16 16:28:23,672 [WARNING] autoclave: No hay conexión serial activa para enviar comando.
2026-01-16 16:28:24,173 [WARNING] autoclave: No hay conexión serial activa para enviar comando.
2026-01-16 16:28:24,174 [WARNING] autoclave: No hay conexión serial activa para enviar comando.
2026-01-16 16:28:24,174 [WARNING] autoclave: No hay conexión serial activa para enviar comando.
2026-01-16 16:28:24,676 [WARNING] autoclave: No hay conexión serial activa para enviar comando.
2026-01-16 16:28:24,677 [WARNING] autoclave: No hay conexión serial activa para enviar comando.
2026-01-16 16:28:24,677 [WARNING] autoclave: No hay conexión serial activa para enviar comando.
2026-01-16 16:28:25,179 [WARNING] autoclave: No hay conexión serial activa para enviar comando.
2026-01-16 16:28:25,180 [WARNING] autoclave: No hay conexión serial activa para enviar comando.
2026-01-16 16:28:25,180 [WARNING] autoclave: No hay conexión serial activa para enviar comando.
2026-01-16 16:28:25,682 [WARNING] autoclave: No hay conexión serial activa para enviar comando.
2026-01-16 16:28:25,682 [WARNING] autoclave: No hay conexión serial activa para enviar comando.
2026-01-16 16:28:25,683 [WARNING] autoclave: No hay conexión serial activa para enviar comando.
2026-01-16 16:28:26,184 [WARNING] autoclave: No hay conexión serial activa para enviar comando.
2026-01-16 16:28:26,185 [WARNING] autoclave: No hay conexión serial activa para enviar comando.
2026-01-16 16:28:26,186 [WARNING] autoclave: No hay conexión serial activa para enviar comando.
2026-01-16 16:28:26,687 [WARNING] autoclave: No hay conexión serial activa para enviar comando.
2026-01-16 16:28:26,689 [WARNING] autoclave: No hay conexión serial activa para enviar comando.
2026-01-16 16:28:26,690 [WARNING] autoclave: No hay conexión serial activa para enviar comando.
2026-01-16 16:28:27,192 [WARNING] autoclave: No hay conexión serial activa para enviar comando.
2026-01-16 16:28:27,193 [WARNING] autoclave: No hay conexión serial activa para enviar comando.
2026-01-16 16:28:27,194 [WARNING] autoclave: No hay conexión serial activa para enviar comando.
2026-01-16 16:28:27,695 [WARNING] autoclave: No hay conexión serial activa para enviar comando.
2026-01-16 16:28:27,697 [WARNING] autoclave: No hay conexión serial activa para enviar comando.
2026-01-16 16:28:27,698 [WARNING] autoclave: No hay conexión serial activa para enviar comando.
2026-01-16 16:28:28,200 [WARNING] autoclave: No hay conexión serial activa para enviar comando.
2026-01-16 16:28:28,201 [WARNING] autoclave: No hay conexión serial activa para enviar comando.
2026-01-16 16:28:28,202 [WARNING] autoclave: No hay conexión serial activa para enviar comando.
2026-01-16 16:28:28,703 [WARNING] autoclave: No hay conexión serial activa para enviar comando.
2026-01-16 16:28:28,703 [WARNING] autoclave: No hay conexión serial activa para enviar comando.
2026-01-16 16:28:28,704 [WARNING] autoclave: No hay conexión serial activa para enviar comando.
2026-01-16 16:28:29,205 [WARNING] autoclave: No hay conexión serial activa para enviar comando.
2026-01-16 16:28:29,205 [WARNING] autoclave: No hay conexión serial activa para enviar comando.
2026-01-16 16:28:29,206 [WARNING] autoclave: No hay conexión serial activa para enviar comando.
2026-01-16 16:28:29,707 [WARNING] autoclave: No hay conexión serial activa para enviar comando.
2026-01-16 16:28:29,708 [WARNING] autoclave: No hay conexión serial activa para enviar comando.
2026-01-16 16:28:29,709 [WARNING] autoclave: No hay conexión serial activa para enviar comando.
2026-01-16 16:28:30,211 [WARNING] autoclave: No hay conexión serial activa para enviar comando.
2026-01-16 16:28:30,212 [WARNING] autoclave: No hay conexión serial activa para enviar comando.
2026-01-16 16:28:30,212 [WARNING] autoclave: No hay conexión serial activa para enviar comando.
2026-01-16 16:28:30,713 [WARNING] autoclave: No hay conexión serial activa para enviar comando.
2026-01-16 16:28:30,714 [WARNING] autoclave: No hay conexión serial activa para enviar comando.
2026-01-16 16:28:30,714 [WARNING] autoclave: No hay conexión serial activa para enviar comando.
2026-01-16 16:28:31,215 [WARNING] autoclave: No hay conexión serial activa para enviar comando.
2026-01-16 16:28:31,216 [WARNING] autoclave: No hay conexión serial activa para enviar comando.
2026-01-16 16:28:31,217 [WARNING] autoclave: No hay conexión serial activa para enviar comando.
2026-01-16 16:28:31,718 [WARNING] autoclave: No hay conexión serial activa para enviar comando.
2026-01-16 16:28:31,719 [WARNING] autoclave: No hay conexión serial activa para enviar comando.
2026-01-16 16:28:31,719 [WARNING] autoclave: No hay conexión serial activa para enviar comando.
2026-01-16 16:28:32,220 [WARNING] autoclave: No hay conexión serial activa para enviar comando.
2026-01-16 16:28:32,221 [WARNING] autoclave: No hay conexión serial activa para enviar comando.
2026-01-16 16:28:32,221 [WARNING] autoclave: No hay conexión serial activa para enviar comando.
2026-01-16 16:28:32,722 [WARNING] autoclave: No hay conexión serial activa para enviar comando.
2026-01-16 16:28:32,723 [WARNING] autoclave: No hay conexión serial activa para enviar comando.
2026-01-16 16:28:32,723 [WARNING] autoclave: No hay conexión serial activa para enviar comando.
2026-01-16 16:28:33,224 [WARNING] autoclave: No hay conexión serial activa para enviar comando.
2026-01-16 16:28:33,225 [WARNING] autoclave: No hay conexión serial activa para enviar comando.
2026-01-16 16:28:33,226 [WARNING] autoclave: No hay conexión serial activa para enviar comando.
2026-01-16 16:28:33,727 [WARNING] autoclave: No hay conexión serial activa para enviar comando.
2026-01-16 16:28:33,728 [WARNING] autoclave: No hay conexión serial activa para enviar comando.
2026-01-16 16:28:33,728 [WARNING] autoclave: No hay conexión serial activa para enviar comando.
2026-01-16 16:28:34,230 [WARNING] autoclave: No hay conexión serial activa para enviar comando.
2026-01-16 16:28:34,230 [WARNING] autoclave: No hay conexión serial activa para enviar comando.
2026-01-16 16:28:34,231 [WARNING] autoclave: No hay conexión serial activa para enviar comando.
2026-01-16 16:28:34,731 [WARNING] autoclave: No hay conexión serial activa para enviar comando.
2026-01-16 16:28:34,732 [WARNING] autoclave: No hay conexión serial activa para enviar comando.
2026-01-16 16:28:34,733 [WARNING] autoclave: No hay conexión serial activa para enviar comando.
2026-01-16 16:28:35,235 [WARNING] autoclave: No hay conexión serial activa para enviar comando.
2026-01-16 16:28:35,236 [WARNING] autoclave: No hay conexión serial activa para enviar comando.
2026-01-16 16:28:35,238 [WARNING] autoclave: No hay conexión serial activa para enviar comando.
2026-01-16 16:28:35,740 [WARNING] autoclave: No hay conexión serial activa para enviar comando.
2026-01-16 16:28:35,741 [WARNING] autoclave: No hay conexión serial activa para enviar comando.
2026-01-16 16:28:35,743 [WARNING] autoclave: No hay conexión serial activa para enviar comando.
2026-01-16 16:28:36,244 [WARNING] autoclave: No hay conexión serial activa para enviar comando.
2026-01-16 16:28:36,245 [WARNING] autoclave: No hay conexión serial activa para enviar comando.
2026-01-16 16:28:36,246 [WARNING] autoclave: No hay conexión serial activa para enviar comando.
2026-01-16 16:28:36,748 [WARNING] autoclave: No hay conexión serial activa para enviar comando.
2026-01-16 16:28:36,748 [WARNING] autoclave: No hay conexión serial activa para enviar comando.
2026-01-16 16:28:36,749 [WARNING] autoclave: No hay conexión serial activa para enviar comando.
2026-01-16 16:28:37,252 [WARNING] autoclave: No hay conexión serial activa para enviar comando.
2026-01-16 16:28:37,256 [WARNING] autoclave: No hay conexión serial activa para enviar comando.
2026-01-16 16:28:37,256 [WARNING] autoclave: No hay conexión serial activa para enviar comando.
2026-01-16 16:28:37,758 [WARNING] autoclave: No hay conexión serial activa para enviar comando.
2026-01-16 16:28:37,760 [WARNING] autoclave: No hay conexión serial activa para enviar comando.
2026-01-16 16:28:37,760 [WARNING] autoclave: No hay conexión serial activa para enviar comando.
2026-01-16 16:28:38,261 [WARNING] autoclave: No hay conexión serial activa para enviar comando.
2026-01-16 16:28:38,262 [WARNING] autoclave: No hay conexión serial activa para enviar comando.
2026-01-16 16:28:38,263 [WARNING] autoclave: No hay conexión serial activa para enviar comando.
2026-01-16 16:28:38,764 [WARNING] autoclave: No hay conexión serial activa para enviar comando.
2026-01-16 16:28:38,765 [WARNING] autoclave: No hay conexión serial activa para enviar comando.
2026-01-16 16:28:38,766 [WARNING] autoclave: No hay conexión serial activa para enviar comando.
2026-01-16 16:30:10,760 [INFO] sqlalchemy.engine.Engine: BEGIN (implicit)
2026-01-16 16:30:10,761 [INFO] sqlalchemy.engine.Engine: PRAGMA main.table_info("ac_puerto")
2026-01-16 16:30:10,761 [INFO] sqlalchemy.engine.Engine: [raw sql] ()
2026-01-16 16:30:10,763 [INFO] sqlalchemy.engine.Engine: PRAGMA main.table_info("ac_pantalla_control")
2026-01-16 16:30:10,764 [INFO] sqlalchemy.engine.Engine: [raw sql] ()
2026-01-16 16:30:10,766 [INFO] sqlalchemy.engine.Engine: PRAGMA main.table_info("proceso_control")
2026-01-16 16:30:10,767 [INFO] sqlalchemy.engine.Engine: [raw sql] ()
2026-01-16 16:30:10,769 [INFO] sqlalchemy.engine.Engine: PRAGMA main.table_info("proceso_fase")
2026-01-16 16:30:10,769 [INFO] sqlalchemy.engine.Engine: [raw sql] ()
2026-01-16 16:30:10,770 [INFO] sqlalchemy.engine.Engine: PRAGMA main.table_info("proceso_fase_parametro")
2026-01-16 16:30:10,770 [INFO] sqlalchemy.engine.Engine: [raw sql] ()
2026-01-16 16:30:10,772 [INFO] sqlalchemy.engine.Engine: COMMIT
2026-01-16 16:30:11,043 [INFO] __main__: Iniciando la aplicación Autoclave...
2026-01-16 16:30:11,056 [INFO] autoclave: Iniciando SerialLink...
2026-01-16 16:30:11,149 [INFO] src.autoclave.services.control_loop: Iniciando el bucle de control...
2026-01-16 16:30:11,149 [WARNING] autoclave: No hay conexión serial activa para enviar comando.
2026-01-16 16:30:11,150 [WARNING] autoclave: No hay conexión serial activa para enviar comando.
2026-01-16 16:30:11,150 [WARNING] autoclave: No hay conexión serial activa para enviar comando.
2026-01-16 16:30:11,155 [INFO] autoclave: Iniciando SerialLink...
2026-01-16 16:30:11,155 [INFO] autoclave: Conectado a ESP32 en COM3
2026-01-16 16:30:11,157 [INFO] src.autoclave.services.control_loop: 🚀 Flujo de datos iniciado...
2026-01-16 16:30:11,164 [WARNING] autoclave: No se pudo abrir el puerto COM3: could not open port 'COM3': PermissionError(13, 'Acceso denegado.', None, 5)
2026-01-16 16:30:11,499 [INFO] src.autoclave.ui.ui_main.main_window: ✅ Interfaz creada correctamente.
2026-01-16 16:30:11,651 [INFO] __main__: Puerta: DESCONOCIDO -> ABRIENDO
2026-01-16 16:30:11,652 [INFO] __main__: Puerta abriéndose...
2026-01-16 16:30:12,659 [INFO] __main__: Puerta: ABRIENDO -> ABIERTO
2026-01-16 16:30:12,660 [INFO] __main__: Puerta abierta.
2026-01-16 16:30:14,171 [WARNING] autoclave: No se pudo abrir el puerto COM3: could not open port 'COM3': PermissionError(13, 'Acceso denegado.', None, 5)
2026-01-16 16:30:17,185 [WARNING] autoclave: No se pudo abrir el puerto COM3: could not open port 'COM3': PermissionError(13, 'Acceso denegado.', None, 5)
2026-01-16 16:30:20,197 [WARNING] autoclave: No se pudo abrir el puerto COM3: could not open port 'COM3': PermissionError(13, 'Acceso denegado.', None, 5)
2026-01-16 16:30:23,207 [WARNING] autoclave: No se pudo abrir el puerto COM3: could not open port 'COM3': PermissionError(13, 'Acceso denegado.', None, 5)
2026-01-16 16:30:26,218 [WARNING] autoclave: No se pudo abrir el puerto COM3: could not open port 'COM3': PermissionError(13, 'Acceso denegado.', None, 5)
2026-01-16 16:30:29,228 [WARNING] autoclave: No se pudo abrir el puerto COM3: could not open port 'COM3': PermissionError(13, 'Acceso denegado.', None, 5)
2026-01-16 16:30:32,237 [WARNING] autoclave: No se pudo abrir el puerto COM3: could not open port 'COM3': PermissionError(13, 'Acceso denegado.', None, 5)
2026-01-16 16:31:31,421 [INFO] sqlalchemy.engine.Engine: BEGIN (implicit)
2026-01-16 16:31:31,422 [INFO] sqlalchemy.engine.Engine: PRAGMA main.table_info("ac_puerto")
2026-01-16 16:31:31,422 [INFO] sqlalchemy.engine.Engine: [raw sql] ()
2026-01-16 16:31:31,424 [INFO] sqlalchemy.engine.Engine: PRAGMA main.table_info("ac_pantalla_control")
2026-01-16 16:31:31,425 [INFO] sqlalchemy.engine.Engine: [raw sql] ()
2026-01-16 16:31:31,426 [INFO] sqlalchemy.engine.Engine: PRAGMA main.table_info("proceso_control")
2026-01-16 16:31:31,427 [INFO] sqlalchemy.engine.Engine: [raw sql] ()
2026-01-16 16:31:31,428 [INFO] sqlalchemy.engine.Engine: PRAGMA main.table_info("proceso_fase")
2026-01-16 16:31:31,428 [INFO] sqlalchemy.engine.Engine: [raw sql] ()
2026-01-16 16:31:31,429 [INFO] sqlalchemy.engine.Engine: PRAGMA main.table_info("proceso_fase_parametro")
2026-01-16 16:31:31,429 [INFO] sqlalchemy.engine.Engine: [raw sql] ()
2026-01-16 16:31:31,430 [INFO] sqlalchemy.engine.Engine: COMMIT
2026-01-16 16:31:31,685 [INFO] __main__: Iniciando la aplicación Autoclave...
2026-01-16 16:31:31,702 [INFO] autoclave: Iniciando SerialLink...
2026-01-16 16:31:31,798 [INFO] src.autoclave.services.control_loop: Iniciando el bucle de control...
2026-01-16 16:31:31,799 [WARNING] autoclave: No hay conexión serial activa para enviar comando.
2026-01-16 16:31:31,800 [WARNING] autoclave: No hay conexión serial activa para enviar comando.
2026-01-16 16:31:31,800 [WARNING] autoclave: No hay conexión serial activa para enviar comando.
2026-01-16 16:31:31,803 [INFO] autoclave: Conectado a ESP32 en COM3
2026-01-16 16:31:31,805 [INFO] autoclave: Iniciando SerialLink...
2026-01-16 16:31:31,806 [INFO] src.autoclave.services.control_loop: 🚀 Flujo de datos iniciado...
2026-01-16 16:31:31,814 [WARNING] autoclave: No se pudo abrir el puerto COM3: could not open port 'COM3': PermissionError(13, 'Acceso denegado.', None, 5)
2026-01-16 16:31:32,120 [INFO] src.autoclave.ui.ui_main.main_window: ✅ Interfaz creada correctamente.
2026-01-16 16:31:32,300 [INFO] __main__: Puerta: DESCONOCIDO -> ABRIENDO
2026-01-16 16:31:32,301 [INFO] __main__: Puerta abriéndose...
2026-01-16 16:31:34,822 [WARNING] autoclave: No se pudo abrir el puerto COM3: could not open port 'COM3': PermissionError(13, 'Acceso denegado.', None, 5)
2026-01-16 16:31:37,832 [WARNING] autoclave: No se pudo abrir el puerto COM3: could not open port 'COM3': PermissionError(13, 'Acceso denegado.', None, 5)
2026-01-16 16:31:40,845 [WARNING] autoclave: No se pudo abrir el puerto COM3: could not open port 'COM3': PermissionError(13, 'Acceso denegado.', None, 5)
2026-01-16 16:31:43,854 [WARNING] autoclave: No se pudo abrir el puerto COM3: could not open port 'COM3': PermissionError(13, 'Acceso denegado.', None, 5)
2026-01-16 16:31:46,863 [WARNING] autoclave: No se pudo abrir el puerto COM3: could not open port 'COM3': PermissionError(13, 'Acceso denegado.', None, 5)
2026-01-16 16:31:49,874 [WARNING] autoclave: No se pudo abrir el puerto COM3: could not open port 'COM3': PermissionError(13, 'Acceso denegado.', None, 5)
2026-01-16 16:31:52,884 [WARNING] autoclave: No se pudo abrir el puerto COM3: could not open port 'COM3': PermissionError(13, 'Acceso denegado.', None, 5)
2026-01-16 16:31:55,654 [INFO] src.autoclave.ui.ui_main.main_window: ⏻ Apagando equipo...
2026-01-16 16:31:55,897 [WARNING] autoclave: No se pudo abrir el puerto COM3: could not open port 'COM3': PermissionError(13, 'Acceso denegado.', None, 5)
2026-01-16 16:31:58,771 [INFO] __main__: Cerrando la aplicación Autoclave...
2026-01-16 16:31:58,772 [INFO] autoclave: Deteniendo SerialLink...
2026-01-16 16:31:58,898 [INFO] src.autoclave.services.control_loop: Flujo de datos detenido.
2026-01-16 16:31:58,899 [INFO] autoclave: Deteniendo SerialLink...
2026-01-16 16:31:59,964 [INFO] autoclave: Puerto serial cerrado.
2026-01-16 16:50:30,240 [INFO] sqlalchemy.engine.Engine: BEGIN (implicit)
2026-01-16 16:50:30,243 [INFO] sqlalchemy.engine.Engine: PRAGMA main.table_info("ac_puerto")
2026-01-16 16:50:30,243 [INFO] sqlalchemy.engine.Engine: [raw sql] ()
2026-01-16 16:50:30,249 [INFO] sqlalchemy.engine.Engine: PRAGMA main.table_info("ac_pantalla_control")
2026-01-16 16:50:30,249 [INFO] sqlalchemy.engine.Engine: [raw sql] ()
2026-01-16 16:50:30,250 [INFO] sqlalchemy.engine.Engine: PRAGMA main.table_info("proceso_control")
2026-01-16 16:50:30,251 [INFO] sqlalchemy.engine.Engine: [raw sql] ()
2026-01-16 16:50:30,251 [INFO] sqlalchemy.engine.Engine: PRAGMA main.table_info("proceso_fase")
2026-01-16 16:50:30,252 [INFO] sqlalchemy.engine.Engine: [raw sql] ()
2026-01-16 16:50:30,253 [INFO] sqlalchemy.engine.Engine: PRAGMA main.table_info("proceso_fase_parametro")
2026-01-16 16:50:30,253 [INFO] sqlalchemy.engine.Engine: [raw sql] ()
2026-01-16 16:50:30,254 [INFO] sqlalchemy.engine.Engine: COMMIT
2026-01-16 16:50:30,747 [INFO] __main__: Iniciando la aplicación Autoclave...
2026-01-16 16:50:30,773 [INFO] autoclave: Iniciando SerialLink...
2026-01-16 16:50:30,990 [INFO] src.autoclave.services.control_loop: Iniciando el bucle de control...
2026-01-16 16:50:30,991 [WARNING] autoclave: No hay conexión serial activa para enviar comando.
2026-01-16 16:50:30,992 [WARNING] autoclave: No hay conexión serial activa para enviar comando.
2026-01-16 16:50:30,992 [WARNING] autoclave: No hay conexión serial activa para enviar comando.
2026-01-16 16:50:30,996 [INFO] autoclave: Conectado a ESP32 en COM3
2026-01-16 16:50:31,405 [INFO] src.autoclave.ui.ui_main.main_window: ✅ Interfaz creada correctamente.
2026-01-16 16:50:31,493 [INFO] __main__: Puerta: DESCONOCIDO -> ABRIENDO
2026-01-16 16:50:31,493 [INFO] __main__: Puerta abriéndose...
2026-01-16 16:50:53,589 [INFO] __main__: Puerta: ABRIENDO -> ABIERTO
2026-01-16 16:50:53,590 [INFO] __main__: Puerta abierta.
2026-01-16 16:53:05,489 [INFO] src.autoclave.ui.ui_main.main_window: ⏻ Apagando equipo...
2026-01-16 16:53:08,567 [INFO] __main__: Cerrando la aplicación Autoclave...
2026-01-16 16:53:08,570 [INFO] src.autoclave.services.control_loop: Flujo de datos detenido.
2026-01-16 16:53:08,571 [INFO] autoclave: Deteniendo SerialLink...
2026-01-16 16:53:09,703 [INFO] autoclave: Puerto serial cerrado.
2026-01-16 16:53:49,850 [INFO] sqlalchemy.engine.Engine: BEGIN (implicit)
2026-01-16 16:53:49,851 [INFO] sqlalchemy.engine.Engine: PRAGMA main.table_info("ac_puerto")
2026-01-16 16:53:49,851 [INFO] sqlalchemy.engine.Engine: [raw sql] ()
2026-01-16 16:53:49,852 [INFO] sqlalchemy.engine.Engine: PRAGMA main.table_info("ac_pantalla_control")
2026-01-16 16:53:49,853 [INFO] sqlalchemy.engine.Engine: [raw sql] ()
2026-01-16 16:53:49,854 [INFO] sqlalchemy.engine.Engine: PRAGMA main.table_info("proceso_control")
2026-01-16 16:53:49,854 [INFO] sqlalchemy.engine.Engine: [raw sql] ()
2026-01-16 16:53:49,855 [INFO] sqlalchemy.engine.Engine: PRAGMA main.table_info("proceso_fase")
2026-01-16 16:53:49,856 [INFO] sqlalchemy.engine.Engine: [raw sql] ()
2026-01-16 16:53:49,856 [INFO] sqlalchemy.engine.Engine: PRAGMA main.table_info("proceso_fase_parametro")
2026-01-16 16:53:49,857 [INFO] sqlalchemy.engine.Engine: [raw sql] ()
2026-01-16 16:53:49,858 [INFO] sqlalchemy.engine.Engine: COMMIT
2026-01-16 16:53:50,238 [INFO] __main__: Iniciando la aplicación Autoclave...
2026-01-16 16:53:50,259 [INFO] autoclave: Iniciando SerialLink...
2026-01-16 16:53:50,261 [INFO] src.autoclave.services.control_loop: Iniciando el bucle de control...
2026-01-16 16:53:50,429 [WARNING] autoclave: No hay conexión serial activa para enviar comando.
2026-01-16 16:53:50,430 [WARNING] autoclave: No hay conexión serial activa para enviar comando.
2026-01-16 16:53:50,430 [WARNING] autoclave: No hay conexión serial activa para enviar comando.
2026-01-16 16:53:50,436 [INFO] autoclave: Conectado a ESP32 en COM3
2026-01-16 16:53:50,771 [INFO] src.autoclave.ui.ui_main.main_window: ✅ Interfaz creada correctamente.
2026-01-16 16:53:50,932 [INFO] __main__: Puerta: DESCONOCIDO -> ABRIENDO
2026-01-16 16:53:50,933 [INFO] __main__: Puerta abriéndose...
2026-01-16 17:00:23,634 [INFO] sqlalchemy.engine.Engine: BEGIN (implicit)
2026-01-16 17:00:23,635 [INFO] sqlalchemy.engine.Engine: PRAGMA main.table_info("ac_puerto")
2026-01-16 17:00:23,635 [INFO] sqlalchemy.engine.Engine: [raw sql] ()
2026-01-16 17:00:23,637 [INFO] sqlalchemy.engine.Engine: PRAGMA main.table_info("ac_pantalla_control")
2026-01-16 17:00:23,638 [INFO] sqlalchemy.engine.Engine: [raw sql] ()
2026-01-16 17:00:23,638 [INFO] sqlalchemy.engine.Engine: PRAGMA main.table_info("proceso_control")
2026-01-16 17:00:23,638 [INFO] sqlalchemy.engine.Engine: [raw sql] ()
2026-01-16 17:00:23,639 [INFO] sqlalchemy.engine.Engine: PRAGMA main.table_info("proceso_fase")
2026-01-16 17:00:23,639 [INFO] sqlalchemy.engine.Engine: [raw sql] ()
2026-01-16 17:00:23,639 [INFO] sqlalchemy.engine.Engine: PRAGMA main.table_info("proceso_fase_parametro")
2026-01-16 17:00:23,640 [INFO] sqlalchemy.engine.Engine: [raw sql] ()
2026-01-16 17:00:23,644 [INFO] sqlalchemy.engine.Engine: COMMIT
2026-01-16 17:00:23,913 [INFO] __main__: Iniciando la aplicación Autoclave...
2026-01-16 17:00:23,926 [INFO] autoclave: Iniciando SerialLink...
2026-01-16 17:00:24,019 [INFO] src.autoclave.services.control_loop: Iniciando el bucle de control...
2026-01-16 17:00:24,020 [WARNING] autoclave: No hay conexión serial activa para enviar comando.
2026-01-16 17:00:24,020 [WARNING] autoclave: No hay conexión serial activa para enviar comando.
2026-01-16 17:00:24,021 [WARNING] autoclave: No hay conexión serial activa para enviar comando.
2026-01-16 17:00:24,026 [INFO] autoclave: Conectado a ESP32 en COM3
2026-01-16 17:00:24,331 [INFO] src.autoclave.ui.ui_main.main_window: ✅ Interfaz creada correctamente.
2026-01-16 17:00:24,521 [INFO] __main__: Puerta: DESCONOCIDO -> ABRIENDO
2026-01-16 17:00:24,522 [INFO] __main__: Puerta abriéndose...
2026-01-16 17:00:27,344 [INFO] src.autoclave.ui.ui_main.main_window: ⏻ Apagando equipo...
2026-01-16 17:00:30,417 [INFO] __main__: Cerrando la aplicación Autoclave...
2026-01-16 17:00:30,418 [INFO] src.autoclave.services.control_loop: Flujo de datos detenido.
2026-01-16 17:00:30,418 [INFO] autoclave: Deteniendo SerialLink...
2026-01-16 17:00:31,616 [INFO] autoclave: Puerto serial cerrado.
2026-01-16 17:01:05,128 [INFO] sqlalchemy.engine.Engine: BEGIN (implicit)
2026-01-16 17:01:05,129 [INFO] sqlalchemy.engine.Engine: PRAGMA main.table_info("ac_puerto")
2026-01-16 17:01:05,129 [INFO] sqlalchemy.engine.Engine: [raw sql] ()
2026-01-16 17:01:05,131 [INFO] sqlalchemy.engine.Engine: PRAGMA main.table_info("ac_pantalla_control")
2026-01-16 17:01:05,131 [INFO] sqlalchemy.engine.Engine: [raw sql] ()
2026-01-16 17:01:05,132 [INFO] sqlalchemy.engine.Engine: PRAGMA main.table_info("proceso_control")
2026-01-16 17:01:05,132 [INFO] sqlalchemy.engine.Engine: [raw sql] ()
2026-01-16 17:01:05,132 [INFO] sqlalchemy.engine.Engine: PRAGMA main.table_info("proceso_fase")
2026-01-16 17:01:05,133 [INFO] sqlalchemy.engine.Engine: [raw sql] ()
2026-01-16 17:01:05,134 [INFO] sqlalchemy.engine.Engine: PRAGMA main.table_info("proceso_fase_parametro")
2026-01-16 17:01:05,135 [INFO] sqlalchemy.engine.Engine: [raw sql] ()
2026-01-16 17:01:05,136 [INFO] sqlalchemy.engine.Engine: COMMIT
2026-01-16 17:01:05,391 [INFO] __main__: Iniciando la aplicación Autoclave...
2026-01-16 17:01:05,406 [INFO] autoclave: Iniciando SerialLink...
2026-01-16 17:01:05,526 [INFO] src.autoclave.services.control_loop: Iniciando el bucle de control...
2026-01-16 17:01:05,527 [WARNING] autoclave: No hay conexión serial activa para enviar comando.
2026-01-16 17:01:05,527 [WARNING] autoclave: No hay conexión serial activa para enviar comando.
2026-01-16 17:01:05,527 [WARNING] autoclave: No hay conexión serial activa para enviar comando.
2026-01-16 17:01:05,533 [INFO] autoclave: Conectado a ESP32 en COM3
2026-01-16 17:01:05,902 [INFO] src.autoclave.ui.ui_main.main_window: ✅ Interfaz creada correctamente.
2026-01-16 17:01:06,028 [INFO] __main__: Puerta: DESCONOCIDO -> ABRIENDO
2026-01-16 17:01:06,029 [INFO] __main__: Puerta abriéndose...
2026-01-16 17:01:08,298 [INFO] src.autoclave.ui.ui_main.main_window: ⏻ Apagando equipo...
2026-01-16 17:01:11,382 [INFO] __main__: Cerrando la aplicación Autoclave...
2026-01-16 17:01:11,383 [INFO] src.autoclave.services.control_loop: Flujo de datos detenido.
2026-01-16 17:01:11,384 [INFO] autoclave: Deteniendo SerialLink...
2026-01-16 17:01:11,757 [INFO] autoclave: Puerto serial cerrado.
2026-01-16 17:01:52,394 [INFO] sqlalchemy.engine.Engine: BEGIN (implicit)
2026-01-16 17:01:52,395 [INFO] sqlalchemy.engine.Engine: PRAGMA main.table_info("ac_puerto")
2026-01-16 17:01:52,396 [INFO] sqlalchemy.engine.Engine: [raw sql] ()
2026-01-16 17:01:52,397 [INFO] sqlalchemy.engine.Engine: PRAGMA main.table_info("ac_pantalla_control")
2026-01-16 17:01:52,397 [INFO] sqlalchemy.engine.Engine: [raw sql] ()
2026-01-16 17:01:52,398 [INFO] sqlalchemy.engine.Engine: PRAGMA main.table_info("proceso_control")
2026-01-16 17:01:52,399 [INFO] sqlalchemy.engine.Engine: [raw sql] ()
2026-01-16 17:01:52,399 [INFO] sqlalchemy.engine.Engine: PRAGMA main.table_info("proceso_fase")
2026-01-16 17:01:52,400 [INFO] sqlalchemy.engine.Engine: [raw sql] ()
2026-01-16 17:01:52,400 [INFO] sqlalchemy.engine.Engine: PRAGMA main.table_info("proceso_fase_parametro")
2026-01-16 17:01:52,401 [INFO] sqlalchemy.engine.Engine: [raw sql] ()
2026-01-16 17:01:52,402 [INFO] sqlalchemy.engine.Engine: COMMIT
2026-01-16 17:01:52,579 [INFO] __main__: Iniciando la aplicación Autoclave...
2026-01-16 17:01:52,589 [INFO] autoclave: Iniciando SerialLink...
2026-01-16 17:01:52,701 [INFO] src.autoclave.services.control_loop: Iniciando el bucle de control...
2026-01-16 17:01:52,701 [WARNING] autoclave: No hay conexión serial activa para enviar comando.
2026-01-16 17:01:52,702 [WARNING] autoclave: No hay conexión serial activa para enviar comando.
2026-01-16 17:01:52,702 [WARNING] autoclave: No hay conexión serial activa para enviar comando.
2026-01-16 17:01:52,706 [INFO] autoclave: Conectado a ESP32 en COM3
2026-01-16 17:01:53,015 [INFO] src.autoclave.ui.ui_main.main_window: ✅ Interfaz creada correctamente.
2026-01-16 17:01:53,203 [INFO] __main__: Puerta: DESCONOCIDO -> ABRIENDO
2026-01-16 17:01:53,204 [INFO] __main__: Puerta abriéndose...
2026-01-16 17:01:54,661 [INFO] src.autoclave.ui.ui_main.main_window: ⏻ Apagando equipo...
2026-01-16 17:01:57,732 [INFO] __main__: Cerrando la aplicación Autoclave...
2026-01-16 17:01:57,733 [INFO] src.autoclave.services.control_loop: Flujo de datos detenido.
2026-01-16 17:01:57,733 [INFO] autoclave: Deteniendo SerialLink...
2026-01-16 17:01:58,709 [INFO] autoclave: Puerto serial cerrado.
2026-01-16 17:05:09,713 [INFO] sqlalchemy.engine.Engine: BEGIN (implicit)
2026-01-16 17:05:09,714 [INFO] sqlalchemy.engine.Engine: PRAGMA main.table_info("ac_puerto")
2026-01-16 17:05:09,715 [INFO] sqlalchemy.engine.Engine: [raw sql] ()
2026-01-16 17:05:09,716 [INFO] sqlalchemy.engine.Engine: PRAGMA main.table_info("ac_pantalla_control")
2026-01-16 17:05:09,717 [INFO] sqlalchemy.engine.Engine: [raw sql] ()
2026-01-16 17:05:09,718 [INFO] sqlalchemy.engine.Engine: PRAGMA main.table_info("proceso_control")
2026-01-16 17:05:09,718 [INFO] sqlalchemy.engine.Engine: [raw sql] ()
2026-01-16 17:05:09,720 [INFO] sqlalchemy.engine.Engine: PRAGMA main.table_info("proceso_fase")
2026-01-16 17:05:09,721 [INFO] sqlalchemy.engine.Engine: [raw sql] ()
2026-01-16 17:05:09,722 [INFO] sqlalchemy.engine.Engine: PRAGMA main.table_info("proceso_fase_parametro")
2026-01-16 17:05:09,723 [INFO] sqlalchemy.engine.Engine: [raw sql] ()
2026-01-16 17:05:09,723 [INFO] sqlalchemy.engine.Engine: COMMIT
2026-01-16 17:05:09,987 [INFO] __main__: Iniciando la aplicación Autoclave...
2026-01-16 17:05:10,002 [INFO] autoclave: Iniciando SerialLink...
2026-01-16 17:05:10,159 [INFO] src.autoclave.services.control_loop: Iniciando el bucle de control...
2026-01-16 17:05:10,159 [WARNING] autoclave: No hay conexión serial activa para enviar comando.
2026-01-16 17:05:10,160 [WARNING] autoclave: No hay conexión serial activa para enviar comando.
2026-01-16 17:05:10,160 [WARNING] autoclave: No hay conexión serial activa para enviar comando.
2026-01-16 17:05:10,164 [INFO] autoclave: Conectado a ESP32 en COM3
2026-01-16 17:05:10,526 [INFO] src.autoclave.ui.ui_main.main_window: ✅ Interfaz creada correctamente.
2026-01-16 17:05:10,661 [INFO] __main__: Puerta: DESCONOCIDO -> ABRIENDO
2026-01-16 17:05:10,661 [INFO] __main__: Puerta abriéndose...
2026-01-16 17:05:14,101 [INFO] src.autoclave.ui.ui_main.main_window: ⏻ Apagando equipo...
2026-01-16 17:05:17,246 [INFO] __main__: Cerrando la aplicación Autoclave...
2026-01-16 17:05:17,280 [INFO] src.autoclave.services.control_loop: Flujo de datos detenido.
2026-01-16 17:05:17,280 [INFO] autoclave: Deteniendo SerialLink...
2026-01-16 17:05:18,591 [INFO] autoclave: Puerto serial cerrado.
2026-01-16 17:05:44,062 [INFO] sqlalchemy.engine.Engine: BEGIN (implicit)
2026-01-16 17:05:44,062 [INFO] sqlalchemy.engine.Engine: PRAGMA main.table_info("ac_puerto")
2026-01-16 17:05:44,063 [INFO] sqlalchemy.engine.Engine: [raw sql] ()
2026-01-16 17:05:44,065 [INFO] sqlalchemy.engine.Engine: PRAGMA main.table_info("ac_pantalla_control")
2026-01-16 17:05:44,065 [INFO] sqlalchemy.engine.Engine: [raw sql] ()
2026-01-16 17:05:44,066 [INFO] sqlalchemy.engine.Engine: PRAGMA main.table_info("proceso_control")
2026-01-16 17:05:44,066 [INFO] sqlalchemy.engine.Engine: [raw sql] ()
2026-01-16 17:05:44,067 [INFO] sqlalchemy.engine.Engine: PRAGMA main.table_info("proceso_fase")
2026-01-16 17:05:44,067 [INFO] sqlalchemy.engine.Engine: [raw sql] ()
2026-01-16 17:05:44,068 [INFO] sqlalchemy.engine.Engine: PRAGMA main.table_info("proceso_fase_parametro")
2026-01-16 17:05:44,068 [INFO] sqlalchemy.engine.Engine: [raw sql] ()
2026-01-16 17:05:44,069 [INFO] sqlalchemy.engine.Engine: COMMIT
2026-01-16 17:05:44,302 [INFO] __main__: Iniciando la aplicación Autoclave...
2026-01-16 17:05:44,312 [INFO] autoclave: Iniciando SerialLink...
2026-01-16 17:05:44,418 [INFO] src.autoclave.services.control_loop: Iniciando el bucle de control...
2026-01-16 17:05:44,418 [WARNING] autoclave: No hay conexión serial activa para enviar comando.
2026-01-16 17:05:44,419 [WARNING] autoclave: No hay conexión serial activa para enviar comando.
2026-01-16 17:05:44,419 [WARNING] autoclave: No hay conexión serial activa para enviar comando.
2026-01-16 17:05:44,423 [INFO] autoclave: Conectado a ESP32 en COM3
2026-01-16 17:05:44,732 [INFO] src.autoclave.ui.ui_main.main_window: ✅ Interfaz creada correctamente.
2026-01-16 17:05:44,919 [INFO] __main__: Puerta: DESCONOCIDO -> ABRIENDO
2026-01-16 17:05:44,920 [INFO] __main__: Puerta abriéndose...
2026-01-16 17:06:04,511 [INFO] __main__: Puerta: ABRIENDO -> ABIERTO
2026-01-16 17:06:04,513 [INFO] __main__: Puerta abierta.
2026-01-16 17:08:57,323 [INFO] sqlalchemy.engine.Engine: BEGIN (implicit)
2026-01-16 17:08:57,324 [INFO] sqlalchemy.engine.Engine: PRAGMA main.table_info("ac_puerto")
2026-01-16 17:08:57,325 [INFO] sqlalchemy.engine.Engine: [raw sql] ()
2026-01-16 17:08:57,326 [INFO] sqlalchemy.engine.Engine: PRAGMA main.table_info("ac_pantalla_control")
2026-01-16 17:08:57,327 [INFO] sqlalchemy.engine.Engine: [raw sql] ()
2026-01-16 17:08:57,327 [INFO] sqlalchemy.engine.Engine: PRAGMA main.table_info("proceso_control")
2026-01-16 17:08:57,328 [INFO] sqlalchemy.engine.Engine: [raw sql] ()
2026-01-16 17:08:57,328 [INFO] sqlalchemy.engine.Engine: PRAGMA main.table_info("proceso_fase")
2026-01-16 17:08:57,329 [INFO] sqlalchemy.engine.Engine: [raw sql] ()
2026-01-16 17:08:57,330 [INFO] sqlalchemy.engine.Engine: PRAGMA main.table_info("proceso_fase_parametro")
2026-01-16 17:08:57,330 [INFO] sqlalchemy.engine.Engine: [raw sql] ()
2026-01-16 17:08:57,331 [INFO] sqlalchemy.engine.Engine: COMMIT
2026-01-16 17:08:57,606 [INFO] __main__: Iniciando la aplicación Autoclave...
2026-01-16 17:08:57,626 [INFO] autoclave: Iniciando SerialLink...
2026-01-16 17:08:57,720 [INFO] src.autoclave.services.control_loop: Iniciando el bucle de control...
2026-01-16 17:08:57,726 [INFO] autoclave: Conectado a ESP32 en COM3
2026-01-16 17:08:58,045 [INFO] src.autoclave.ui.ui_main.main_window: ✅ Interfaz creada correctamente.
2026-01-16 17:08:58,221 [INFO] __main__: Puerta: DESCONOCIDO -> ABRIENDO
2026-01-16 17:08:58,221 [INFO] __main__: Puerta abriéndose...
2026-01-16 17:09:02,264 [INFO] src.autoclave.ui.ui_main.main_window: ⏻ Apagando equipo...
2026-01-16 17:09:05,375 [INFO] __main__: Cerrando la aplicación Autoclave...
2026-01-16 17:09:05,411 [INFO] src.autoclave.services.control_loop: Flujo de datos detenido.
2026-01-16 17:09:05,411 [INFO] autoclave: Deteniendo SerialLink...
2026-01-16 17:09:06,547 [INFO] autoclave: Puerto serial cerrado.
2026-01-16 17:10:37,072 [INFO] sqlalchemy.engine.Engine: BEGIN (implicit)
2026-01-16 17:10:37,073 [INFO] sqlalchemy.engine.Engine: PRAGMA main.table_info("ac_puerto")
2026-01-16 17:10:37,073 [INFO] sqlalchemy.engine.Engine: [raw sql] ()
2026-01-16 17:10:37,075 [INFO] sqlalchemy.engine.Engine: PRAGMA main.table_info("ac_pantalla_control")
2026-01-16 17:10:37,075 [INFO] sqlalchemy.engine.Engine: [raw sql] ()
2026-01-16 17:10:37,076 [INFO] sqlalchemy.engine.Engine: PRAGMA main.table_info("proceso_control")
2026-01-16 17:10:37,076 [INFO] sqlalchemy.engine.Engine: [raw sql] ()
2026-01-16 17:10:37,077 [INFO] sqlalchemy.engine.Engine: PRAGMA main.table_info("proceso_fase")
2026-01-16 17:10:37,077 [INFO] sqlalchemy.engine.Engine: [raw sql] ()
2026-01-16 17:10:37,077 [INFO] sqlalchemy.engine.Engine: PRAGMA main.table_info("proceso_fase_parametro")
2026-01-16 17:10:37,078 [INFO] sqlalchemy.engine.Engine: [raw sql] ()
2026-01-16 17:10:37,078 [INFO] sqlalchemy.engine.Engine: COMMIT
2026-01-16 17:10:37,354 [INFO] __main__: Iniciando la aplicación Autoclave...
2026-01-16 17:10:37,368 [INFO] autoclave: Iniciando SerialLink...
2026-01-16 17:10:37,457 [INFO] src.autoclave.services.control_loop: Iniciando el bucle de control...
2026-01-16 17:10:37,464 [INFO] autoclave: Conectado a ESP32 en COM3
2026-01-16 17:10:37,771 [INFO] src.autoclave.ui.ui_main.main_window: ✅ Interfaz creada correctamente.
2026-01-16 17:10:37,958 [INFO] __main__: Puerta: DESCONOCIDO -> ABRIENDO
2026-01-16 17:10:37,958 [INFO] __main__: Puerta abriéndose...
2026-01-16 17:12:31,466 [INFO] __main__: Puerta: ABRIENDO -> ABIERTO
2026-01-16 17:12:31,470 [INFO] __main__: Puerta abierta.
2026-01-16 17:14:22,827 [INFO] sqlalchemy.engine.Engine: BEGIN (implicit)
2026-01-16 17:14:22,828 [INFO] sqlalchemy.engine.Engine: PRAGMA main.table_info("ac_puerto")
2026-01-16 17:14:22,828 [INFO] sqlalchemy.engine.Engine: [raw sql] ()
2026-01-16 17:14:22,830 [INFO] sqlalchemy.engine.Engine: PRAGMA main.table_info("ac_pantalla_control")
2026-01-16 17:14:22,830 [INFO] sqlalchemy.engine.Engine: [raw sql] ()
2026-01-16 17:14:22,831 [INFO] sqlalchemy.engine.Engine: PRAGMA main.table_info("proceso_control")
2026-01-16 17:14:22,831 [INFO] sqlalchemy.engine.Engine: [raw sql] ()
2026-01-16 17:14:22,832 [INFO] sqlalchemy.engine.Engine: PRAGMA main.table_info("proceso_fase")
2026-01-16 17:14:22,832 [INFO] sqlalchemy.engine.Engine: [raw sql] ()
2026-01-16 17:14:22,833 [INFO] sqlalchemy.engine.Engine: PRAGMA main.table_info("proceso_fase_parametro")
2026-01-16 17:14:22,833 [INFO] sqlalchemy.engine.Engine: [raw sql] ()
2026-01-16 17:14:22,834 [INFO] sqlalchemy.engine.Engine: COMMIT
2026-01-16 17:14:23,141 [INFO] __main__: Iniciando la aplicación Autoclave...
2026-01-16 17:14:23,162 [INFO] autoclave: Iniciando SerialLink...
2026-01-16 17:14:23,262 [INFO] src.autoclave.services.control_loop: Iniciando el bucle de control...
2026-01-16 17:14:23,268 [INFO] autoclave: Conectado a ESP32 en COM3
2026-01-16 17:14:23,599 [INFO] src.autoclave.ui.ui_main.main_window: ✅ Interfaz creada correctamente.
2026-01-16 17:14:23,763 [INFO] __main__: Puerta: DESCONOCIDO -> ABRIENDO
2026-01-16 17:14:23,764 [INFO] __main__: Puerta abriéndose...
2026-01-16 17:15:01,832 [INFO] src.autoclave.ui.ui_main.main_window: ⏻ Apagando equipo...
2026-01-16 17:15:04,958 [INFO] __main__: Cerrando la aplicación Autoclave...
2026-01-16 17:15:04,992 [INFO] src.autoclave.services.control_loop: Flujo de datos detenido.
2026-01-16 17:15:04,992 [INFO] autoclave: Deteniendo SerialLink...
2026-01-16 17:15:05,276 [INFO] autoclave: Puerto serial cerrado.
2026-01-16 17:16:07,825 [INFO] sqlalchemy.engine.Engine: BEGIN (implicit)
2026-01-16 17:16:07,826 [INFO] sqlalchemy.engine.Engine: PRAGMA main.table_info("ac_puerto")
2026-01-16 17:16:07,826 [INFO] sqlalchemy.engine.Engine: [raw sql] ()
2026-01-16 17:16:07,827 [INFO] sqlalchemy.engine.Engine: PRAGMA main.table_info("ac_pantalla_control")
2026-01-16 17:16:07,828 [INFO] sqlalchemy.engine.Engine: [raw sql] ()
2026-01-16 17:16:07,828 [INFO] sqlalchemy.engine.Engine: PRAGMA main.table_info("proceso_control")
2026-01-16 17:16:07,829 [INFO] sqlalchemy.engine.Engine: [raw sql] ()
2026-01-16 17:16:07,830 [INFO] sqlalchemy.engine.Engine: PRAGMA main.table_info("proceso_fase")
2026-01-16 17:16:07,830 [INFO] sqlalchemy.engine.Engine: [raw sql] ()
2026-01-16 17:16:07,832 [INFO] sqlalchemy.engine.Engine: PRAGMA main.table_info("proceso_fase_parametro")
2026-01-16 17:16:07,832 [INFO] sqlalchemy.engine.Engine: [raw sql] ()
2026-01-16 17:16:07,833 [INFO] sqlalchemy.engine.Engine: COMMIT
2026-01-16 17:16:08,062 [INFO] __main__: Iniciando la aplicación Autoclave...
2026-01-16 17:16:08,078 [INFO] autoclave: Iniciando SerialLink...
2026-01-16 17:16:08,197 [INFO] src.autoclave.services.control_loop: Iniciando el bucle de control...
2026-01-16 17:16:08,203 [INFO] autoclave: Conectado a ESP32 en COM3
2026-01-16 17:16:08,534 [INFO] src.autoclave.ui.ui_main.main_window: ✅ Interfaz creada correctamente.
2026-01-16 17:16:08,699 [INFO] __main__: Puerta: DESCONOCIDO -> ABRIENDO
2026-01-16 17:16:08,699 [INFO] __main__: Puerta abriéndose...
2026-01-16 17:16:20,607 [INFO] src.autoclave.ui.ui_main.main_window: ⏻ Apagando equipo...
2026-01-16 17:16:23,692 [INFO] __main__: Cerrando la aplicación Autoclave...
2026-01-16 17:16:23,728 [INFO] src.autoclave.services.control_loop: Flujo de datos detenido.
2026-01-16 17:16:23,728 [INFO] autoclave: Deteniendo SerialLink...
2026-01-16 17:16:24,911 [INFO] autoclave: Puerto serial cerrado.
2026-01-16 17:17:37,243 [INFO] sqlalchemy.engine.Engine: BEGIN (implicit)
2026-01-16 17:17:37,244 [INFO] sqlalchemy.engine.Engine: PRAGMA main.table_info("ac_puerto")
2026-01-16 17:17:37,244 [INFO] sqlalchemy.engine.Engine: [raw sql] ()
2026-01-16 17:17:37,245 [INFO] sqlalchemy.engine.Engine: PRAGMA main.table_info("ac_pantalla_control")
2026-01-16 17:17:37,246 [INFO] sqlalchemy.engine.Engine: [raw sql] ()
2026-01-16 17:17:37,246 [INFO] sqlalchemy.engine.Engine: PRAGMA main.table_info("proceso_control")
2026-01-16 17:17:37,247 [INFO] sqlalchemy.engine.Engine: [raw sql] ()
2026-01-16 17:17:37,247 [INFO] sqlalchemy.engine.Engine: PRAGMA main.table_info("proceso_fase")
2026-01-16 17:17:37,248 [INFO] sqlalchemy.engine.Engine: [raw sql] ()
2026-01-16 17:17:37,248 [INFO] sqlalchemy.engine.Engine: PRAGMA main.table_info("proceso_fase_parametro")
2026-01-16 17:17:37,249 [INFO] sqlalchemy.engine.Engine: [raw sql] ()
2026-01-16 17:17:37,249 [INFO] sqlalchemy.engine.Engine: COMMIT
2026-01-16 17:17:37,461 [INFO] __main__: Iniciando la aplicación Autoclave...
2026-01-16 17:17:37,472 [INFO] autoclave: Iniciando SerialLink...
2026-01-16 17:17:37,566 [INFO] src.autoclave.services.control_loop: Iniciando el bucle de control...
2026-01-16 17:17:37,573 [INFO] autoclave: Conectado a ESP32 en COM3
2026-01-16 17:17:37,872 [INFO] src.autoclave.ui.ui_main.main_window: ✅ Interfaz creada correctamente.
2026-01-16 17:17:38,067 [INFO] __main__: Puerta: DESCONOCIDO -> ABRIENDO
2026-01-16 17:17:38,068 [INFO] __main__: Puerta abriéndose...
2026-01-16 17:17:46,603 [INFO] __main__: Puerta: ABRIENDO -> ABIERTO
2026-01-16 17:17:46,604 [INFO] __main__: Puerta abierta.
2026-01-16 17:20:26,683 [INFO] sqlalchemy.engine.Engine: BEGIN (implicit)
2026-01-16 17:20:26,685 [INFO] sqlalchemy.engine.Engine: PRAGMA main.table_info("ac_puerto")
2026-01-16 17:20:26,686 [INFO] sqlalchemy.engine.Engine: [raw sql] ()
2026-01-16 17:20:26,687 [INFO] sqlalchemy.engine.Engine: PRAGMA main.table_info("ac_pantalla_control")
2026-01-16 17:20:26,688 [INFO] sqlalchemy.engine.Engine: [raw sql] ()
2026-01-16 17:20:26,688 [INFO] sqlalchemy.engine.Engine: PRAGMA main.table_info("proceso_control")
2026-01-16 17:20:26,689 [INFO] sqlalchemy.engine.Engine: [raw sql] ()
2026-01-16 17:20:26,690 [INFO] sqlalchemy.engine.Engine: PRAGMA main.table_info("proceso_fase")
2026-01-16 17:20:26,691 [INFO] sqlalchemy.engine.Engine: [raw sql] ()
2026-01-16 17:20:26,692 [INFO] sqlalchemy.engine.Engine: PRAGMA main.table_info("proceso_fase_parametro")
2026-01-16 17:20:26,693 [INFO] sqlalchemy.engine.Engine: [raw sql] ()
2026-01-16 17:20:26,693 [INFO] sqlalchemy.engine.Engine: COMMIT
2026-01-16 17:20:26,922 [INFO] __main__: Iniciando la aplicación Autoclave...
2026-01-16 17:20:26,933 [INFO] autoclave: Iniciando SerialLink...
2026-01-16 17:20:27,021 [INFO] src.autoclave.services.control_loop: Iniciando el bucle de control...
2026-01-16 17:20:27,026 [INFO] autoclave: Conectado a ESP32 en COM3
2026-01-16 17:20:27,322 [INFO] src.autoclave.ui.ui_main.main_window: ✅ Interfaz creada correctamente.
2026-01-16 17:20:27,522 [INFO] __main__: Puerta: DESCONOCIDO -> ABRIENDO
2026-01-16 17:20:27,523 [INFO] __main__: Puerta abriéndose...
2026-01-16 17:20:28,530 [INFO] __main__: Puerta: ABRIENDO -> ABIERTO
2026-01-16 17:20:28,531 [INFO] __main__: Puerta abierta.
2026-01-16 17:20:36,461 [INFO] src.autoclave.ui.ui_main.main_window: ⏻ Apagando equipo...
2026-01-16 17:20:39,616 [INFO] __main__: Cerrando la aplicación Autoclave...
2026-01-16 17:20:39,650 [INFO] src.autoclave.services.control_loop: Flujo de datos detenido.
2026-01-16 17:20:39,651 [INFO] autoclave: Deteniendo SerialLink...
2026-01-16 17:20:40,750 [INFO] autoclave: Puerto serial cerrado.
2026-01-16 17:20:46,674 [INFO] sqlalchemy.engine.Engine: BEGIN (implicit)
2026-01-16 17:20:46,674 [INFO] sqlalchemy.engine.Engine: PRAGMA main.table_info("ac_puerto")
2026-01-16 17:20:46,675 [INFO] sqlalchemy.engine.Engine: [raw sql] ()
2026-01-16 17:20:46,676 [INFO] sqlalchemy.engine.Engine: PRAGMA main.table_info("ac_pantalla_control")
2026-01-16 17:20:46,677 [INFO] sqlalchemy.engine.Engine: [raw sql] ()
2026-01-16 17:20:46,678 [INFO] sqlalchemy.engine.Engine: PRAGMA main.table_info("proceso_control")
2026-01-16 17:20:46,678 [INFO] sqlalchemy.engine.Engine: [raw sql] ()
2026-01-16 17:20:46,679 [INFO] sqlalchemy.engine.Engine: PRAGMA main.table_info("proceso_fase")
2026-01-16 17:20:46,680 [INFO] sqlalchemy.engine.Engine: [raw sql] ()
2026-01-16 17:20:46,680 [INFO] sqlalchemy.engine.Engine: PRAGMA main.table_info("proceso_fase_parametro")
2026-01-16 17:20:46,681 [INFO] sqlalchemy.engine.Engine: [raw sql] ()
2026-01-16 17:20:46,682 [INFO] sqlalchemy.engine.Engine: COMMIT
2026-01-16 17:20:46,893 [INFO] __main__: Iniciando la aplicación Autoclave...
2026-01-16 17:20:46,903 [INFO] autoclave: Iniciando SerialLink...
2026-01-16 17:20:46,986 [INFO] src.autoclave.services.control_loop: Iniciando el bucle de control...
2026-01-16 17:20:46,991 [INFO] autoclave: Conectado a ESP32 en COM3
2026-01-16 17:20:47,298 [INFO] src.autoclave.ui.ui_main.main_window: ✅ Interfaz creada correctamente.
2026-01-16 17:20:47,488 [INFO] __main__: Puerta: DESCONOCIDO -> ABRIENDO
2026-01-16 17:20:47,488 [INFO] __main__: Puerta abriéndose...
2026-01-16 17:21:14,604 [INFO] __main__: Puerta: ABRIENDO -> ABIERTO
2026-01-16 17:21:14,607 [INFO] __main__: Puerta abierta.
2026-01-16 17:22:36,772 [INFO] sqlalchemy.engine.Engine: BEGIN (implicit)
2026-01-16 17:22:36,772 [INFO] sqlalchemy.engine.Engine: PRAGMA main.table_info("ac_puerto")
2026-01-16 17:22:36,772 [INFO] sqlalchemy.engine.Engine: [raw sql] ()
2026-01-16 17:22:36,774 [INFO] sqlalchemy.engine.Engine: PRAGMA main.table_info("ac_pantalla_control")
2026-01-16 17:22:36,774 [INFO] sqlalchemy.engine.Engine: [raw sql] ()
2026-01-16 17:22:36,775 [INFO] sqlalchemy.engine.Engine: PRAGMA main.table_info("proceso_control")
2026-01-16 17:22:36,775 [INFO] sqlalchemy.engine.Engine: [raw sql] ()
2026-01-16 17:22:36,775 [INFO] sqlalchemy.engine.Engine: PRAGMA main.table_info("proceso_fase")
2026-01-16 17:22:36,776 [INFO] sqlalchemy.engine.Engine: [raw sql] ()
2026-01-16 17:22:36,776 [INFO] sqlalchemy.engine.Engine: PRAGMA main.table_info("proceso_fase_parametro")
2026-01-16 17:22:36,777 [INFO] sqlalchemy.engine.Engine: [raw sql] ()
2026-01-16 17:22:36,778 [INFO] sqlalchemy.engine.Engine: COMMIT
2026-01-16 17:22:37,001 [INFO] __main__: Iniciando la aplicación Autoclave...
2026-01-16 17:22:37,011 [INFO] autoclave: Iniciando SerialLink...
2026-01-16 17:22:37,105 [INFO] src.autoclave.services.control_loop: Iniciando el bucle de control...
2026-01-16 17:22:37,110 [INFO] autoclave: Conectado a ESP32 en COM3
2026-01-16 17:22:37,429 [INFO] src.autoclave.ui.ui_main.main_window: ✅ Interfaz creada correctamente.
2026-01-16 17:22:37,606 [INFO] __main__: Puerta: DESCONOCIDO -> ABRIENDO
2026-01-16 17:22:37,616 [INFO] __main__: Puerta abriéndose...
2026-01-16 17:22:38,625 [INFO] __main__: Puerta: ABRIENDO -> ABIERTO
2026-01-16 17:22:38,626 [INFO] __main__: Puerta abierta.
2026-01-16 17:22:57,225 [INFO] src.autoclave.ui.ui_main.main_window: ⏻ Apagando equipo...
2026-01-16 17:23:00,322 [INFO] __main__: Cerrando la aplicación Autoclave...
2026-01-16 17:23:00,356 [INFO] src.autoclave.services.control_loop: Flujo de datos detenido.
2026-01-16 17:23:00,356 [INFO] autoclave: Deteniendo SerialLink...
2026-01-16 17:23:01,114 [INFO] autoclave: Puerto serial cerrado.
2026-01-16 17:24:11,705 [INFO] sqlalchemy.engine.Engine: BEGIN (implicit)
2026-01-16 17:24:11,706 [INFO] sqlalchemy.engine.Engine: PRAGMA main.table_info("ac_puerto")
2026-01-16 17:24:11,706 [INFO] sqlalchemy.engine.Engine: [raw sql] ()
2026-01-16 17:24:11,708 [INFO] sqlalchemy.engine.Engine: PRAGMA main.table_info("ac_pantalla_control")
2026-01-16 17:24:11,708 [INFO] sqlalchemy.engine.Engine: [raw sql] ()
2026-01-16 17:24:11,709 [INFO] sqlalchemy.engine.Engine: PRAGMA main.table_info("proceso_control")
2026-01-16 17:24:11,709 [INFO] sqlalchemy.engine.Engine: [raw sql] ()
2026-01-16 17:24:11,710 [INFO] sqlalchemy.engine.Engine: PRAGMA main.table_info("proceso_fase")
2026-01-16 17:24:11,710 [INFO] sqlalchemy.engine.Engine: [raw sql] ()
2026-01-16 17:24:11,711 [INFO] sqlalchemy.engine.Engine: PRAGMA main.table_info("proceso_fase_parametro")
2026-01-16 17:24:11,711 [INFO] sqlalchemy.engine.Engine: [raw sql] ()
2026-01-16 17:24:11,712 [INFO] sqlalchemy.engine.Engine: COMMIT
2026-01-16 17:24:11,909 [INFO] __main__: Iniciando la aplicación Autoclave...
2026-01-16 17:24:11,921 [INFO] autoclave: Iniciando SerialLink...
2026-01-16 17:24:12,018 [INFO] src.autoclave.services.control_loop: Iniciando el bucle de control...
2026-01-16 17:24:12,024 [INFO] autoclave: Conectado a ESP32 en COM3
2026-01-16 17:24:12,297 [INFO] src.autoclave.ui.ui_main.main_window: ✅ Interfaz creada correctamente.
2026-01-16 17:24:12,519 [INFO] __main__: Puerta: DESCONOCIDO -> ABRIENDO
2026-01-16 17:24:12,520 [INFO] __main__: Puerta abriéndose...
2026-01-16 17:24:13,528 [INFO] __main__: Puerta: ABRIENDO -> ABIERTO
2026-01-16 17:24:13,528 [INFO] __main__: Puerta abierta.
2026-01-16 17:25:58,764 [INFO] src.autoclave.ui.ui_main.main_window: ⏻ Apagando equipo...
2026-01-16 17:26:01,891 [INFO] __main__: Cerrando la aplicación Autoclave...
2026-01-16 17:26:01,925 [INFO] src.autoclave.services.control_loop: Flujo de datos detenido.
2026-01-16 17:26:01,926 [INFO] autoclave: Deteniendo SerialLink...
2026-01-16 17:26:03,043 [INFO] autoclave: Puerto serial cerrado.
2026-01-16 17:29:22,378 [INFO] sqlalchemy.engine.Engine: BEGIN (implicit)
2026-01-16 17:29:22,378 [INFO] sqlalchemy.engine.Engine: PRAGMA main.table_info("ac_puerto")
2026-01-16 17:29:22,379 [INFO] sqlalchemy.engine.Engine: [raw sql] ()
2026-01-16 17:29:22,381 [INFO] sqlalchemy.engine.Engine: PRAGMA main.table_info("ac_pantalla_control")
2026-01-16 17:29:22,381 [INFO] sqlalchemy.engine.Engine: [raw sql] ()
2026-01-16 17:29:22,382 [INFO] sqlalchemy.engine.Engine: PRAGMA main.table_info("proceso_control")
2026-01-16 17:29:22,383 [INFO] sqlalchemy.engine.Engine: [raw sql] ()
2026-01-16 17:29:22,384 [INFO] sqlalchemy.engine.Engine: PRAGMA main.table_info("proceso_fase")
2026-01-16 17:29:22,385 [INFO] sqlalchemy.engine.Engine: [raw sql] ()
2026-01-16 17:29:22,386 [INFO] sqlalchemy.engine.Engine: PRAGMA main.table_info("proceso_fase_parametro")
2026-01-16 17:29:22,387 [INFO] sqlalchemy.engine.Engine: [raw sql] ()
2026-01-16 17:29:22,388 [INFO] sqlalchemy.engine.Engine: COMMIT
2026-01-16 17:29:22,706 [INFO] __main__: Iniciando la aplicación Autoclave...
2026-01-16 17:29:22,720 [INFO] autoclave: Iniciando SerialLink...
2026-01-16 17:29:22,807 [INFO] src.autoclave.services.control_loop: Iniciando el bucle de control...
2026-01-16 17:29:22,812 [INFO] autoclave: Conectado a ESP32 en COM3
2026-01-16 17:29:23,107 [INFO] src.autoclave.ui.ui_main.main_window: ✅ Interfaz creada correctamente.
2026-01-16 17:29:23,309 [INFO] __main__: Puerta: DESCONOCIDO -> ABRIENDO
2026-01-16 17:29:23,309 [INFO] __main__: Puerta abriéndose...
2026-01-16 17:29:23,311 [INFO] src.autoclave.devices.door: presion empaque baja: 0.0 kPa, iniciando apertura.
2026-01-16 17:29:23,814 [INFO] src.autoclave.devices.door: presion empaque baja: 0.0 kPa, iniciando apertura.
2026-01-16 17:29:24,316 [INFO] src.autoclave.devices.door: presion empaque baja: 0.0 kPa, iniciando apertura.
2026-01-16 17:29:24,818 [INFO] src.autoclave.devices.door: presion empaque baja: 0.0 kPa, iniciando apertura.
2026-01-16 17:29:25,323 [INFO] src.autoclave.devices.door: presion empaque baja: 0.0 kPa, iniciando apertura.
2026-01-16 17:29:25,825 [INFO] src.autoclave.devices.door: presion empaque baja: 0.0 kPa, iniciando apertura.
2026-01-16 17:29:26,328 [INFO] src.autoclave.devices.door: presion empaque baja: 0.0 kPa, iniciando apertura.
2026-01-16 17:29:26,831 [INFO] src.autoclave.devices.door: presion empaque baja: 0.0 kPa, iniciando apertura.
2026-01-16 17:29:27,334 [INFO] src.autoclave.devices.door: presion empaque baja: 0.0 kPa, iniciando apertura.
2026-01-16 17:29:27,837 [INFO] src.autoclave.devices.door: presion empaque baja: 0.0 kPa, iniciando apertura.
2026-01-16 17:29:28,341 [INFO] src.autoclave.devices.door: presion empaque baja: 0.0 kPa, iniciando apertura.
2026-01-16 17:29:28,844 [INFO] src.autoclave.devices.door: presion empaque baja: 0.0 kPa, iniciando apertura.
2026-01-16 17:29:29,346 [INFO] src.autoclave.devices.door: presion empaque baja: 0.0 kPa, iniciando apertura.
2026-01-16 17:29:29,848 [INFO] src.autoclave.devices.door: presion empaque baja: 0.0 kPa, iniciando apertura.
2026-01-16 17:29:30,353 [INFO] src.autoclave.devices.door: presion empaque baja: 0.0 kPa, iniciando apertura.
2026-01-16 17:29:30,855 [INFO] src.autoclave.devices.door: presion empaque baja: 0.0 kPa, iniciando apertura.
2026-01-16 17:29:31,357 [INFO] src.autoclave.devices.door: presion empaque baja: 0.0 kPa, iniciando apertura.
2026-01-16 17:29:31,860 [INFO] src.autoclave.devices.door: presion empaque baja: 0.0 kPa, iniciando apertura.
2026-01-16 17:29:32,361 [INFO] src.autoclave.devices.door: presion empaque baja: 0.0 kPa, iniciando apertura.
2026-01-16 17:29:32,863 [INFO] src.autoclave.devices.door: presion empaque baja: 0.0 kPa, iniciando apertura.
2026-01-16 17:29:33,365 [INFO] src.autoclave.devices.door: presion empaque baja: 0.0 kPa, iniciando apertura.
2026-01-16 17:29:33,867 [INFO] src.autoclave.devices.door: presion empaque baja: 0.0 kPa, iniciando apertura.
2026-01-16 17:29:34,370 [INFO] src.autoclave.devices.door: presion empaque baja: 0.0 kPa, iniciando apertura.
2026-01-16 17:29:34,873 [INFO] src.autoclave.devices.door: presion empaque baja: 0.0 kPa, iniciando apertura.
2026-01-16 17:29:35,375 [INFO] src.autoclave.devices.door: presion empaque baja: 0.0 kPa, iniciando apertura.
2026-01-16 17:29:35,876 [INFO] src.autoclave.devices.door: presion empaque baja: 0.0 kPa, iniciando apertura.
2026-01-16 17:29:36,378 [INFO] src.autoclave.devices.door: presion empaque baja: 0.0 kPa, iniciando apertura.
2026-01-16 17:29:36,880 [INFO] src.autoclave.devices.door: presion empaque baja: 0.0 kPa, iniciando apertura.
2026-01-16 17:29:37,382 [INFO] src.autoclave.devices.door: presion empaque baja: 0.0 kPa, iniciando apertura.
2026-01-16 17:29:37,884 [INFO] src.autoclave.devices.door: presion empaque baja: 82.24 kPa, iniciando apertura.
2026-01-16 17:29:54,429 [INFO] src.autoclave.devices.door: presion empaque baja: 36.81 kPa, iniciando apertura.
2026-01-16 17:29:54,931 [INFO] src.autoclave.devices.door: presion empaque baja: 8.84 kPa, iniciando apertura.
2026-01-16 17:29:55,434 [INFO] src.autoclave.devices.door: presion empaque baja: 2.12 kPa, iniciando apertura.
2026-01-16 17:29:55,936 [INFO] src.autoclave.devices.door: presion empaque baja: 0.51 kPa, iniciando apertura.
2026-01-16 17:29:56,439 [INFO] src.autoclave.devices.door: presion empaque baja: 0.17 kPa, iniciando apertura.
2026-01-16 17:29:56,941 [INFO] src.autoclave.devices.door: presion empaque baja: 0.12 kPa, iniciando apertura.
2026-01-16 17:29:57,455 [INFO] src.autoclave.devices.door: presion empaque baja: 0.03 kPa, iniciando apertura.
2026-01-16 17:29:57,958 [INFO] src.autoclave.devices.door: presion empaque baja: 0.01 kPa, iniciando apertura.
2026-01-16 17:29:58,461 [INFO] src.autoclave.devices.door: presion empaque baja: 0.0 kPa, iniciando apertura.
2026-01-16 17:29:58,964 [INFO] src.autoclave.devices.door: presion empaque baja: 0.0 kPa, iniciando apertura.
2026-01-16 17:29:59,468 [INFO] src.autoclave.devices.door: presion empaque baja: 0.0 kPa, iniciando apertura.
2026-01-16 17:29:59,975 [INFO] src.autoclave.devices.door: presion empaque baja: 70.85 kPa, iniciando apertura.
2026-01-16 17:30:00,477 [INFO] src.autoclave.devices.door: presion empaque baja: 99.11 kPa, iniciando apertura.
2026-01-16 17:30:04,991 [INFO] src.autoclave.devices.door: presion empaque baja: 36.76 kPa, iniciando apertura.
2026-01-16 17:30:05,493 [INFO] src.autoclave.devices.door: presion empaque baja: 8.83 kPa, iniciando apertura.
2026-01-16 17:30:05,996 [INFO] src.autoclave.devices.door: presion empaque baja: 2.12 kPa, iniciando apertura.
2026-01-16 17:30:06,502 [INFO] src.autoclave.devices.door: presion empaque baja: 0.51 kPa, iniciando apertura.
2026-01-16 17:30:07,004 [INFO] src.autoclave.devices.door: presion empaque baja: 0.12 kPa, iniciando apertura.
2026-01-16 17:30:07,508 [INFO] src.autoclave.devices.door: presion empaque baja: 0.03 kPa, iniciando apertura.
2026-01-16 17:30:08,010 [INFO] src.autoclave.devices.door: presion empaque baja: 0.01 kPa, iniciando apertura.
2026-01-16 17:30:08,513 [INFO] src.autoclave.devices.door: presion empaque baja: 0.0 kPa, iniciando apertura.
2026-01-16 17:30:09,016 [INFO] src.autoclave.devices.door: presion empaque baja: 0.0 kPa, iniciando apertura.
2026-01-16 17:30:09,519 [INFO] src.autoclave.devices.door: presion empaque baja: 0.0 kPa, iniciando apertura.
2026-01-16 17:30:10,021 [INFO] src.autoclave.devices.door: presion empaque baja: 0.0 kPa, iniciando apertura.
2026-01-16 17:30:10,524 [INFO] src.autoclave.devices.door: presion empaque baja: 0.0 kPa, iniciando apertura.
2026-01-16 17:30:11,027 [INFO] src.autoclave.devices.door: presion empaque baja: 0.0 kPa, iniciando apertura.
2026-01-16 17:30:11,529 [INFO] src.autoclave.devices.door: presion empaque baja: 0.0 kPa, iniciando apertura.
2026-01-16 17:30:12,032 [INFO] src.autoclave.devices.door: presion empaque baja: 0.0 kPa, iniciando apertura.
2026-01-16 17:30:12,534 [INFO] src.autoclave.devices.door: presion empaque baja: 0.0 kPa, iniciando apertura.
2026-01-16 17:30:13,036 [INFO] src.autoclave.devices.door: presion empaque baja: 0.0 kPa, iniciando apertura.
2026-01-16 17:30:13,537 [INFO] src.autoclave.devices.door: presion empaque baja: 0.0 kPa, iniciando apertura.
2026-01-16 17:30:14,040 [INFO] src.autoclave.devices.door: presion empaque baja: 0.0 kPa, iniciando apertura.
2026-01-16 17:30:14,543 [INFO] src.autoclave.devices.door: presion empaque baja: 0.0 kPa, iniciando apertura.
2026-01-16 17:30:15,045 [INFO] src.autoclave.devices.door: presion empaque baja: 0.0 kPa, iniciando apertura.
2026-01-16 17:30:15,548 [INFO] src.autoclave.devices.door: presion empaque baja: 81.28 kPa, iniciando apertura.
2026-01-16 17:30:16,049 [INFO] src.autoclave.devices.door: presion empaque baja: 98.73 kPa, iniciando apertura.
2026-01-16 17:30:25,186 [INFO] sqlalchemy.engine.Engine: BEGIN (implicit)
2026-01-16 17:30:25,187 [INFO] sqlalchemy.engine.Engine: PRAGMA main.table_info("ac_puerto")
2026-01-16 17:30:25,187 [INFO] sqlalchemy.engine.Engine: [raw sql] ()
2026-01-16 17:30:25,188 [INFO] sqlalchemy.engine.Engine: PRAGMA main.table_info("ac_pantalla_control")
2026-01-16 17:30:25,189 [INFO] sqlalchemy.engine.Engine: [raw sql] ()
2026-01-16 17:30:25,190 [INFO] sqlalchemy.engine.Engine: PRAGMA main.table_info("proceso_control")
2026-01-16 17:30:25,190 [INFO] sqlalchemy.engine.Engine: [raw sql] ()
2026-01-16 17:30:25,191 [INFO] sqlalchemy.engine.Engine: PRAGMA main.table_info("proceso_fase")
2026-01-16 17:30:25,192 [INFO] sqlalchemy.engine.Engine: [raw sql] ()
2026-01-16 17:30:25,192 [INFO] sqlalchemy.engine.Engine: PRAGMA main.table_info("proceso_fase_parametro")
2026-01-16 17:30:25,193 [INFO] sqlalchemy.engine.Engine: [raw sql] ()
2026-01-16 17:30:25,194 [INFO] sqlalchemy.engine.Engine: COMMIT
2026-01-16 17:30:25,429 [INFO] __main__: Iniciando la aplicación Autoclave...
2026-01-16 17:30:25,447 [INFO] autoclave: Iniciando SerialLink...
2026-01-16 17:30:25,545 [INFO] src.autoclave.services.control_loop: Iniciando el bucle de control...
2026-01-16 17:30:25,551 [INFO] autoclave: Conectado a ESP32 en COM3
2026-01-16 17:30:25,858 [INFO] src.autoclave.ui.ui_main.main_window: ✅ Interfaz creada correctamente.
2026-01-16 17:30:26,047 [INFO] __main__: Puerta: DESCONOCIDO -> ABRIENDO
2026-01-16 17:30:26,047 [INFO] __main__: Puerta abriéndose...
2026-01-16 17:30:26,048 [INFO] src.autoclave.devices.door: presion empaque baja: 0.0 kPa, iniciando apertura.
2026-01-16 17:30:26,551 [INFO] src.autoclave.devices.door: presion empaque baja: 81.72 kPa, iniciando apertura.
2026-01-16 17:30:50,618 [INFO] src.autoclave.devices.door: presion empaque baja: 25.53 kPa, iniciando apertura.
2026-01-16 17:30:51,121 [INFO] src.autoclave.devices.door: presion empaque baja: 6.13 kPa, iniciando apertura.
2026-01-16 17:30:51,623 [INFO] src.autoclave.devices.door: presion empaque baja: 2.1 kPa, iniciando apertura.
2026-01-16 17:30:52,126 [INFO] src.autoclave.devices.door: presion empaque baja: 0.5 kPa, iniciando apertura.
2026-01-16 17:30:52,629 [INFO] src.autoclave.devices.door: presion empaque baja: 0.12 kPa, iniciando apertura.
2026-01-16 17:30:53,133 [INFO] src.autoclave.devices.door: presion empaque baja: 0.03 kPa, iniciando apertura.
2026-01-16 17:30:53,636 [INFO] src.autoclave.devices.door: presion empaque baja: 0.01 kPa, iniciando apertura.
2026-01-16 17:30:54,139 [INFO] src.autoclave.devices.door: presion empaque baja: 0.0 kPa, iniciando apertura.
2026-01-16 17:30:54,641 [INFO] src.autoclave.devices.door: presion empaque baja: 0.0 kPa, iniciando apertura.
2026-01-16 17:30:55,146 [INFO] src.autoclave.devices.door: presion empaque baja: 0.0 kPa, iniciando apertura.
2026-01-16 17:30:55,649 [INFO] src.autoclave.devices.door: presion empaque baja: 0.0 kPa, iniciando apertura.
2026-01-16 17:30:56,155 [INFO] src.autoclave.devices.door: presion empaque baja: 0.0 kPa, iniciando apertura.
2026-01-16 17:30:56,658 [INFO] src.autoclave.devices.door: presion empaque baja: 0.0 kPa, iniciando apertura.
2026-01-16 17:30:57,160 [INFO] src.autoclave.devices.door: presion empaque baja: 0.0 kPa, iniciando apertura.
2026-01-16 17:30:57,663 [INFO] src.autoclave.devices.door: presion empaque baja: 0.0 kPa, iniciando apertura.
2026-01-16 17:30:58,164 [INFO] src.autoclave.devices.door: presion empaque baja: 0.0 kPa, iniciando apertura.
2026-01-16 17:30:58,667 [INFO] src.autoclave.devices.door: presion empaque baja: 0.0 kPa, iniciando apertura.
2026-01-16 17:30:59,169 [INFO] src.autoclave.devices.door: presion empaque baja: 0.0 kPa, iniciando apertura.
2026-01-16 17:30:59,671 [INFO] src.autoclave.devices.door: presion empaque baja: 0.0 kPa, iniciando apertura.
2026-01-16 17:31:00,174 [INFO] src.autoclave.devices.door: presion empaque baja: 0.0 kPa, iniciando apertura.
2026-01-16 17:31:00,676 [INFO] src.autoclave.devices.door: presion empaque baja: 0.0 kPa, iniciando apertura.
2026-01-16 17:31:01,178 [INFO] src.autoclave.devices.door: presion empaque baja: 0.0 kPa, iniciando apertura.
2026-01-16 17:31:01,680 [INFO] src.autoclave.devices.door: presion empaque baja: 0.0 kPa, iniciando apertura.
2026-01-16 17:31:02,182 [INFO] src.autoclave.devices.door: presion empaque baja: 0.0 kPa, iniciando apertura.
2026-01-16 17:31:02,686 [INFO] src.autoclave.devices.door: presion empaque baja: 0.0 kPa, iniciando apertura.
2026-01-16 17:31:03,188 [INFO] src.autoclave.devices.door: presion empaque baja: 0.0 kPa, iniciando apertura.
2026-01-16 17:31:03,690 [INFO] src.autoclave.devices.door: presion empaque baja: 0.0 kPa, iniciando apertura.
2026-01-16 17:31:04,192 [INFO] src.autoclave.devices.door: presion empaque baja: 0.0 kPa, iniciando apertura.
2026-01-16 17:31:04,695 [INFO] src.autoclave.devices.door: presion empaque baja: 25.48 kPa, iniciando apertura.
2026-01-16 17:31:38,781 [INFO] src.autoclave.devices.door: presion empaque baja: 41.15 kPa, iniciando apertura.
2026-01-16 17:31:39,284 [INFO] src.autoclave.devices.door: presion empaque baja: 9.88 kPa, iniciando apertura.
2026-01-16 17:31:39,786 [INFO] src.autoclave.devices.door: presion empaque baja: 2.37 kPa, iniciando apertura.
2026-01-16 17:31:40,287 [INFO] src.autoclave.devices.door: presion empaque baja: 0.57 kPa, iniciando apertura.
2026-01-16 17:31:40,790 [INFO] src.autoclave.devices.door: presion empaque baja: 0.14 kPa, iniciando apertura.
2026-01-16 17:31:41,292 [INFO] src.autoclave.devices.door: presion empaque baja: 0.03 kPa, iniciando apertura.
2026-01-16 17:31:41,794 [INFO] src.autoclave.devices.door: presion empaque baja: 0.01 kPa, iniciando apertura.
2026-01-16 17:31:42,296 [INFO] src.autoclave.devices.door: presion empaque baja: 0.0 kPa, iniciando apertura.
2026-01-16 17:31:42,798 [INFO] src.autoclave.devices.door: presion empaque baja: 0.0 kPa, iniciando apertura.
2026-01-16 17:31:43,301 [INFO] src.autoclave.devices.door: presion empaque baja: 0.0 kPa, iniciando apertura.
2026-01-16 17:31:43,804 [INFO] src.autoclave.devices.door: presion empaque baja: 0.0 kPa, iniciando apertura.
2026-01-16 17:31:44,306 [INFO] src.autoclave.devices.door: presion empaque baja: 0.0 kPa, iniciando apertura.
2026-01-16 17:31:44,809 [INFO] src.autoclave.devices.door: presion empaque baja: 0.0 kPa, iniciando apertura.
2026-01-16 17:31:45,312 [INFO] src.autoclave.devices.door: presion empaque baja: 0.0 kPa, iniciando apertura.
2026-01-16 17:31:45,814 [INFO] src.autoclave.devices.door: presion empaque baja: 0.0 kPa, iniciando apertura.
2026-01-16 17:31:46,317 [INFO] src.autoclave.devices.door: presion empaque baja: 0.0 kPa, iniciando apertura.
2026-01-16 17:31:46,819 [INFO] src.autoclave.devices.door: presion empaque baja: 0.0 kPa, iniciando apertura.
2026-01-16 17:31:47,321 [INFO] src.autoclave.devices.door: presion empaque baja: 0.0 kPa, iniciando apertura.
2026-01-16 17:31:47,824 [INFO] src.autoclave.devices.door: presion empaque baja: 0.0 kPa, iniciando apertura.
2026-01-16 17:31:48,326 [INFO] src.autoclave.devices.door: presion empaque baja: 0.0 kPa, iniciando apertura.
2026-01-16 17:31:48,829 [INFO] src.autoclave.devices.door: presion empaque baja: 0.0 kPa, iniciando apertura.
2026-01-16 17:31:49,331 [INFO] src.autoclave.devices.door: presion empaque baja: 0.0 kPa, iniciando apertura.
2026-01-16 17:31:49,833 [INFO] src.autoclave.devices.door: presion empaque baja: 0.0 kPa, iniciando apertura.
2026-01-16 17:31:50,336 [INFO] src.autoclave.devices.door: presion empaque baja: 0.0 kPa, iniciando apertura.
2026-01-16 17:31:50,839 [INFO] src.autoclave.devices.door: presion empaque baja: 0.0 kPa, iniciando apertura.
2026-01-16 17:31:51,341 [INFO] src.autoclave.devices.door: presion empaque baja: 0.0 kPa, iniciando apertura.
2026-01-16 17:31:51,844 [INFO] src.autoclave.devices.door: presion empaque baja: 0.0 kPa, iniciando apertura.
2026-01-16 17:31:52,347 [INFO] src.autoclave.devices.door: presion empaque baja: 0.0 kPa, iniciando apertura.
2026-01-16 17:31:52,849 [INFO] src.autoclave.devices.door: presion empaque baja: 0.0 kPa, iniciando apertura.
2026-01-16 17:31:53,351 [INFO] src.autoclave.devices.door: presion empaque baja: 0.0 kPa, iniciando apertura.
2026-01-16 17:31:53,854 [INFO] src.autoclave.devices.door: presion empaque baja: 0.0 kPa, iniciando apertura.
2026-01-16 17:31:54,358 [INFO] src.autoclave.devices.door: presion empaque baja: 0.0 kPa, iniciando apertura.
2026-01-16 17:31:54,861 [INFO] src.autoclave.devices.door: presion empaque baja: 0.0 kPa, iniciando apertura.
2026-01-16 17:31:55,365 [INFO] src.autoclave.devices.door: presion empaque baja: 0.0 kPa, iniciando apertura.
2026-01-16 17:31:55,867 [INFO] src.autoclave.devices.door: presion empaque baja: 0.0 kPa, iniciando apertura.
2026-01-16 17:31:56,370 [INFO] src.autoclave.devices.door: presion empaque baja: 0.0 kPa, iniciando apertura.
2026-01-16 17:31:56,872 [INFO] src.autoclave.devices.door: presion empaque baja: 0.0 kPa, iniciando apertura.
2026-01-16 17:31:57,376 [INFO] src.autoclave.devices.door: presion empaque baja: 28.65 kPa, iniciando apertura.
2026-01-16 17:32:04,398 [INFO] src.autoclave.devices.door: presion empaque baja: 42.19 kPa, iniciando apertura.
2026-01-16 17:32:04,900 [INFO] src.autoclave.devices.door: presion empaque baja: 10.13 kPa, iniciando apertura.
2026-01-16 17:32:05,406 [INFO] src.autoclave.devices.door: presion empaque baja: 2.43 kPa, iniciando apertura.
2026-01-16 17:32:05,909 [INFO] src.autoclave.devices.door: presion empaque baja: 0.58 kPa, iniciando apertura.
2026-01-16 17:32:06,411 [INFO] src.autoclave.devices.door: presion empaque baja: 0.14 kPa, iniciando apertura.
2026-01-16 17:32:06,914 [INFO] src.autoclave.devices.door: presion empaque baja: 0.03 kPa, iniciando apertura.
2026-01-16 17:32:07,417 [INFO] src.autoclave.devices.door: presion empaque baja: 0.01 kPa, iniciando apertura.
2026-01-16 17:32:07,922 [INFO] src.autoclave.devices.door: presion empaque baja: 0.0 kPa, iniciando apertura.
2026-01-16 17:32:08,425 [INFO] src.autoclave.devices.door: presion empaque baja: 0.0 kPa, iniciando apertura.
2026-01-16 17:32:08,928 [INFO] src.autoclave.devices.door: presion empaque baja: 0.0 kPa, iniciando apertura.
2026-01-16 17:32:09,430 [INFO] src.autoclave.devices.door: presion empaque baja: 0.0 kPa, iniciando apertura.
2026-01-16 17:32:09,933 [INFO] src.autoclave.devices.door: presion empaque baja: 0.0 kPa, iniciando apertura.
2026-01-16 17:32:10,435 [INFO] src.autoclave.devices.door: presion empaque baja: 0.0 kPa, iniciando apertura.
2026-01-16 17:32:10,938 [INFO] src.autoclave.devices.door: presion empaque baja: 0.0 kPa, iniciando apertura.
2026-01-16 17:32:11,440 [INFO] src.autoclave.devices.door: presion empaque baja: 0.0 kPa, iniciando apertura.
2026-01-16 17:32:11,944 [INFO] src.autoclave.devices.door: presion empaque baja: 0.0 kPa, iniciando apertura.
2026-01-16 17:32:12,446 [INFO] src.autoclave.devices.door: presion empaque baja: 0.0 kPa, iniciando apertura.
2026-01-16 17:32:12,953 [INFO] src.autoclave.devices.door: presion empaque baja: 0.0 kPa, iniciando apertura.
2026-01-16 17:32:13,455 [INFO] src.autoclave.devices.door: presion empaque baja: 0.0 kPa, iniciando apertura.
2026-01-16 17:32:13,957 [INFO] src.autoclave.devices.door: presion empaque baja: 0.0 kPa, iniciando apertura.
2026-01-16 17:32:14,459 [INFO] src.autoclave.devices.door: presion empaque baja: 0.0 kPa, iniciando apertura.
2026-01-16 17:32:14,975 [INFO] src.autoclave.devices.door: presion empaque baja: 0.0 kPa, iniciando apertura.
2026-01-16 17:32:15,478 [INFO] src.autoclave.devices.door: presion empaque baja: 0.0 kPa, iniciando apertura.
2026-01-16 17:32:15,980 [INFO] src.autoclave.devices.door: presion empaque baja: 0.0 kPa, iniciando apertura.
2026-01-16 17:32:16,483 [INFO] src.autoclave.devices.door: presion empaque baja: 0.0 kPa, iniciando apertura.
2026-01-16 17:32:16,987 [INFO] src.autoclave.devices.door: presion empaque baja: 0.0 kPa, iniciando apertura.
2026-01-16 17:32:17,491 [INFO] __main__: Puerta: ABRIENDO -> ABIERTO
2026-01-16 17:32:17,492 [INFO] __main__: Puerta abierta.
2026-01-18 22:40:20,416 [INFO] sqlalchemy.engine.Engine: BEGIN (implicit)
2026-01-18 22:40:20,417 [INFO] sqlalchemy.engine.Engine: PRAGMA main.table_info("ac_puerto")
2026-01-18 22:40:20,417 [INFO] sqlalchemy.engine.Engine: [raw sql] ()
2026-01-18 22:40:20,420 [INFO] sqlalchemy.engine.Engine: PRAGMA main.table_info("ac_pantalla_control")
2026-01-18 22:40:20,421 [INFO] sqlalchemy.engine.Engine: [raw sql] ()
2026-01-18 22:40:20,422 [INFO] sqlalchemy.engine.Engine: PRAGMA main.table_info("proceso_control")
2026-01-18 22:40:20,422 [INFO] sqlalchemy.engine.Engine: [raw sql] ()
2026-01-18 22:40:20,423 [INFO] sqlalchemy.engine.Engine: PRAGMA main.table_info("proceso_fase")
2026-01-18 22:40:20,424 [INFO] sqlalchemy.engine.Engine: [raw sql] ()
2026-01-18 22:40:20,426 [INFO] sqlalchemy.engine.Engine: PRAGMA main.table_info("proceso_fase_parametro")
2026-01-18 22:40:20,426 [INFO] sqlalchemy.engine.Engine: [raw sql] ()
2026-01-18 22:40:20,427 [INFO] sqlalchemy.engine.Engine: COMMIT
2026-01-18 22:40:21,004 [INFO] __main__: Iniciando la aplicación Autoclave...
2026-01-18 22:40:21,032 [INFO] autoclave: Iniciando SerialLink...
2026-01-18 22:40:21,808 [INFO] src.autoclave.services.control_loop: Iniciando el bucle de control...
2026-01-18 22:41:24,034 [INFO] sqlalchemy.engine.Engine: BEGIN (implicit)
2026-01-18 22:41:24,035 [INFO] sqlalchemy.engine.Engine: PRAGMA main.table_info("ac_puerto")
2026-01-18 22:41:24,035 [INFO] sqlalchemy.engine.Engine: [raw sql] ()
2026-01-18 22:41:24,036 [INFO] sqlalchemy.engine.Engine: PRAGMA main.table_info("ac_pantalla_control")
2026-01-18 22:41:24,037 [INFO] sqlalchemy.engine.Engine: [raw sql] ()
2026-01-18 22:41:24,037 [INFO] sqlalchemy.engine.Engine: PRAGMA main.table_info("proceso_control")
2026-01-18 22:41:24,038 [INFO] sqlalchemy.engine.Engine: [raw sql] ()
2026-01-18 22:41:24,038 [INFO] sqlalchemy.engine.Engine: PRAGMA main.table_info("proceso_fase")
2026-01-18 22:41:24,039 [INFO] sqlalchemy.engine.Engine: [raw sql] ()
2026-01-18 22:41:24,040 [INFO] sqlalchemy.engine.Engine: PRAGMA main.table_info("proceso_fase_parametro")
2026-01-18 22:41:24,044 [INFO] sqlalchemy.engine.Engine: [raw sql] ()
2026-01-18 22:41:24,046 [INFO] sqlalchemy.engine.Engine: COMMIT
2026-01-18 22:41:24,251 [INFO] __main__: Iniciando la aplicación Autoclave...
2026-01-18 22:41:24,263 [INFO] autoclave: Iniciando SerialLink...
2026-01-18 22:41:24,338 [INFO] src.autoclave.services.control_loop: Iniciando el bucle de control...
2026-01-18 22:44:35,795 [INFO] sqlalchemy.engine.Engine: BEGIN (implicit)
2026-01-18 22:44:35,796 [INFO] sqlalchemy.engine.Engine: PRAGMA main.table_info("ac_puerto")
2026-01-18 22:44:35,796 [INFO] sqlalchemy.engine.Engine: [raw sql] ()
2026-01-18 22:44:35,802 [INFO] sqlalchemy.engine.Engine: PRAGMA main.table_info("ac_pantalla_control")
2026-01-18 22:44:35,803 [INFO] sqlalchemy.engine.Engine: [raw sql] ()
2026-01-18 22:44:35,804 [INFO] sqlalchemy.engine.Engine: PRAGMA main.table_info("proceso_control")
2026-01-18 22:44:35,804 [INFO] sqlalchemy.engine.Engine: [raw sql] ()
2026-01-18 22:44:35,805 [INFO] sqlalchemy.engine.Engine: PRAGMA main.table_info("proceso_fase")
2026-01-18 22:44:35,806 [INFO] sqlalchemy.engine.Engine: [raw sql] ()
2026-01-18 22:44:35,807 [INFO] sqlalchemy.engine.Engine: PRAGMA main.table_info("proceso_fase_parametro")
2026-01-18 22:44:35,807 [INFO] sqlalchemy.engine.Engine: [raw sql] ()
2026-01-18 22:44:35,808 [INFO] sqlalchemy.engine.Engine: COMMIT
2026-01-18 22:44:36,074 [INFO] __main__: Iniciando la aplicación Autoclave...
2026-01-18 22:44:36,084 [INFO] autoclave: Iniciando SerialLink...
2026-01-18 22:44:36,230 [INFO] src.autoclave.services.control_loop: Iniciando el bucle de control...
2026-01-18 22:45:51,283 [INFO] sqlalchemy.engine.Engine: BEGIN (implicit)
2026-01-18 22:45:51,283 [INFO] sqlalchemy.engine.Engine: PRAGMA main.table_info("ac_puerto")
2026-01-18 22:45:51,284 [INFO] sqlalchemy.engine.Engine: [raw sql] ()
2026-01-18 22:45:51,285 [INFO] sqlalchemy.engine.Engine: PRAGMA main.table_info("ac_pantalla_control")
2026-01-18 22:45:51,286 [INFO] sqlalchemy.engine.Engine: [raw sql] ()
2026-01-18 22:45:51,286 [INFO] sqlalchemy.engine.Engine: PRAGMA main.table_info("proceso_control")
2026-01-18 22:45:51,287 [INFO] sqlalchemy.engine.Engine: [raw sql] ()
2026-01-18 22:45:51,287 [INFO] sqlalchemy.engine.Engine: PRAGMA main.table_info("proceso_fase")
2026-01-18 22:45:51,288 [INFO] sqlalchemy.engine.Engine: [raw sql] ()
2026-01-18 22:45:51,289 [INFO] sqlalchemy.engine.Engine: PRAGMA main.table_info("proceso_fase_parametro")
2026-01-18 22:45:51,290 [INFO] sqlalchemy.engine.Engine: [raw sql] ()
2026-01-18 22:45:51,292 [INFO] sqlalchemy.engine.Engine: COMMIT
2026-01-18 22:45:51,506 [INFO] __main__: Iniciando la aplicación Autoclave...
2026-01-18 22:45:51,516 [INFO] autoclave: Iniciando SerialLink...
2026-01-18 22:45:51,585 [INFO] src.autoclave.services.control_loop: Iniciando el bucle de control...
2026-01-18 23:07:14,676 [INFO] sqlalchemy.engine.Engine: BEGIN (implicit)
2026-01-18 23:07:14,678 [INFO] sqlalchemy.engine.Engine: PRAGMA main.table_info("ac_puerto")
2026-01-18 23:07:14,678 [INFO] sqlalchemy.engine.Engine: [raw sql] ()
2026-01-18 23:07:14,682 [INFO] sqlalchemy.engine.Engine: PRAGMA main.table_info("ac_pantalla_control")
2026-01-18 23:07:14,683 [INFO] sqlalchemy.engine.Engine: [raw sql] ()
2026-01-18 23:07:14,684 [INFO] sqlalchemy.engine.Engine: PRAGMA main.table_info("proceso_control")
2026-01-18 23:07:14,684 [INFO] sqlalchemy.engine.Engine: [raw sql] ()
2026-01-18 23:07:14,684 [INFO] sqlalchemy.engine.Engine: PRAGMA main.table_info("proceso_fase")
2026-01-18 23:07:14,685 [INFO] sqlalchemy.engine.Engine: [raw sql] ()
2026-01-18 23:07:14,685 [INFO] sqlalchemy.engine.Engine: PRAGMA main.table_info("proceso_fase_parametro")
2026-01-18 23:07:14,685 [INFO] sqlalchemy.engine.Engine: [raw sql] ()
2026-01-18 23:07:14,686 [INFO] sqlalchemy.engine.Engine: COMMIT
2026-01-18 23:07:14,975 [INFO] __main__: Iniciando la aplicación Autoclave...
2026-01-18 23:07:14,987 [INFO] autoclave: Iniciando SerialLink...
2026-01-18 23:07:15,134 [INFO] src.autoclave.services.control_loop: Iniciando el bucle de control...
2026-01-18 23:08:16,682 [INFO] sqlalchemy.engine.Engine: BEGIN (implicit)
2026-01-18 23:08:16,682 [INFO] sqlalchemy.engine.Engine: PRAGMA main.table_info("ac_puerto")
2026-01-18 23:08:16,683 [INFO] sqlalchemy.engine.Engine: [raw sql] ()
2026-01-18 23:08:16,684 [INFO] sqlalchemy.engine.Engine: PRAGMA main.table_info("ac_pantalla_control")
2026-01-18 23:08:16,684 [INFO] sqlalchemy.engine.Engine: [raw sql] ()
2026-01-18 23:08:16,685 [INFO] sqlalchemy.engine.Engine: PRAGMA main.table_info("proceso_control")
2026-01-18 23:08:16,685 [INFO] sqlalchemy.engine.Engine: [raw sql] ()
2026-01-18 23:08:16,686 [INFO] sqlalchemy.engine.Engine: PRAGMA main.table_info("proceso_fase")
2026-01-18 23:08:16,686 [INFO] sqlalchemy.engine.Engine: [raw sql] ()
2026-01-18 23:08:16,687 [INFO] sqlalchemy.engine.Engine: PRAGMA main.table_info("proceso_fase_parametro")
2026-01-18 23:08:16,687 [INFO] sqlalchemy.engine.Engine: [raw sql] ()
2026-01-18 23:08:16,688 [INFO] sqlalchemy.engine.Engine: COMMIT
2026-01-18 23:08:16,887 [INFO] __main__: Iniciando la aplicación Autoclave...
2026-01-18 23:08:16,899 [INFO] autoclave: Iniciando SerialLink...
2026-01-18 23:08:16,970 [INFO] src.autoclave.services.control_loop: Iniciando el bucle de control...
2026-01-18 23:08:17,265 [INFO] src.autoclave.ui.ui_main.main_window: ✅ Interfaz creada correctamente.
2026-01-18 23:11:58,455 [INFO] src.autoclave.ui.ui_main.main_window: ⏻ Apagando equipo...
2026-01-18 23:12:01,586 [INFO] __main__: Cerrando la aplicación Autoclave...
2026-01-18 23:12:01,587 [INFO] src.autoclave.services.control_loop: Flujo de datos detenido.
2026-01-18 23:19:46,013 [INFO] sqlalchemy.engine.Engine: BEGIN (implicit)
2026-01-18 23:19:46,014 [INFO] sqlalchemy.engine.Engine: PRAGMA main.table_info("ac_puerto")
2026-01-18 23:19:46,014 [INFO] sqlalchemy.engine.Engine: [raw sql] ()
2026-01-18 23:19:46,022 [INFO] sqlalchemy.engine.Engine: PRAGMA main.table_info("ac_pantalla_control")
2026-01-18 23:19:46,023 [INFO] sqlalchemy.engine.Engine: [raw sql] ()
2026-01-18 23:19:46,024 [INFO] sqlalchemy.engine.Engine: PRAGMA main.table_info("proceso_control")
2026-01-18 23:19:46,024 [INFO] sqlalchemy.engine.Engine: [raw sql] ()
2026-01-18 23:19:46,025 [INFO] sqlalchemy.engine.Engine: PRAGMA main.table_info("proceso_fase")
2026-01-18 23:19:46,025 [INFO] sqlalchemy.engine.Engine: [raw sql] ()
2026-01-18 23:19:46,026 [INFO] sqlalchemy.engine.Engine: PRAGMA main.table_info("proceso_fase_parametro")
2026-01-18 23:19:46,026 [INFO] sqlalchemy.engine.Engine: [raw sql] ()
2026-01-18 23:19:46,027 [INFO] sqlalchemy.engine.Engine: COMMIT
2026-01-18 23:19:46,376 [INFO] __main__: Iniciando la aplicación Autoclave...
2026-01-18 23:19:46,386 [INFO] autoclave: Iniciando SerialLink...
2026-01-18 23:19:46,511 [INFO] src.autoclave.services.control_loop: Iniciando el bucle de control...
2026-01-18 23:19:46,863 [INFO] src.autoclave.ui.ui_main.main_window: ✅ Interfaz creada correctamente.
2026-01-18 23:23:09,130 [INFO] src.autoclave.ui.ui_main.main_window: ⏻ Apagando equipo...
2026-01-18 23:23:12,214 [INFO] __main__: Cerrando la aplicación Autoclave...
2026-01-18 23:23:12,217 [INFO] src.autoclave.services.control_loop: Flujo de datos detenido.
2026-01-18 23:24:14,144 [INFO] sqlalchemy.engine.Engine: BEGIN (implicit)
2026-01-18 23:24:14,145 [INFO] sqlalchemy.engine.Engine: PRAGMA main.table_info("ac_puerto")
2026-01-18 23:24:14,145 [INFO] sqlalchemy.engine.Engine: [raw sql] ()
2026-01-18 23:24:14,146 [INFO] sqlalchemy.engine.Engine: PRAGMA main.table_info("ac_pantalla_control")
2026-01-18 23:24:14,147 [INFO] sqlalchemy.engine.Engine: [raw sql] ()
2026-01-18 23:24:14,148 [INFO] sqlalchemy.engine.Engine: PRAGMA main.table_info("proceso_control")
2026-01-18 23:24:14,148 [INFO] sqlalchemy.engine.Engine: [raw sql] ()
2026-01-18 23:24:14,149 [INFO] sqlalchemy.engine.Engine: PRAGMA main.table_info("proceso_fase")
2026-01-18 23:24:14,149 [INFO] sqlalchemy.engine.Engine: [raw sql] ()
2026-01-18 23:24:14,150 [INFO] sqlalchemy.engine.Engine: PRAGMA main.table_info("proceso_fase_parametro")
2026-01-18 23:24:14,150 [INFO] sqlalchemy.engine.Engine: [raw sql] ()
2026-01-18 23:24:14,151 [INFO] sqlalchemy.engine.Engine: COMMIT
2026-01-18 23:24:14,356 [INFO] __main__: Iniciando la aplicación Autoclave...
2026-01-18 23:24:14,365 [INFO] autoclave: Iniciando SerialLink...
2026-01-18 23:24:14,474 [INFO] src.autoclave.services.control_loop: Iniciando el bucle de control...
2026-01-18 23:24:14,735 [INFO] src.autoclave.ui.ui_main.main_window: ✅ Interfaz creada correctamente.
2026-01-18 23:25:27,407 [INFO] src.autoclave.ui.ui_main.main_window: ⏻ Apagando equipo...
2026-01-18 23:25:30,497 [INFO] __main__: Cerrando la aplicación Autoclave...
2026-01-18 23:25:30,497 [INFO] src.autoclave.services.control_loop: Flujo de datos detenido.
2026-01-18 23:25:33,737 [INFO] sqlalchemy.engine.Engine: BEGIN (implicit)
2026-01-18 23:25:33,737 [INFO] sqlalchemy.engine.Engine: PRAGMA main.table_info("ac_puerto")
2026-01-18 23:25:33,738 [INFO] sqlalchemy.engine.Engine: [raw sql] ()
2026-01-18 23:25:33,739 [INFO] sqlalchemy.engine.Engine: PRAGMA main.table_info("ac_pantalla_control")
2026-01-18 23:25:33,740 [INFO] sqlalchemy.engine.Engine: [raw sql] ()
2026-01-18 23:25:33,741 [INFO] sqlalchemy.engine.Engine: PRAGMA main.table_info("proceso_control")
2026-01-18 23:25:33,741 [INFO] sqlalchemy.engine.Engine: [raw sql] ()
2026-01-18 23:25:33,743 [INFO] sqlalchemy.engine.Engine: PRAGMA main.table_info("proceso_fase")
2026-01-18 23:25:33,744 [INFO] sqlalchemy.engine.Engine: [raw sql] ()
2026-01-18 23:25:33,744 [INFO] sqlalchemy.engine.Engine: PRAGMA main.table_info("proceso_fase_parametro")
2026-01-18 23:25:33,745 [INFO] sqlalchemy.engine.Engine: [raw sql] ()
2026-01-18 23:25:33,745 [INFO] sqlalchemy.engine.Engine: COMMIT
2026-01-18 23:25:33,927 [INFO] __main__: Iniciando la aplicación Autoclave...
2026-01-18 23:25:33,937 [INFO] autoclave: Iniciando SerialLink...
2026-01-18 23:25:34,014 [INFO] src.autoclave.services.control_loop: Iniciando el bucle de control...
2026-01-18 23:25:34,293 [INFO] src.autoclave.ui.ui_main.main_window: ✅ Interfaz creada correctamente.
2026-01-19 08:00:50,431 [INFO] autoclave: Conectado a ESP32 en COM3
2026-01-19 08:01:43,031 [INFO] src.autoclave.ui.ui_main.main_window: ⏻ Apagando equipo...
2026-01-19 08:01:46,105 [INFO] __main__: Cerrando la aplicación Autoclave...
2026-01-19 08:01:46,110 [INFO] src.autoclave.services.control_loop: Flujo de datos detenido.
2026-01-19 08:02:04,924 [INFO] sqlalchemy.engine.Engine: BEGIN (implicit)
2026-01-19 08:02:04,924 [INFO] sqlalchemy.engine.Engine: PRAGMA main.table_info("ac_puerto")
2026-01-19 08:02:04,925 [INFO] sqlalchemy.engine.Engine: [raw sql] ()
2026-01-19 08:02:04,926 [INFO] sqlalchemy.engine.Engine: PRAGMA main.table_info("ac_pantalla_control")
2026-01-19 08:02:04,926 [INFO] sqlalchemy.engine.Engine: [raw sql] ()
2026-01-19 08:02:04,927 [INFO] sqlalchemy.engine.Engine: PRAGMA main.table_info("proceso_control")
2026-01-19 08:02:04,927 [INFO] sqlalchemy.engine.Engine: [raw sql] ()
2026-01-19 08:02:04,927 [INFO] sqlalchemy.engine.Engine: PRAGMA main.table_info("proceso_fase")
2026-01-19 08:02:04,927 [INFO] sqlalchemy.engine.Engine: [raw sql] ()
2026-01-19 08:02:04,928 [INFO] sqlalchemy.engine.Engine: PRAGMA main.table_info("proceso_fase_parametro")
2026-01-19 08:02:04,928 [INFO] sqlalchemy.engine.Engine: [raw sql] ()
2026-01-19 08:02:04,929 [INFO] sqlalchemy.engine.Engine: COMMIT
2026-01-19 08:02:05,112 [INFO] __main__: Iniciando la aplicación Autoclave...
2026-01-19 08:02:05,119 [INFO] autoclave: Iniciando SerialLink...
2026-01-19 08:02:05,189 [INFO] src.autoclave.services.control_loop: Iniciando el bucle de control...
2026-01-19 08:02:05,194 [INFO] autoclave: Conectado a ESP32 en COM3
2026-01-19 08:02:05,402 [INFO] src.autoclave.ui.ui_main.main_window: ✅ Interfaz creada correctamente.
2026-01-19 08:22:33,148 [INFO] sqlalchemy.engine.Engine: BEGIN (implicit)
2026-01-19 08:22:33,150 [INFO] sqlalchemy.engine.Engine: PRAGMA main.table_info("ac_puerto")
2026-01-19 08:22:33,150 [INFO] sqlalchemy.engine.Engine: [raw sql] ()
2026-01-19 08:22:33,151 [INFO] sqlalchemy.engine.Engine: PRAGMA main.table_info("ac_pantalla_control")
2026-01-19 08:22:33,152 [INFO] sqlalchemy.engine.Engine: [raw sql] ()
2026-01-19 08:22:33,153 [INFO] sqlalchemy.engine.Engine: PRAGMA main.table_info("proceso_control")
2026-01-19 08:22:33,153 [INFO] sqlalchemy.engine.Engine: [raw sql] ()
2026-01-19 08:22:33,154 [INFO] sqlalchemy.engine.Engine: PRAGMA main.table_info("proceso_fase")
2026-01-19 08:22:33,154 [INFO] sqlalchemy.engine.Engine: [raw sql] ()
2026-01-19 08:22:33,155 [INFO] sqlalchemy.engine.Engine: PRAGMA main.table_info("proceso_fase_parametro")
2026-01-19 08:22:33,155 [INFO] sqlalchemy.engine.Engine: [raw sql] ()
2026-01-19 08:22:33,156 [INFO] sqlalchemy.engine.Engine: COMMIT
2026-01-19 08:22:33,493 [INFO] __main__: Iniciando la aplicación Autoclave...
2026-01-19 08:22:33,509 [INFO] autoclave: Iniciando SerialLink...
2026-01-19 08:22:33,620 [INFO] src.autoclave.services.control_loop: Iniciando el bucle de control...
2026-01-19 08:22:33,620 [ERROR] src.autoclave.devices.door: Error: Estado inicial de puerta inconsistente.
2026-01-19 08:22:33,621 [ERROR] src.autoclave.devices.door: Error: Estado inicial de puerta inconsistente.
2026-01-19 08:22:33,626 [INFO] autoclave: Conectado a ESP32 en COM3
2026-01-19 08:22:33,995 [INFO] src.autoclave.ui.ui_main.main_window: ✅ Interfaz creada correctamente.
2026-01-19 08:22:34,122 [INFO] __main__: Puerta Puerta 1: DESCONOCIDO -> ERROR
2026-01-19 08:22:34,122 [ERROR] __main__: ¡Error en puerta Puerta 1!
2026-01-19 08:22:34,123 [INFO] __main__: Puerta Puerta 2: DESCONOCIDO -> ERROR
2026-01-19 08:22:34,123 [ERROR] __main__: ¡Error en puerta Puerta 2!
2026-01-19 08:47:58,818 [INFO] src.autoclave.ui.ui_main.main_window: ⏻ Apagando equipo...
2026-01-19 08:48:01,993 [INFO] __main__: Cerrando la aplicación Autoclave...
2026-01-19 08:48:01,995 [INFO] src.autoclave.services.control_loop: Flujo de datos detenido.
2026-01-19 08:48:11,325 [INFO] sqlalchemy.engine.Engine: BEGIN (implicit)
2026-01-19 08:48:11,326 [INFO] sqlalchemy.engine.Engine: PRAGMA main.table_info("ac_puerto")
2026-01-19 08:48:11,327 [INFO] sqlalchemy.engine.Engine: [raw sql] ()
2026-01-19 08:48:11,328 [INFO] sqlalchemy.engine.Engine: PRAGMA main.table_info("ac_pantalla_control")
2026-01-19 08:48:11,329 [INFO] sqlalchemy.engine.Engine: [raw sql] ()
2026-01-19 08:48:11,330 [INFO] sqlalchemy.engine.Engine: PRAGMA main.table_info("proceso_control")
2026-01-19 08:48:11,331 [INFO] sqlalchemy.engine.Engine: [raw sql] ()
2026-01-19 08:48:11,333 [INFO] sqlalchemy.engine.Engine: PRAGMA main.table_info("proceso_fase")
2026-01-19 08:48:11,334 [INFO] sqlalchemy.engine.Engine: [raw sql] ()
2026-01-19 08:48:11,338 [INFO] sqlalchemy.engine.Engine: PRAGMA main.table_info("proceso_fase_parametro")
2026-01-19 08:48:11,340 [INFO] sqlalchemy.engine.Engine: [raw sql] ()
2026-01-19 08:48:11,341 [INFO] sqlalchemy.engine.Engine: COMMIT
2026-01-19 08:48:11,848 [INFO] __main__: Iniciando la aplicación Autoclave...
2026-01-19 08:48:11,898 [INFO] autoclave: Iniciando SerialLink...
2026-01-19 08:48:13,128 [INFO] src.autoclave.services.control_loop: Iniciando el bucle de control...
2026-01-19 08:48:13,130 [ERROR] src.autoclave.devices.door: Error: Estado inicial de puerta inconsistente.
2026-01-19 08:48:13,131 [ERROR] src.autoclave.devices.door: Error: Estado inicial de puerta inconsistente.
2026-01-19 08:48:13,136 [INFO] autoclave: Conectado a ESP32 en COM3
2026-01-19 08:49:15,559 [INFO] sqlalchemy.engine.Engine: BEGIN (implicit)
2026-01-19 08:49:15,561 [INFO] sqlalchemy.engine.Engine: PRAGMA main.table_info("ac_puerto")
2026-01-19 08:49:15,561 [INFO] sqlalchemy.engine.Engine: [raw sql] ()
2026-01-19 08:49:15,562 [INFO] sqlalchemy.engine.Engine: PRAGMA main.table_info("ac_pantalla_control")
2026-01-19 08:49:15,563 [INFO] sqlalchemy.engine.Engine: [raw sql] ()
2026-01-19 08:49:15,563 [INFO] sqlalchemy.engine.Engine: PRAGMA main.table_info("proceso_control")
2026-01-19 08:49:15,564 [INFO] sqlalchemy.engine.Engine: [raw sql] ()
2026-01-19 08:49:15,564 [INFO] sqlalchemy.engine.Engine: PRAGMA main.table_info("proceso_fase")
2026-01-19 08:49:15,565 [INFO] sqlalchemy.engine.Engine: [raw sql] ()
2026-01-19 08:49:15,566 [INFO] sqlalchemy.engine.Engine: PRAGMA main.table_info("proceso_fase_parametro")
2026-01-19 08:49:15,605 [INFO] sqlalchemy.engine.Engine: [raw sql] ()
2026-01-19 08:49:15,617 [INFO] sqlalchemy.engine.Engine: COMMIT
2026-01-19 08:49:15,808 [INFO] __main__: Iniciando la aplicación Autoclave...
2026-01-19 08:49:15,821 [INFO] autoclave: Iniciando SerialLink...
2026-01-19 08:49:15,921 [INFO] src.autoclave.services.control_loop: Iniciando el bucle de control...
2026-01-19 08:49:15,922 [ERROR] src.autoclave.devices.door: Error: Estado inicial de puerta inconsistente.
2026-01-19 08:49:15,922 [ERROR] src.autoclave.devices.door: Error: Estado inicial de puerta inconsistente.
2026-01-19 08:49:15,928 [INFO] autoclave: Conectado a ESP32 en COM3
2026-01-19 08:49:16,423 [INFO] __main__: Puerta Puerta 1: DESCONOCIDO -> ERROR
2026-01-19 08:49:16,424 [ERROR] __main__: ¡Error en puerta Puerta 1!
2026-01-19 08:49:16,424 [INFO] __main__: Puerta Puerta 2: DESCONOCIDO -> ERROR
2026-01-19 08:49:16,425 [ERROR] __main__: ¡Error en puerta Puerta 2!
2026-01-19 08:49:16,596 [INFO] src.autoclave.ui.ui_main.main_window: ✅ Interfaz creada correctamente.
2026-01-19 08:49:35,074 [WARNING] __main__: Apertura de puerta denegada por condiciones de seguridad.
2026-01-19 08:50:18,148 [WARNING] __main__: Apertura de puerta denegada por condiciones de seguridad.
2026-01-19 08:51:22,860 [INFO] src.autoclave.ui.ui_main.main_window: ⏻ Apagando equipo...
2026-01-19 08:51:25,974 [INFO] __main__: Cerrando la aplicación Autoclave...
2026-01-19 08:51:25,975 [INFO] src.autoclave.services.control_loop: Flujo de datos detenido.
2026-01-19 08:51:30,199 [INFO] sqlalchemy.engine.Engine: BEGIN (implicit)
2026-01-19 08:51:30,200 [INFO] sqlalchemy.engine.Engine: PRAGMA main.table_info("ac_puerto")
2026-01-19 08:51:30,201 [INFO] sqlalchemy.engine.Engine: [raw sql] ()
2026-01-19 08:51:30,202 [INFO] sqlalchemy.engine.Engine: PRAGMA main.table_info("ac_pantalla_control")
2026-01-19 08:51:30,202 [INFO] sqlalchemy.engine.Engine: [raw sql] ()
2026-01-19 08:51:30,203 [INFO] sqlalchemy.engine.Engine: PRAGMA main.table_info("proceso_control")
2026-01-19 08:51:30,204 [INFO] sqlalchemy.engine.Engine: [raw sql] ()
2026-01-19 08:51:30,204 [INFO] sqlalchemy.engine.Engine: PRAGMA main.table_info("proceso_fase")
2026-01-19 08:51:30,208 [INFO] sqlalchemy.engine.Engine: [raw sql] ()
2026-01-19 08:51:30,215 [INFO] sqlalchemy.engine.Engine: PRAGMA main.table_info("proceso_fase_parametro")
2026-01-19 08:51:30,215 [INFO] sqlalchemy.engine.Engine: [raw sql] ()
2026-01-19 08:51:30,216 [INFO] sqlalchemy.engine.Engine: COMMIT
2026-01-19 08:51:30,444 [INFO] __main__: Iniciando la aplicación Autoclave...
2026-01-19 08:51:30,455 [INFO] autoclave: Iniciando SerialLink...
2026-01-19 08:51:30,549 [INFO] src.autoclave.services.control_loop: Iniciando el bucle de control...
2026-01-19 08:51:30,550 [ERROR] src.autoclave.devices.door: Error: Estado inicial de puerta inconsistente.
2026-01-19 08:51:30,551 [ERROR] src.autoclave.devices.door: Error: Estado inicial de puerta inconsistente.
2026-01-19 08:51:30,556 [INFO] autoclave: Conectado a ESP32 en COM3
2026-01-19 08:51:30,866 [INFO] src.autoclave.ui.ui_main.main_window: ✅ Interfaz creada correctamente.
2026-01-19 08:51:31,051 [INFO] __main__: Puerta Puerta 1: DESCONOCIDO -> ERROR
2026-01-19 08:51:31,052 [ERROR] __main__: ¡Error en puerta Puerta 1!
2026-01-19 08:51:31,053 [INFO] __main__: Puerta Puerta 2: DESCONOCIDO -> ERROR
2026-01-19 08:51:31,053 [ERROR] __main__: ¡Error en puerta Puerta 2!
2026-01-19 08:51:33,580 [INFO] src.autoclave.ui.ui_main.main_window: ⏻ Apagando equipo...
2026-01-19 08:51:36,672 [INFO] __main__: Cerrando la aplicación Autoclave...
2026-01-19 08:51:36,674 [INFO] src.autoclave.services.control_loop: Flujo de datos detenido.
2026-01-19 08:51:40,479 [INFO] sqlalchemy.engine.Engine: BEGIN (implicit)
2026-01-19 08:51:40,480 [INFO] sqlalchemy.engine.Engine: PRAGMA main.table_info("ac_puerto")
2026-01-19 08:51:40,480 [INFO] sqlalchemy.engine.Engine: [raw sql] ()
2026-01-19 08:51:40,482 [INFO] sqlalchemy.engine.Engine: PRAGMA main.table_info("ac_pantalla_control")
2026-01-19 08:51:40,482 [INFO] sqlalchemy.engine.Engine: [raw sql] ()
2026-01-19 08:51:40,483 [INFO] sqlalchemy.engine.Engine: PRAGMA main.table_info("proceso_control")
2026-01-19 08:51:40,483 [INFO] sqlalchemy.engine.Engine: [raw sql] ()
2026-01-19 08:51:40,484 [INFO] sqlalchemy.engine.Engine: PRAGMA main.table_info("proceso_fase")
2026-01-19 08:51:40,484 [INFO] sqlalchemy.engine.Engine: [raw sql] ()
2026-01-19 08:51:40,485 [INFO] sqlalchemy.engine.Engine: PRAGMA main.table_info("proceso_fase_parametro")
2026-01-19 08:51:40,485 [INFO] sqlalchemy.engine.Engine: [raw sql] ()
2026-01-19 08:51:40,486 [INFO] sqlalchemy.engine.Engine: COMMIT
2026-01-19 08:51:40,697 [INFO] __main__: Iniciando la aplicación Autoclave...
2026-01-19 08:51:40,714 [INFO] autoclave: Iniciando SerialLink...
2026-01-19 08:51:40,829 [INFO] src.autoclave.services.control_loop: Iniciando el bucle de control...
2026-01-19 08:51:40,830 [ERROR] src.autoclave.devices.door: Error: Estado inicial de puerta inconsistente.
2026-01-19 08:51:40,831 [ERROR] src.autoclave.devices.door: Error: Estado inicial de puerta inconsistente.
2026-01-19 08:51:40,836 [INFO] autoclave: Conectado a ESP32 en COM3
2026-01-19 08:51:41,214 [INFO] src.autoclave.ui.ui_main.main_window: ✅ Interfaz creada correctamente.
2026-01-19 08:51:41,331 [INFO] __main__: Puerta Puerta 1: DESCONOCIDO -> ERROR
2026-01-19 08:51:41,332 [ERROR] __main__: ¡Error en puerta Puerta 1!
2026-01-19 08:51:41,333 [INFO] __main__: Puerta Puerta 2: DESCONOCIDO -> ERROR
2026-01-19 08:51:41,333 [ERROR] __main__: ¡Error en puerta Puerta 2!
2026-01-19 08:51:46,069 [WARNING] src.autoclave.services.puertas.ser_puertas: No se puede abrir la puerta: presión de cámara alta.
2026-01-19 08:51:46,070 [WARNING] __main__: Apertura de puerta denegada por condiciones de seguridad.
2026-01-19 08:52:24,460 [INFO] src.autoclave.ui.ui_main.main_window: ⏻ Apagando equipo...
2026-01-19 08:52:27,596 [INFO] __main__: Cerrando la aplicación Autoclave...
2026-01-19 08:52:27,596 [INFO] src.autoclave.services.control_loop: Flujo de datos detenido.
2026-01-19 08:52:31,256 [INFO] sqlalchemy.engine.Engine: BEGIN (implicit)
2026-01-19 08:52:31,257 [INFO] sqlalchemy.engine.Engine: PRAGMA main.table_info("ac_puerto")
2026-01-19 08:52:31,258 [INFO] sqlalchemy.engine.Engine: [raw sql] ()
2026-01-19 08:52:31,259 [INFO] sqlalchemy.engine.Engine: PRAGMA main.table_info("ac_pantalla_control")
2026-01-19 08:52:31,260 [INFO] sqlalchemy.engine.Engine: [raw sql] ()
2026-01-19 08:52:31,261 [INFO] sqlalchemy.engine.Engine: PRAGMA main.table_info("proceso_control")
2026-01-19 08:52:31,261 [INFO] sqlalchemy.engine.Engine: [raw sql] ()
2026-01-19 08:52:31,262 [INFO] sqlalchemy.engine.Engine: PRAGMA main.table_info("proceso_fase")
2026-01-19 08:52:31,262 [INFO] sqlalchemy.engine.Engine: [raw sql] ()
2026-01-19 08:52:31,263 [INFO] sqlalchemy.engine.Engine: PRAGMA main.table_info("proceso_fase_parametro")
2026-01-19 08:52:31,264 [INFO] sqlalchemy.engine.Engine: [raw sql] ()
2026-01-19 08:52:31,265 [INFO] sqlalchemy.engine.Engine: COMMIT
2026-01-19 08:52:31,490 [INFO] __main__: Iniciando la aplicación Autoclave...
2026-01-19 08:52:31,507 [INFO] autoclave: Iniciando SerialLink...
2026-01-19 08:52:31,617 [INFO] src.autoclave.services.control_loop: Iniciando el bucle de control...
2026-01-19 08:52:31,617 [ERROR] src.autoclave.devices.door: Error: Estado inicial de puerta inconsistente.
2026-01-19 08:52:31,618 [ERROR] src.autoclave.devices.door: Error: Estado inicial de puerta inconsistente.
2026-01-19 08:52:31,623 [INFO] autoclave: Conectado a ESP32 en COM3
2026-01-19 08:52:31,958 [INFO] src.autoclave.ui.ui_main.main_window: ✅ Interfaz creada correctamente.
2026-01-19 08:52:32,119 [INFO] __main__: Puerta Puerta 1: DESCONOCIDO -> ERROR
2026-01-19 08:52:32,119 [ERROR] __main__: ¡Error en puerta Puerta 1!
2026-01-19 08:52:32,120 [INFO] __main__: Puerta Puerta 2: DESCONOCIDO -> ERROR
2026-01-19 08:52:32,120 [ERROR] __main__: ¡Error en puerta Puerta 2!
2026-01-19 08:52:34,676 [INFO] __main__: Comando de apertura de puerta enviado.
2026-01-19 08:52:35,123 [INFO] __main__: Puerta Puerta 1: ERROR -> ABRIENDO
2026-01-19 08:52:35,125 [INFO] __main__: Puerta Puerta 1 abriéndose...
2026-01-19 08:52:35,126 [INFO] src.autoclave.devices.door: Bomba de vacio encendida.
2026-01-19 08:52:35,127 [INFO] src.autoclave.devices.door: Desbloqueo de puerta activado.
2026-01-19 08:52:35,130 [INFO] src.autoclave.devices.door: presion empaque baja: 0.0 kPa, iniciando apertura.
2026-01-19 08:52:35,130 [INFO] src.autoclave.devices.door: Actuador de apertura activado.
2026-01-19 08:52:35,632 [INFO] src.autoclave.devices.door: presion empaque baja: 0.0 kPa, iniciando apertura.
2026-01-19 08:52:35,634 [INFO] src.autoclave.devices.door: Actuador de apertura activado.
2026-01-19 08:52:36,135 [INFO] src.autoclave.devices.door: presion empaque baja: 0.0 kPa, iniciando apertura.
2026-01-19 08:52:36,138 [INFO] src.autoclave.devices.door: Actuador de apertura activado.
2026-01-19 08:52:36,639 [INFO] src.autoclave.devices.door: presion empaque baja: 0.0 kPa, iniciando apertura.
2026-01-19 08:52:36,640 [INFO] src.autoclave.devices.door: Actuador de apertura activado.
2026-01-19 08:52:37,141 [INFO] src.autoclave.devices.door: presion empaque baja: 0.0 kPa, iniciando apertura.
2026-01-19 08:52:37,143 [INFO] src.autoclave.devices.door: Actuador de apertura activado.
2026-01-19 08:52:37,644 [INFO] src.autoclave.devices.door: presion empaque baja: 0.0 kPa, iniciando apertura.
2026-01-19 08:52:37,645 [INFO] src.autoclave.devices.door: Actuador de apertura activado.
2026-01-19 08:52:38,147 [INFO] src.autoclave.devices.door: presion empaque baja: 0.0 kPa, iniciando apertura.
2026-01-19 08:52:38,149 [INFO] src.autoclave.devices.door: Actuador de apertura activado.
2026-01-19 08:52:38,650 [INFO] src.autoclave.devices.door: presion empaque baja: 0.0 kPa, iniciando apertura.
2026-01-19 08:52:38,651 [INFO] src.autoclave.devices.door: Actuador de apertura activado.
2026-01-19 08:52:39,153 [INFO] src.autoclave.devices.door: presion empaque baja: 0.0 kPa, iniciando apertura.
2026-01-19 08:52:39,154 [INFO] src.autoclave.devices.door: Actuador de apertura activado.
2026-01-19 08:52:39,655 [INFO] src.autoclave.devices.door: presion empaque baja: 0.0 kPa, iniciando apertura.
2026-01-19 08:52:39,663 [INFO] src.autoclave.devices.door: Actuador de apertura activado.
2026-01-19 08:52:40,164 [INFO] src.autoclave.devices.door: presion empaque baja: 0.0 kPa, iniciando apertura.
2026-01-19 08:52:40,166 [INFO] src.autoclave.devices.door: Actuador de apertura activado.
2026-01-19 08:52:40,668 [INFO] src.autoclave.devices.door: presion empaque baja: 0.0 kPa, iniciando apertura.
2026-01-19 08:52:40,669 [INFO] src.autoclave.devices.door: Actuador de apertura activado.
2026-01-19 08:52:41,171 [INFO] src.autoclave.devices.door: presion empaque baja: 0.0 kPa, iniciando apertura.
2026-01-19 08:52:41,172 [INFO] src.autoclave.devices.door: Actuador de apertura activado.
2026-01-19 08:52:41,674 [INFO] src.autoclave.devices.door: presion empaque baja: 0.0 kPa, iniciando apertura.
2026-01-19 08:52:41,676 [INFO] src.autoclave.devices.door: Actuador de apertura activado.
2026-01-19 08:52:42,177 [INFO] src.autoclave.devices.door: presion empaque baja: 0.0 kPa, iniciando apertura.
2026-01-19 08:52:42,179 [INFO] src.autoclave.devices.door: Actuador de apertura activado.
2026-01-19 08:52:42,681 [INFO] src.autoclave.devices.door: presion empaque baja: 0.0 kPa, iniciando apertura.
2026-01-19 08:52:42,682 [INFO] src.autoclave.devices.door: Actuador de apertura activado.
2026-01-19 08:52:43,183 [INFO] src.autoclave.devices.door: presion empaque baja: 0.0 kPa, iniciando apertura.
2026-01-19 08:52:43,185 [INFO] src.autoclave.devices.door: Actuador de apertura activado.
2026-01-19 08:52:43,687 [INFO] src.autoclave.devices.door: presion empaque baja: 0.0 kPa, iniciando apertura.
2026-01-19 08:52:43,689 [INFO] src.autoclave.devices.door: Actuador de apertura activado.
2026-01-19 08:52:44,191 [INFO] src.autoclave.devices.door: presion empaque baja: 0.0 kPa, iniciando apertura.
2026-01-19 08:52:44,192 [INFO] src.autoclave.devices.door: Actuador de apertura activado.
2026-01-19 08:52:44,693 [INFO] src.autoclave.devices.door: presion empaque baja: 0.0 kPa, iniciando apertura.
2026-01-19 08:52:44,696 [INFO] src.autoclave.devices.door: Actuador de apertura activado.
2026-01-19 08:52:45,197 [INFO] src.autoclave.devices.door: presion empaque baja: 0.0 kPa, iniciando apertura.
2026-01-19 08:52:45,198 [INFO] src.autoclave.devices.door: Actuador de apertura activado.
2026-01-19 08:52:45,699 [INFO] src.autoclave.devices.door: presion empaque baja: 0.0 kPa, iniciando apertura.
2026-01-19 08:52:45,701 [INFO] src.autoclave.devices.door: Actuador de apertura activado.
2026-01-19 08:52:46,203 [INFO] src.autoclave.devices.door: presion empaque baja: 0.0 kPa, iniciando apertura.
2026-01-19 08:52:46,204 [INFO] src.autoclave.devices.door: Actuador de apertura activado.
2026-01-19 08:52:46,705 [INFO] src.autoclave.devices.door: presion empaque baja: 0.0 kPa, iniciando apertura.
2026-01-19 08:52:46,706 [INFO] src.autoclave.devices.door: Actuador de apertura activado.
2026-01-19 08:52:47,208 [INFO] src.autoclave.devices.door: presion empaque baja: 0.0 kPa, iniciando apertura.
2026-01-19 08:52:47,209 [INFO] src.autoclave.devices.door: Actuador de apertura activado.
2026-01-19 08:52:47,710 [INFO] src.autoclave.devices.door: presion empaque baja: 0.0 kPa, iniciando apertura.
2026-01-19 08:52:47,712 [INFO] src.autoclave.devices.door: Actuador de apertura activado.
2026-01-19 08:52:48,213 [INFO] src.autoclave.devices.door: presion empaque baja: 0.0 kPa, iniciando apertura.
2026-01-19 08:52:48,215 [INFO] src.autoclave.devices.door: Actuador de apertura activado.
2026-01-19 08:52:48,716 [INFO] src.autoclave.devices.door: presion empaque baja: 0.0 kPa, iniciando apertura.
2026-01-19 08:52:48,717 [INFO] src.autoclave.devices.door: Actuador de apertura activado.
2026-01-19 08:52:49,219 [INFO] src.autoclave.devices.door: presion empaque baja: 0.0 kPa, iniciando apertura.
2026-01-19 08:52:49,220 [INFO] src.autoclave.devices.door: Actuador de apertura activado.
2026-01-19 08:52:49,721 [INFO] src.autoclave.devices.door: presion empaque baja: 0.0 kPa, iniciando apertura.
2026-01-19 08:52:49,722 [INFO] src.autoclave.devices.door: Actuador de apertura activado.
2026-01-19 08:52:49,723 [INFO] src.autoclave.devices.door: Actuador de apertura desactivado.
2026-01-19 08:52:49,724 [INFO] src.autoclave.devices.door: Bomba de vacio apagada.
2026-01-19 08:52:49,725 [INFO] src.autoclave.devices.door: Desbloqueo de puerta desactivado.
2026-01-19 08:52:49,725 [INFO] src.autoclave.devices.door: Puerta abierta correctamente.
2026-01-19 08:52:50,226 [INFO] __main__: Puerta Puerta 1: ABRIENDO -> ABIERTO
2026-01-19 08:52:50,227 [INFO] __main__: Puerta Puerta 1 abierta.
2026-01-19 08:54:34,199 [INFO] src.autoclave.ui.ui_main.main_window: ⏻ Apagando equipo...
2026-01-19 08:54:37,277 [INFO] __main__: Cerrando la aplicación Autoclave...
2026-01-19 08:54:37,279 [INFO] src.autoclave.services.control_loop: Flujo de datos detenido.
2026-01-19 08:54:40,851 [INFO] sqlalchemy.engine.Engine: BEGIN (implicit)
2026-01-19 08:54:40,853 [INFO] sqlalchemy.engine.Engine: PRAGMA main.table_info("ac_puerto")
2026-01-19 08:54:40,853 [INFO] sqlalchemy.engine.Engine: [raw sql] ()
2026-01-19 08:54:40,855 [INFO] sqlalchemy.engine.Engine: PRAGMA main.table_info("ac_pantalla_control")
2026-01-19 08:54:40,856 [INFO] sqlalchemy.engine.Engine: [raw sql] ()
2026-01-19 08:54:40,856 [INFO] sqlalchemy.engine.Engine: PRAGMA main.table_info("proceso_control")
2026-01-19 08:54:40,857 [INFO] sqlalchemy.engine.Engine: [raw sql] ()
2026-01-19 08:54:40,859 [INFO] sqlalchemy.engine.Engine: PRAGMA main.table_info("proceso_fase")
2026-01-19 08:54:40,860 [INFO] sqlalchemy.engine.Engine: [raw sql] ()
2026-01-19 08:54:40,861 [INFO] sqlalchemy.engine.Engine: PRAGMA main.table_info("proceso_fase_parametro")
2026-01-19 08:54:40,862 [INFO] sqlalchemy.engine.Engine: [raw sql] ()
2026-01-19 08:54:40,865 [INFO] sqlalchemy.engine.Engine: COMMIT
2026-01-19 08:54:41,063 [INFO] __main__: Iniciando la aplicación Autoclave...
2026-01-19 08:54:41,076 [INFO] autoclave: Iniciando SerialLink...
2026-01-19 08:54:41,163 [INFO] src.autoclave.services.control_loop: Iniciando el bucle de control...
2026-01-19 08:54:41,164 [ERROR] src.autoclave.devices.door: Error: Estado inicial de puerta inconsistente.
2026-01-19 08:54:41,164 [ERROR] src.autoclave.devices.door: Error: Estado inicial de puerta inconsistente.
2026-01-19 08:54:41,168 [INFO] autoclave: Conectado a ESP32 en COM3
2026-01-19 08:54:41,443 [INFO] src.autoclave.ui.ui_main.main_window: ✅ Interfaz creada correctamente.
2026-01-19 08:54:41,665 [INFO] __main__: Puerta Puerta 1: DESCONOCIDO -> ERROR
2026-01-19 08:54:41,666 [ERROR] __main__: ¡Error en puerta Puerta 1!
2026-01-19 08:54:41,666 [INFO] __main__: Puerta Puerta 2: DESCONOCIDO -> ERROR
2026-01-19 08:54:41,666 [ERROR] __main__: ¡Error en puerta Puerta 2!
2026-01-19 08:54:46,174 [INFO] __main__: Comando de apertura de puerta enviado.
2026-01-19 08:54:46,673 [INFO] __main__: Puerta Puerta 1: ERROR -> ABRIENDO
2026-01-19 08:54:46,682 [INFO] __main__: Puerta Puerta 1 abriéndose...
2026-01-19 08:54:46,693 [INFO] src.autoclave.devices.door: Bomba de vacio encendida.
2026-01-19 08:54:46,704 [INFO] src.autoclave.devices.door: Desbloqueo de puerta activado.
2026-01-19 08:54:46,712 [INFO] src.autoclave.devices.door: presion empaque baja: 248.54 kPa, iniciando apertura.
2026-01-19 08:54:46,713 [INFO] src.autoclave.devices.door: Actuador de apertura desactivado.
2026-01-19 08:54:46,714 [INFO] src.autoclave.devices.door: Bomba de vacio apagada.
2026-01-19 08:54:46,714 [INFO] src.autoclave.devices.door: Desbloqueo de puerta desactivado.
2026-01-19 08:54:46,715 [INFO] src.autoclave.devices.door: Puerta abierta correctamente.
2026-01-19 08:54:47,216 [INFO] __main__: Puerta Puerta 1: ABRIENDO -> ABIERTO
2026-01-19 08:54:47,218 [INFO] __main__: Puerta Puerta 1 abierta.
2026-01-19 08:54:53,422 [INFO] __main__: Comando de cierre de puerta enviado.
2026-01-19 08:54:53,727 [INFO] __main__: Puerta Puerta 1: ABIERTO -> CERRANDO
2026-01-19 08:54:53,729 [INFO] __main__: Puerta Puerta 1 cerrándose...
2026-01-19 08:54:53,730 [INFO] src.autoclave.devices.door: Bomba de vacio encendida.
2026-01-19 08:54:53,731 [INFO] src.autoclave.devices.door: Desbloqueo de puerta activado.
2026-01-19 08:54:53,732 [INFO] src.autoclave.devices.door: Iniciando cierre de puerta.
2026-01-19 08:55:02,243 [INFO] src.autoclave.devices.door: Actuador de cierre desactivado.
2026-01-19 08:55:02,247 [INFO] src.autoclave.devices.door: Desbloqueo de puerta desactivado.
2026-01-19 08:55:02,248 [INFO] src.autoclave.devices.door: Bomba de vacio apagada.
2026-01-19 08:55:02,248 [INFO] src.autoclave.devices.door: Bloqueo de puerta activado.
2026-01-19 08:55:02,249 [INFO] src.autoclave.devices.door: Bloqueo de puerta desactivado.
2026-01-19 08:55:02,249 [ERROR] src.autoclave.devices.door: Error: Presión de empaque insuficiente al cerrar.
2026-01-19 08:55:02,750 [INFO] __main__: Puerta Puerta 1: CERRANDO -> ERROR
2026-01-19 08:55:02,752 [ERROR] __main__: ¡Error en puerta Puerta 1!
2026-01-19 08:55:28,629 [INFO] __main__: Comando de apertura de puerta enviado.
2026-01-19 08:55:28,781 [INFO] __main__: Puerta Puerta 1: ERROR -> ABRIENDO
2026-01-19 08:55:28,782 [INFO] __main__: Puerta Puerta 1 abriéndose...
2026-01-19 08:55:28,782 [INFO] src.autoclave.devices.door: Bomba de vacio encendida.
2026-01-19 08:55:28,783 [INFO] src.autoclave.devices.door: Desbloqueo de puerta activado.
2026-01-19 08:55:28,783 [INFO] src.autoclave.devices.door: presion empaque baja: 248.57 kPa, iniciando apertura.
2026-01-19 08:55:29,284 [INFO] src.autoclave.devices.door: presion empaque baja: 246.79 kPa, iniciando apertura.
2026-01-19 08:55:29,786 [INFO] src.autoclave.devices.door: presion empaque baja: 245.92 kPa, iniciando apertura.
2026-01-19 08:55:30,287 [INFO] src.autoclave.devices.door: presion empaque baja: 246.02 kPa, iniciando apertura.
2026-01-19 08:55:30,789 [INFO] src.autoclave.devices.door: presion empaque baja: 245.98 kPa, iniciando apertura.
2026-01-19 08:55:31,291 [INFO] src.autoclave.devices.door: presion empaque baja: 248.6 kPa, iniciando apertura.
2026-01-19 08:55:31,793 [INFO] src.autoclave.devices.door: presion empaque baja: 248.85 kPa, iniciando apertura.
2026-01-19 08:55:32,294 [INFO] src.autoclave.devices.door: presion empaque baja: 247.4 kPa, iniciando apertura.
2026-01-19 08:55:32,795 [INFO] src.autoclave.devices.door: presion empaque baja: 251.01 kPa, iniciando apertura.
2026-01-19 08:55:33,296 [INFO] src.autoclave.devices.door: presion empaque baja: 248.46 kPa, iniciando apertura.
2026-01-19 08:55:33,798 [INFO] src.autoclave.devices.door: presion empaque baja: 247.46 kPa, iniciando apertura.
2026-01-19 08:55:34,299 [INFO] src.autoclave.devices.door: presion empaque baja: 249.1 kPa, iniciando apertura.
2026-01-19 08:55:34,800 [INFO] src.autoclave.devices.door: presion empaque baja: 247.1 kPa, iniciando apertura.
2026-01-19 08:55:35,303 [INFO] src.autoclave.devices.door: presion empaque baja: 248.02 kPa, iniciando apertura.
2026-01-19 08:55:35,804 [INFO] src.autoclave.devices.door: presion empaque baja: 249.3 kPa, iniciando apertura.
2026-01-19 08:55:36,307 [INFO] src.autoclave.devices.door: presion empaque baja: 246.91 kPa, iniciando apertura.
2026-01-19 08:55:36,809 [INFO] src.autoclave.devices.door: presion empaque baja: 248.53 kPa, iniciando apertura.
2026-01-19 08:55:37,310 [INFO] src.autoclave.devices.door: presion empaque baja: 249.47 kPa, iniciando apertura.
2026-01-19 08:55:37,811 [INFO] src.autoclave.devices.door: presion empaque baja: 247.48 kPa, iniciando apertura.
2026-01-19 08:55:38,312 [INFO] src.autoclave.devices.door: presion empaque baja: 248.02 kPa, iniciando apertura.
2026-01-19 08:55:38,813 [INFO] src.autoclave.devices.door: presion empaque baja: 249.3 kPa, iniciando apertura.
2026-01-19 08:55:39,314 [INFO] src.autoclave.devices.door: presion empaque baja: 246.91 kPa, iniciando apertura.
2026-01-19 08:55:39,816 [INFO] src.autoclave.devices.door: presion empaque baja: 248.92 kPa, iniciando apertura.
2026-01-19 08:55:40,318 [INFO] src.autoclave.devices.door: presion empaque baja: 249.22 kPa, iniciando apertura.
2026-01-19 08:55:40,820 [INFO] src.autoclave.devices.door: presion empaque baja: 248.75 kPa, iniciando apertura.
2026-01-19 08:55:41,322 [INFO] src.autoclave.devices.door: presion empaque baja: 252.82 kPa, iniciando apertura.
2026-01-19 08:55:41,823 [INFO] src.autoclave.devices.door: presion empaque baja: 252.82 kPa, iniciando apertura.
2026-01-19 08:55:42,325 [INFO] src.autoclave.devices.door: presion empaque baja: 249.98 kPa, iniciando apertura.
2026-01-19 08:55:42,826 [INFO] src.autoclave.devices.door: presion empaque baja: 249.97 kPa, iniciando apertura.
2026-01-19 08:55:43,328 [INFO] src.autoclave.devices.door: presion empaque baja: 252.15 kPa, iniciando apertura.
2026-01-19 08:55:43,830 [INFO] src.autoclave.devices.door: presion empaque baja: 249.75 kPa, iniciando apertura.
2026-01-19 08:55:44,331 [INFO] src.autoclave.devices.door: presion empaque baja: 248.22 kPa, iniciando apertura.
2026-01-19 08:55:44,833 [INFO] src.autoclave.devices.door: presion empaque baja: 241.79 kPa, iniciando apertura.
2026-01-19 08:55:45,335 [INFO] src.autoclave.devices.door: presion empaque baja: 227.97 kPa, iniciando apertura.
2026-01-19 08:55:45,837 [INFO] src.autoclave.devices.door: presion empaque baja: 215.27 kPa, iniciando apertura.
2026-01-19 08:55:46,339 [INFO] src.autoclave.devices.door: presion empaque baja: 201.16 kPa, iniciando apertura.
2026-01-19 08:55:46,840 [INFO] src.autoclave.devices.door: presion empaque baja: 181.76 kPa, iniciando apertura.
2026-01-19 08:55:47,341 [INFO] src.autoclave.devices.door: presion empaque baja: 167.98 kPa, iniciando apertura.
2026-01-19 08:55:47,843 [INFO] src.autoclave.devices.door: presion empaque baja: 153.56 kPa, iniciando apertura.
2026-01-19 08:55:48,346 [INFO] src.autoclave.devices.door: presion empaque baja: 149.32 kPa, iniciando apertura.
2026-01-19 08:55:48,847 [INFO] src.autoclave.devices.door: presion empaque baja: 142.6 kPa, iniciando apertura.
2026-01-19 08:55:49,349 [INFO] src.autoclave.devices.door: presion empaque baja: 135.49 kPa, iniciando apertura.
2026-01-19 08:55:49,850 [INFO] src.autoclave.devices.door: presion empaque baja: 133.62 kPa, iniciando apertura.
2026-01-19 08:55:50,352 [INFO] src.autoclave.devices.door: presion empaque baja: 129.97 kPa, iniciando apertura.
2026-01-19 08:55:50,854 [INFO] src.autoclave.devices.door: presion empaque baja: 125.63 kPa, iniciando apertura.
2026-01-19 08:55:51,355 [INFO] src.autoclave.devices.door: presion empaque baja: 124.15 kPa, iniciando apertura.
2026-01-19 08:55:51,856 [INFO] src.autoclave.devices.door: presion empaque baja: 120.62 kPa, iniciando apertura.
2026-01-19 08:55:52,358 [INFO] src.autoclave.devices.door: presion empaque baja: 119.54 kPa, iniciando apertura.
2026-01-19 08:55:52,859 [INFO] src.autoclave.devices.door: presion empaque baja: 117.69 kPa, iniciando apertura.
2026-01-19 08:55:53,360 [INFO] src.autoclave.devices.door: presion empaque baja: 112.82 kPa, iniciando apertura.
2026-01-19 08:55:53,861 [INFO] src.autoclave.devices.door: presion empaque baja: 112.82 kPa, iniciando apertura.
2026-01-19 08:55:54,362 [INFO] src.autoclave.devices.door: presion empaque baja: 111.79 kPa, iniciando apertura.
2026-01-19 08:55:54,864 [INFO] src.autoclave.devices.door: presion empaque baja: 110.22 kPa, iniciando apertura.
2026-01-19 08:55:55,366 [INFO] src.autoclave.devices.door: presion empaque baja: 106.6 kPa, iniciando apertura.
2026-01-19 08:55:55,873 [INFO] src.autoclave.devices.door: presion empaque baja: 106.71 kPa, iniciando apertura.
2026-01-19 08:55:56,374 [INFO] src.autoclave.devices.door: presion empaque baja: 102.25 kPa, iniciando apertura.
2026-01-19 08:55:56,876 [INFO] src.autoclave.devices.door: presion empaque baja: 102.39 kPa, iniciando apertura.
2026-01-19 08:55:57,377 [INFO] src.autoclave.devices.door: presion empaque baja: 101.8 kPa, iniciando apertura.
2026-01-19 08:55:57,878 [INFO] src.autoclave.devices.door: presion empaque baja: 97.87 kPa, iniciando apertura.
2026-01-19 08:55:57,880 [INFO] src.autoclave.devices.door: Actuador de apertura activado.
2026-01-19 08:55:58,380 [INFO] src.autoclave.devices.door: presion empaque baja: 98.26 kPa, iniciando apertura.
2026-01-19 08:55:58,383 [INFO] src.autoclave.devices.door: Actuador de apertura activado.
2026-01-19 08:55:58,884 [INFO] src.autoclave.devices.door: presion empaque baja: 96.11 kPa, iniciando apertura.
2026-01-19 08:55:58,886 [INFO] src.autoclave.devices.door: Actuador de apertura activado.
2026-01-19 08:55:58,887 [INFO] src.autoclave.devices.door: Actuador de apertura desactivado.
2026-01-19 08:55:58,888 [INFO] src.autoclave.devices.door: Bomba de vacio apagada.
2026-01-19 08:55:58,889 [INFO] src.autoclave.devices.door: Desbloqueo de puerta desactivado.
2026-01-19 08:55:58,889 [ERROR] src.autoclave.devices.door: Error: Tiempo de apertura agotado.
2026-01-19 08:55:59,392 [INFO] __main__: Puerta Puerta 1: ABRIENDO -> ERROR
2026-01-19 08:55:59,393 [ERROR] __main__: ¡Error en puerta Puerta 1!
2026-01-19 09:02:54,521 [INFO] src.autoclave.ui.ui_main.main_window: ⏻ Apagando equipo...
2026-01-19 09:02:57,621 [INFO] __main__: Cerrando la aplicación Autoclave...
2026-01-19 09:02:57,623 [INFO] src.autoclave.services.control_loop: Flujo de datos detenido.
2026-01-19 09:03:51,100 [INFO] sqlalchemy.engine.Engine: BEGIN (implicit)
2026-01-19 09:03:51,101 [INFO] sqlalchemy.engine.Engine: PRAGMA main.table_info("ac_puerto")
2026-01-19 09:03:51,102 [INFO] sqlalchemy.engine.Engine: [raw sql] ()
2026-01-19 09:03:51,103 [INFO] sqlalchemy.engine.Engine: PRAGMA main.table_info("ac_pantalla_control")
2026-01-19 09:03:51,104 [INFO] sqlalchemy.engine.Engine: [raw sql] ()
2026-01-19 09:03:51,105 [INFO] sqlalchemy.engine.Engine: PRAGMA main.table_info("proceso_control")
2026-01-19 09:03:51,106 [INFO] sqlalchemy.engine.Engine: [raw sql] ()
2026-01-19 09:03:51,109 [INFO] sqlalchemy.engine.Engine: PRAGMA main.table_info("proceso_fase")
2026-01-19 09:03:51,109 [INFO] sqlalchemy.engine.Engine: [raw sql] ()
2026-01-19 09:03:51,110 [INFO] sqlalchemy.engine.Engine: PRAGMA main.table_info("proceso_fase_parametro")
2026-01-19 09:03:51,112 [INFO] sqlalchemy.engine.Engine: [raw sql] ()
2026-01-19 09:03:51,113 [INFO] sqlalchemy.engine.Engine: COMMIT
2026-01-19 09:03:51,390 [INFO] __main__: Iniciando la aplicación Autoclave...
2026-01-19 09:03:51,412 [INFO] autoclave: Iniciando SerialLink...
2026-01-19 09:03:51,528 [INFO] src.autoclave.services.control_loop: Iniciando el bucle de control...
2026-01-19 09:03:51,529 [ERROR] src.autoclave.devices.door: Error: Estado inicial de puerta inconsistente.
2026-01-19 09:03:51,529 [ERROR] src.autoclave.devices.door: Error: Estado inicial de puerta inconsistente.
2026-01-19 09:03:51,536 [INFO] autoclave: Conectado a ESP32 en COM3
2026-01-19 09:03:51,868 [INFO] src.autoclave.ui.ui_main.main_window: ✅ Interfaz creada correctamente.
2026-01-19 09:03:52,031 [INFO] __main__: Puerta Puerta 1: DESCONOCIDO -> ERROR
2026-01-19 09:03:52,031 [ERROR] __main__: ¡Error en puerta Puerta 1!
2026-01-19 09:03:52,032 [INFO] __main__: Puerta Puerta 2: DESCONOCIDO -> ERROR
2026-01-19 09:03:52,032 [ERROR] __main__: ¡Error en puerta Puerta 2!
2026-01-19 09:05:55,252 [INFO] src.autoclave.ui.ui_main.main_window: ⏻ Apagando equipo...
2026-01-19 09:05:58,355 [INFO] __main__: Cerrando la aplicación Autoclave...
2026-01-19 09:05:58,356 [INFO] src.autoclave.services.control_loop: Flujo de datos detenido.
2026-01-19 09:06:10,653 [INFO] sqlalchemy.engine.Engine: BEGIN (implicit)
2026-01-19 09:06:10,654 [INFO] sqlalchemy.engine.Engine: PRAGMA main.table_info("ac_puerto")
2026-01-19 09:06:10,654 [INFO] sqlalchemy.engine.Engine: [raw sql] ()
2026-01-19 09:06:10,655 [INFO] sqlalchemy.engine.Engine: PRAGMA main.table_info("ac_pantalla_control")
2026-01-19 09:06:10,656 [INFO] sqlalchemy.engine.Engine: [raw sql] ()
2026-01-19 09:06:10,657 [INFO] sqlalchemy.engine.Engine: PRAGMA main.table_info("proceso_control")
2026-01-19 09:06:10,657 [INFO] sqlalchemy.engine.Engine: [raw sql] ()
2026-01-19 09:06:10,657 [INFO] sqlalchemy.engine.Engine: PRAGMA main.table_info("proceso_fase")
2026-01-19 09:06:10,658 [INFO] sqlalchemy.engine.Engine: [raw sql] ()
2026-01-19 09:06:10,659 [INFO] sqlalchemy.engine.Engine: PRAGMA main.table_info("proceso_fase_parametro")
2026-01-19 09:06:10,659 [INFO] sqlalchemy.engine.Engine: [raw sql] ()
2026-01-19 09:06:10,660 [INFO] sqlalchemy.engine.Engine: COMMIT
2026-01-19 09:06:10,911 [INFO] __main__: Iniciando la aplicación Autoclave...
2026-01-19 09:06:10,924 [INFO] autoclave: Iniciando SerialLink...
2026-01-19 09:06:11,031 [INFO] src.autoclave.services.control_loop: Iniciando el bucle de control...
2026-01-19 09:06:11,032 [INFO] src.autoclave.devices.door: Estado actual: DESCONOCIDO.
2026-01-19 09:06:11,032 [ERROR] src.autoclave.devices.door: Error: Estado inicial de puerta inconsistente.
2026-01-19 09:06:11,033 [INFO] src.autoclave.devices.door: Estado actual: DESCONOCIDO.
2026-01-19 09:06:11,034 [ERROR] src.autoclave.devices.door: Error: Estado inicial de puerta inconsistente.
2026-01-19 09:06:11,038 [INFO] autoclave: Conectado a ESP32 en COM3
2026-01-19 09:06:11,340 [INFO] src.autoclave.ui.ui_main.main_window: ✅ Interfaz creada correctamente.
2026-01-19 09:06:11,534 [INFO] __main__: Puerta Puerta 1: DESCONOCIDO -> ERROR
2026-01-19 09:06:11,535 [ERROR] __main__: ¡Error en puerta Puerta 1!
2026-01-19 09:06:11,536 [INFO] __main__: Puerta Puerta 2: DESCONOCIDO -> ERROR
2026-01-19 09:06:11,536 [ERROR] __main__: ¡Error en puerta Puerta 2!
2026-01-19 09:06:11,537 [INFO] src.autoclave.devices.door: Estado actual: ERROR.
2026-01-19 09:06:11,537 [INFO] src.autoclave.devices.door: Estado actual: ERROR.
2026-01-19 09:06:12,038 [INFO] src.autoclave.devices.door: Estado actual: ERROR.
2026-01-19 09:06:12,039 [INFO] src.autoclave.devices.door: Estado actual: ERROR.
2026-01-19 09:06:12,539 [INFO] src.autoclave.devices.door: Estado actual: ERROR.
2026-01-19 09:06:12,541 [INFO] src.autoclave.devices.door: Estado actual: ERROR.
2026-01-19 09:06:13,042 [INFO] src.autoclave.devices.door: Estado actual: ERROR.
2026-01-19 09:06:13,042 [INFO] src.autoclave.devices.door: Estado actual: ERROR.
2026-01-19 09:06:13,543 [INFO] src.autoclave.devices.door: Estado actual: ERROR.
2026-01-19 09:06:13,544 [INFO] src.autoclave.devices.door: Estado actual: ERROR.
2026-01-19 09:06:14,045 [INFO] src.autoclave.devices.door: Estado actual: ERROR.
2026-01-19 09:06:14,046 [INFO] src.autoclave.devices.door: Estado actual: ERROR.
2026-01-19 09:06:14,547 [INFO] src.autoclave.devices.door: Estado actual: ERROR.
2026-01-19 09:06:14,547 [INFO] src.autoclave.devices.door: Estado actual: ERROR.
2026-01-19 09:06:15,048 [INFO] src.autoclave.devices.door: Estado actual: ERROR.
2026-01-19 09:06:15,049 [INFO] src.autoclave.devices.door: Estado actual: ERROR.
2026-01-19 09:06:15,550 [INFO] src.autoclave.devices.door: Estado actual: ERROR.
2026-01-19 09:06:15,552 [INFO] src.autoclave.devices.door: Estado actual: ERROR.
2026-01-19 09:06:16,053 [INFO] src.autoclave.devices.door: Estado actual: ERROR.
2026-01-19 09:06:16,054 [INFO] src.autoclave.devices.door: Estado actual: ERROR.
2026-01-19 09:06:16,555 [INFO] src.autoclave.devices.door: Estado actual: ERROR.
2026-01-19 09:06:16,555 [INFO] src.autoclave.devices.door: Estado actual: ERROR.
2026-01-19 09:06:17,056 [INFO] src.autoclave.devices.door: Estado actual: ERROR.
2026-01-19 09:06:17,057 [INFO] src.autoclave.devices.door: Estado actual: ERROR.
2026-01-19 09:06:17,558 [INFO] src.autoclave.devices.door: Estado actual: ERROR.
2026-01-19 09:06:17,559 [INFO] src.autoclave.devices.door: Estado actual: ERROR.
2026-01-19 09:06:18,060 [INFO] src.autoclave.devices.door: Estado actual: ERROR.
2026-01-19 09:06:18,061 [INFO] src.autoclave.devices.door: Estado actual: ERROR.
2026-01-19 09:06:18,561 [INFO] src.autoclave.devices.door: Estado actual: ERROR.
2026-01-19 09:06:18,563 [INFO] src.autoclave.devices.door: Estado actual: ERROR.
2026-01-19 09:06:19,064 [INFO] src.autoclave.devices.door: Estado actual: ERROR.
2026-01-19 09:06:19,064 [INFO] src.autoclave.devices.door: Estado actual: ERROR.
2026-01-19 09:06:19,565 [INFO] src.autoclave.devices.door: Estado actual: ERROR.
2026-01-19 09:06:19,566 [INFO] src.autoclave.devices.door: Estado actual: ERROR.
2026-01-19 09:06:20,069 [INFO] src.autoclave.devices.door: Estado actual: ERROR.
2026-01-19 09:06:20,095 [INFO] src.autoclave.devices.door: Estado actual: ERROR.
2026-01-19 09:06:20,605 [INFO] src.autoclave.devices.door: Estado actual: ERROR.
2026-01-19 09:06:20,606 [INFO] src.autoclave.devices.door: Estado actual: ERROR.
2026-01-19 09:06:21,107 [INFO] src.autoclave.devices.door: Estado actual: ERROR.
2026-01-19 09:06:21,108 [INFO] src.autoclave.devices.door: Estado actual: ERROR.
2026-01-19 09:06:21,308 [INFO] src.autoclave.ui.ui_main.main_window: ⏻ Apagando equipo...
2026-01-19 09:06:21,609 [INFO] src.autoclave.devices.door: Estado actual: ERROR.
2026-01-19 09:06:21,609 [INFO] src.autoclave.devices.door: Estado actual: ERROR.
2026-01-19 09:06:22,110 [INFO] src.autoclave.devices.door: Estado actual: ERROR.
2026-01-19 09:06:22,111 [INFO] src.autoclave.devices.door: Estado actual: ERROR.
2026-01-19 09:06:22,613 [INFO] src.autoclave.devices.door: Estado actual: ERROR.
2026-01-19 09:06:22,613 [INFO] src.autoclave.devices.door: Estado actual: ERROR.
2026-01-19 09:06:23,115 [INFO] src.autoclave.devices.door: Estado actual: ERROR.
2026-01-19 09:06:23,116 [INFO] src.autoclave.devices.door: Estado actual: ERROR.
2026-01-19 09:06:23,617 [INFO] src.autoclave.devices.door: Estado actual: ERROR.
2026-01-19 09:06:23,618 [INFO] src.autoclave.devices.door: Estado actual: ERROR.
2026-01-19 09:06:24,119 [INFO] src.autoclave.devices.door: Estado actual: ERROR.
2026-01-19 09:06:24,119 [INFO] src.autoclave.devices.door: Estado actual: ERROR.
2026-01-19 09:06:24,397 [INFO] __main__: Cerrando la aplicación Autoclave...
2026-01-19 09:06:24,397 [INFO] src.autoclave.services.control_loop: Flujo de datos detenido.
2026-01-19 09:07:09,788 [INFO] sqlalchemy.engine.Engine: BEGIN (implicit)
2026-01-19 09:07:09,789 [INFO] sqlalchemy.engine.Engine: PRAGMA main.table_info("ac_puerto")
2026-01-19 09:07:09,790 [INFO] sqlalchemy.engine.Engine: [raw sql] ()
2026-01-19 09:07:09,791 [INFO] sqlalchemy.engine.Engine: PRAGMA main.table_info("ac_pantalla_control")
2026-01-19 09:07:09,791 [INFO] sqlalchemy.engine.Engine: [raw sql] ()
2026-01-19 09:07:09,792 [INFO] sqlalchemy.engine.Engine: PRAGMA main.table_info("proceso_control")
2026-01-19 09:07:09,792 [INFO] sqlalchemy.engine.Engine: [raw sql] ()
2026-01-19 09:07:09,793 [INFO] sqlalchemy.engine.Engine: PRAGMA main.table_info("proceso_fase")
2026-01-19 09:07:09,794 [INFO] sqlalchemy.engine.Engine: [raw sql] ()
2026-01-19 09:07:09,794 [INFO] sqlalchemy.engine.Engine: PRAGMA main.table_info("proceso_fase_parametro")
2026-01-19 09:07:09,795 [INFO] sqlalchemy.engine.Engine: [raw sql] ()
2026-01-19 09:07:09,795 [INFO] sqlalchemy.engine.Engine: COMMIT
2026-01-19 09:07:10,019 [INFO] __main__: Iniciando la aplicación Autoclave...
2026-01-19 09:07:10,033 [INFO] autoclave: Iniciando SerialLink...
2026-01-19 09:07:10,143 [INFO] src.autoclave.services.control_loop: Iniciando el bucle de control...
2026-01-19 09:07:10,144 [INFO] src.autoclave.devices.door: Estado actual: DESCONOCIDO.
2026-01-19 09:07:10,144 [ERROR] src.autoclave.devices.door: Error: Estado inicial de puerta inconsistente.
2026-01-19 09:07:10,145 [INFO] src.autoclave.devices.door: Estado actual: DESCONOCIDO.
2026-01-19 09:07:10,145 [ERROR] src.autoclave.devices.door: Error: Estado inicial de puerta inconsistente.
2026-01-19 09:07:10,149 [INFO] autoclave: Conectado a ESP32 en COM3
2026-01-19 09:07:10,454 [INFO] src.autoclave.ui.ui_main.main_window: ✅ Interfaz creada correctamente.
2026-01-19 09:07:10,646 [INFO] __main__: Puerta Puerta 1: DESCONOCIDO -> ERROR
2026-01-19 09:07:10,647 [ERROR] __main__: ¡Error en puerta Puerta 1!
2026-01-19 09:07:10,647 [INFO] __main__: Puerta Puerta 2: DESCONOCIDO -> ERROR
2026-01-19 09:07:10,647 [ERROR] __main__: ¡Error en puerta Puerta 2!
2026-01-19 09:07:10,647 [INFO] src.autoclave.devices.door: Estado actual: ERROR.
2026-01-19 09:07:10,648 [INFO] src.autoclave.devices.door: Estado actual: ERROR.
2026-01-19 09:07:11,148 [INFO] src.autoclave.devices.door: Estado actual: ERROR.
2026-01-19 09:07:11,149 [INFO] src.autoclave.devices.door: Estado actual: ERROR.
2026-01-19 09:07:11,650 [INFO] src.autoclave.devices.door: Estado actual: ERROR.
2026-01-19 09:07:11,651 [INFO] src.autoclave.devices.door: Estado actual: ERROR.
2026-01-19 09:07:12,152 [INFO] src.autoclave.devices.door: Estado actual: ERROR.
2026-01-19 09:07:12,154 [INFO] src.autoclave.devices.door: Estado actual: ERROR.
2026-01-19 09:07:12,654 [INFO] src.autoclave.devices.door: Estado actual: ERROR.
2026-01-19 09:07:12,655 [INFO] src.autoclave.devices.door: Estado actual: ERROR.
2026-01-19 09:07:13,157 [INFO] src.autoclave.devices.door: Estado actual: ERROR.
2026-01-19 09:07:13,157 [INFO] src.autoclave.devices.door: Estado actual: ERROR.
2026-01-19 09:07:13,658 [INFO] src.autoclave.devices.door: Estado actual: ERROR.
2026-01-19 09:07:13,659 [INFO] src.autoclave.devices.door: Estado actual: ERROR.
2026-01-19 09:07:14,161 [INFO] src.autoclave.devices.door: Estado actual: ERROR.
2026-01-19 09:07:14,162 [INFO] src.autoclave.devices.door: Estado actual: ERROR.
2026-01-19 09:07:14,663 [INFO] src.autoclave.devices.door: Estado actual: ERROR.
2026-01-19 09:07:14,664 [INFO] src.autoclave.devices.door: Estado actual: ERROR.
2026-01-19 09:07:15,165 [INFO] src.autoclave.devices.door: Estado actual: ERROR.
2026-01-19 09:07:15,167 [INFO] src.autoclave.devices.door: Estado actual: ERROR.
2026-01-19 09:07:15,668 [INFO] src.autoclave.devices.door: Estado actual: ERROR.
2026-01-19 09:07:15,669 [INFO] src.autoclave.devices.door: Estado actual: ERROR.
2026-01-19 09:07:16,170 [INFO] src.autoclave.devices.door: Estado actual: ERROR.
2026-01-19 09:07:16,170 [INFO] src.autoclave.devices.door: Estado actual: ERROR.
2026-01-19 09:07:16,671 [INFO] src.autoclave.devices.door: Estado actual: ERROR.
2026-01-19 09:07:16,672 [INFO] src.autoclave.devices.door: Estado actual: ERROR.
2026-01-19 09:07:17,173 [INFO] src.autoclave.devices.door: Estado actual: ERROR.
2026-01-19 09:07:17,175 [INFO] src.autoclave.devices.door: Estado actual: ERROR.
2026-01-19 09:07:17,676 [INFO] src.autoclave.devices.door: Estado actual: ERROR.
2026-01-19 09:07:17,677 [INFO] src.autoclave.devices.door: Estado actual: ERROR.
2026-01-19 09:07:18,180 [INFO] src.autoclave.devices.door: Estado actual: ERROR.
2026-01-19 09:07:18,181 [INFO] src.autoclave.devices.door: Estado actual: ERROR.
2026-01-19 09:07:18,682 [INFO] src.autoclave.devices.door: Estado actual: ERROR.
2026-01-19 09:07:18,683 [INFO] src.autoclave.devices.door: Estado actual: ERROR.
2026-01-19 09:07:19,184 [INFO] src.autoclave.devices.door: Estado actual: ERROR.
2026-01-19 09:07:19,185 [INFO] src.autoclave.devices.door: Estado actual: ERROR.
2026-01-19 09:07:19,687 [INFO] src.autoclave.devices.door: Estado actual: ERROR.
2026-01-19 09:07:19,688 [INFO] src.autoclave.devices.door: Estado actual: ERROR.
2026-01-19 09:07:20,190 [INFO] src.autoclave.devices.door: Estado actual: ERROR.
2026-01-19 09:07:20,190 [INFO] src.autoclave.devices.door: Estado actual: ERROR.
2026-01-19 09:07:20,691 [INFO] src.autoclave.devices.door: Estado actual: ERROR.
2026-01-19 09:07:20,691 [INFO] src.autoclave.devices.door: Estado actual: ERROR.
2026-01-19 09:07:21,193 [INFO] src.autoclave.devices.door: Estado actual: ERROR.
2026-01-19 09:07:21,193 [INFO] src.autoclave.devices.door: Estado actual: ERROR.
2026-01-19 09:07:21,695 [INFO] src.autoclave.devices.door: Estado actual: ERROR.
2026-01-19 09:07:21,696 [INFO] src.autoclave.devices.door: Estado actual: ERROR.
2026-01-19 09:07:22,197 [INFO] src.autoclave.devices.door: Estado actual: ERROR.
2026-01-19 09:07:22,198 [INFO] src.autoclave.devices.door: Estado actual: ERROR.
2026-01-19 09:07:22,698 [INFO] src.autoclave.devices.door: Estado actual: ERROR.
2026-01-19 09:07:22,701 [INFO] src.autoclave.devices.door: Estado actual: ERROR.
2026-01-19 09:07:23,202 [INFO] src.autoclave.devices.door: Estado actual: ERROR.
2026-01-19 09:07:23,203 [INFO] src.autoclave.devices.door: Estado actual: ERROR.
2026-01-19 09:07:23,704 [INFO] src.autoclave.devices.door: Estado actual: ERROR.
2026-01-19 09:07:23,705 [INFO] src.autoclave.devices.door: Estado actual: ERROR.
2026-01-19 09:10:35,296 [INFO] sqlalchemy.engine.Engine: BEGIN (implicit)
2026-01-19 09:10:35,297 [INFO] sqlalchemy.engine.Engine: PRAGMA main.table_info("ac_puerto")
2026-01-19 09:10:35,299 [INFO] sqlalchemy.engine.Engine: [raw sql] ()
2026-01-19 09:10:35,301 [INFO] sqlalchemy.engine.Engine: PRAGMA main.table_info("ac_pantalla_control")
2026-01-19 09:10:35,302 [INFO] sqlalchemy.engine.Engine: [raw sql] ()
2026-01-19 09:10:35,303 [INFO] sqlalchemy.engine.Engine: PRAGMA main.table_info("proceso_control")
2026-01-19 09:10:35,304 [INFO] sqlalchemy.engine.Engine: [raw sql] ()
2026-01-19 09:10:35,305 [INFO] sqlalchemy.engine.Engine: PRAGMA main.table_info("proceso_fase")
2026-01-19 09:10:35,306 [INFO] sqlalchemy.engine.Engine: [raw sql] ()
2026-01-19 09:10:35,307 [INFO] sqlalchemy.engine.Engine: PRAGMA main.table_info("proceso_fase_parametro")
2026-01-19 09:10:35,308 [INFO] sqlalchemy.engine.Engine: [raw sql] ()
2026-01-19 09:10:35,309 [INFO] sqlalchemy.engine.Engine: COMMIT
2026-01-19 09:10:35,657 [INFO] __main__: Iniciando la aplicación Autoclave...
2026-01-19 09:10:35,669 [INFO] autoclave: Iniciando SerialLink...
2026-01-19 09:10:35,777 [INFO] src.autoclave.services.control_loop: Iniciando el bucle de control...
2026-01-19 09:10:35,778 [INFO] src.autoclave.devices.door: Estado actual: DESCONOCIDO.
2026-01-19 09:10:35,778 [ERROR] src.autoclave.devices.door: Error: Estado inicial de puerta inconsistente .
2026-01-19 09:10:35,779 [INFO] src.autoclave.devices.door: Estado actual: DESCONOCIDO.
2026-01-19 09:10:35,779 [ERROR] src.autoclave.devices.door: Error: Estado inicial de puerta inconsistente .
2026-01-19 09:10:35,783 [INFO] autoclave: Conectado a ESP32 en COM3
2026-01-19 09:10:36,102 [INFO] src.autoclave.ui.ui_main.main_window: ✅ Interfaz creada correctamente.
2026-01-19 09:10:36,281 [INFO] __main__: Puerta Puerta 1: DESCONOCIDO -> ERROR
2026-01-19 09:10:36,281 [ERROR] __main__: ¡Error en puerta Puerta 1!
2026-01-19 09:10:36,282 [INFO] __main__: Puerta Puerta 2: DESCONOCIDO -> ERROR
2026-01-19 09:10:36,283 [ERROR] __main__: ¡Error en puerta Puerta 2!
2026-01-19 09:10:36,284 [INFO] src.autoclave.devices.door: Estado actual: ERROR.
2026-01-19 09:10:36,284 [INFO] src.autoclave.devices.door: Estado actual: ERROR.
2026-01-19 09:10:36,785 [INFO] src.autoclave.devices.door: Estado actual: ERROR.
2026-01-19 09:10:36,786 [INFO] src.autoclave.devices.door: Estado actual: ERROR.
2026-01-19 09:10:37,287 [INFO] src.autoclave.devices.door: Estado actual: ERROR.
2026-01-19 09:10:37,288 [INFO] src.autoclave.devices.door: Estado actual: ERROR.
2026-01-19 09:10:37,790 [INFO] src.autoclave.devices.door: Estado actual: ERROR.
2026-01-19 09:10:37,790 [INFO] src.autoclave.devices.door: Estado actual: ERROR.
2026-01-19 09:10:38,295 [INFO] src.autoclave.devices.door: Estado actual: ERROR.
2026-01-19 09:10:38,296 [INFO] src.autoclave.devices.door: Estado actual: ERROR.
2026-01-19 09:10:38,798 [INFO] src.autoclave.devices.door: Estado actual: ERROR.
2026-01-19 09:10:38,801 [INFO] src.autoclave.devices.door: Estado actual: ERROR.
2026-01-19 09:10:39,303 [INFO] src.autoclave.devices.door: Estado actual: ERROR.
2026-01-19 09:10:39,304 [INFO] src.autoclave.devices.door: Estado actual: ERROR.
2026-01-19 09:10:39,807 [INFO] src.autoclave.devices.door: Estado actual: ERROR.
2026-01-19 09:10:39,807 [INFO] src.autoclave.devices.door: Estado actual: ERROR.
2026-01-19 09:10:40,309 [INFO] src.autoclave.devices.door: Estado actual: ERROR.
2026-01-19 09:10:40,309 [INFO] src.autoclave.devices.door: Estado actual: ERROR.
2026-01-19 09:10:40,810 [INFO] src.autoclave.devices.door: Estado actual: ERROR.
2026-01-19 09:10:40,811 [INFO] src.autoclave.devices.door: Estado actual: ERROR.
2026-01-19 09:10:41,312 [INFO] src.autoclave.devices.door: Estado actual: ERROR.
2026-01-19 09:10:41,313 [INFO] src.autoclave.devices.door: Estado actual: ERROR.
2026-01-19 09:10:41,814 [INFO] src.autoclave.devices.door: Estado actual: ERROR.
2026-01-19 09:10:41,815 [INFO] src.autoclave.devices.door: Estado actual: ERROR.
2026-01-19 09:10:42,316 [INFO] src.autoclave.devices.door: Estado actual: ERROR.
2026-01-19 09:10:42,317 [INFO] src.autoclave.devices.door: Estado actual: ERROR.
2026-01-19 09:10:42,820 [INFO] src.autoclave.devices.door: Estado actual: ERROR.
2026-01-19 09:10:42,820 [INFO] src.autoclave.devices.door: Estado actual: ERROR.
2026-01-19 09:12:05,127 [INFO] sqlalchemy.engine.Engine: BEGIN (implicit)
2026-01-19 09:12:05,128 [INFO] sqlalchemy.engine.Engine: PRAGMA main.table_info("ac_puerto")
2026-01-19 09:12:05,129 [INFO] sqlalchemy.engine.Engine: [raw sql] ()
2026-01-19 09:12:05,130 [INFO] sqlalchemy.engine.Engine: PRAGMA main.table_info("ac_pantalla_control")
2026-01-19 09:12:05,131 [INFO] sqlalchemy.engine.Engine: [raw sql] ()
2026-01-19 09:12:05,132 [INFO] sqlalchemy.engine.Engine: PRAGMA main.table_info("proceso_control")
2026-01-19 09:12:05,132 [INFO] sqlalchemy.engine.Engine: [raw sql] ()
2026-01-19 09:12:05,133 [INFO] sqlalchemy.engine.Engine: PRAGMA main.table_info("proceso_fase")
2026-01-19 09:12:05,133 [INFO] sqlalchemy.engine.Engine: [raw sql] ()
2026-01-19 09:12:05,134 [INFO] sqlalchemy.engine.Engine: PRAGMA main.table_info("proceso_fase_parametro")
2026-01-19 09:12:05,134 [INFO] sqlalchemy.engine.Engine: [raw sql] ()
2026-01-19 09:12:05,135 [INFO] sqlalchemy.engine.Engine: COMMIT
2026-01-19 09:12:05,377 [INFO] __main__: Iniciando la aplicación Autoclave...
2026-01-19 09:12:05,391 [INFO] autoclave: Iniciando SerialLink...
2026-01-19 09:12:05,495 [INFO] src.autoclave.services.control_loop: Iniciando el bucle de control...
2026-01-19 09:12:05,497 [INFO] src.autoclave.devices.door: Estado actual: DESCONOCIDO.
2026-01-19 09:12:05,497 [ERROR] src.autoclave.devices.door: Error: Estado inicial de puerta inconsistente .
2026-01-19 09:12:05,497 [INFO] src.autoclave.devices.door: Estado actual: DESCONOCIDO.
2026-01-19 09:12:05,497 [ERROR] src.autoclave.devices.door: Error: Estado inicial de puerta inconsistente .
2026-01-19 09:12:05,502 [INFO] autoclave: Conectado a ESP32 en COM3
2026-01-19 09:12:05,824 [INFO] src.autoclave.ui.ui_main.main_window: ✅ Interfaz creada correctamente.
2026-01-19 09:12:05,999 [INFO] __main__: Puerta Puerta 1: DESCONOCIDO -> ERROR
2026-01-19 09:12:06,000 [ERROR] __main__: ¡Error en puerta Puerta 1!
2026-01-19 09:12:06,001 [INFO] __main__: Puerta Puerta 2: DESCONOCIDO -> ERROR
2026-01-19 09:12:06,001 [ERROR] __main__: ¡Error en puerta Puerta 2!
2026-01-19 09:12:06,002 [INFO] src.autoclave.devices.door: Estado actual: ERROR.
2026-01-19 09:12:06,002 [INFO] src.autoclave.devices.door: Estado actual: ERROR.
2026-01-19 09:12:06,505 [INFO] src.autoclave.devices.door: Estado actual: ERROR.
2026-01-19 09:12:06,505 [INFO] src.autoclave.devices.door: Estado actual: ERROR.
2026-01-19 09:12:07,007 [INFO] src.autoclave.devices.door: Estado actual: ERROR.
2026-01-19 09:12:07,007 [INFO] src.autoclave.devices.door: Estado actual: ERROR.
2026-01-19 09:12:07,509 [INFO] src.autoclave.devices.door: Estado actual: ERROR.
2026-01-19 09:12:07,510 [INFO] src.autoclave.devices.door: Estado actual: ERROR.
2026-01-19 09:12:08,012 [INFO] src.autoclave.devices.door: Estado actual: ERROR.
2026-01-19 09:12:08,012 [INFO] src.autoclave.devices.door: Estado actual: ERROR.
2026-01-19 09:12:08,515 [INFO] src.autoclave.devices.door: Estado actual: ERROR.
2026-01-19 09:12:08,516 [INFO] src.autoclave.devices.door: Estado actual: ERROR.
2026-01-19 09:12:09,018 [INFO] src.autoclave.devices.door: Estado actual: ERROR.
2026-01-19 09:12:09,019 [INFO] src.autoclave.devices.door: Estado actual: ERROR.
2026-01-19 09:12:09,521 [INFO] src.autoclave.devices.door: Estado actual: ERROR.
2026-01-19 09:12:09,521 [INFO] src.autoclave.devices.door: Estado actual: ERROR.
2026-01-19 09:12:09,678 [INFO] __main__: Comando de apertura de puerta enviado.
2026-01-19 09:12:10,023 [INFO] __main__: Puerta Puerta 1: ERROR -> ABRIENDO
2026-01-19 09:12:10,024 [INFO] __main__: Puerta Puerta 1 abriéndose...
2026-01-19 09:12:10,025 [INFO] src.autoclave.devices.door: Estado actual: ABRIENDO.
2026-01-19 09:12:10,026 [INFO] src.autoclave.devices.door: Bomba de vacio encendida.
2026-01-19 09:12:10,028 [INFO] src.autoclave.devices.door: Desbloqueo de puerta activado.
2026-01-19 09:12:10,028 [INFO] src.autoclave.devices.door: presion empaque: 267.7 kPa.
2026-01-19 09:12:10,029 [INFO] src.autoclave.devices.door: Estado actual: ERROR.
2026-01-19 09:12:10,531 [INFO] src.autoclave.devices.door: Estado actual: ABRIENDO.
2026-01-19 09:12:10,531 [INFO] src.autoclave.devices.door: presion empaque: 266.06 kPa.
2026-01-19 09:12:10,532 [INFO] src.autoclave.devices.door: Estado actual: ERROR.
2026-01-19 09:12:11,034 [INFO] src.autoclave.devices.door: Estado actual: ABRIENDO.
2026-01-19 09:12:11,035 [INFO] src.autoclave.devices.door: presion empaque: 267.55 kPa.
2026-01-19 09:12:11,036 [INFO] src.autoclave.devices.door: Estado actual: ERROR.
2026-01-19 09:12:11,538 [INFO] src.autoclave.devices.door: Estado actual: ABRIENDO.
2026-01-19 09:12:11,539 [INFO] src.autoclave.devices.door: presion empaque: 265.38 kPa.
2026-01-19 09:12:11,539 [INFO] src.autoclave.devices.door: Estado actual: ERROR.
2026-01-19 09:12:12,042 [INFO] src.autoclave.devices.door: Estado actual: ABRIENDO.
2026-01-19 09:12:12,043 [INFO] src.autoclave.devices.door: presion empaque: 266.03 kPa.
2026-01-19 09:12:12,043 [INFO] src.autoclave.devices.door: Estado actual: ERROR.
2026-01-19 09:12:12,545 [INFO] src.autoclave.devices.door: Estado actual: ABRIENDO.
2026-01-19 09:12:12,547 [INFO] src.autoclave.devices.door: presion empaque: 267.41 kPa.
2026-01-19 09:12:12,548 [INFO] src.autoclave.devices.door: Estado actual: ERROR.
2026-01-19 09:12:13,051 [INFO] src.autoclave.devices.door: Estado actual: ABRIENDO.
2026-01-19 09:12:13,052 [INFO] src.autoclave.devices.door: presion empaque: 266.67 kPa.
2026-01-19 09:12:13,053 [INFO] src.autoclave.devices.door: Estado actual: ERROR.
2026-01-19 09:12:13,555 [INFO] src.autoclave.devices.door: Estado actual: ABRIENDO.
2026-01-19 09:12:13,556 [INFO] src.autoclave.devices.door: presion empaque: 265.83 kPa.
2026-01-19 09:12:13,557 [INFO] src.autoclave.devices.door: Estado actual: ERROR.
2026-01-19 09:12:14,059 [INFO] src.autoclave.devices.door: Estado actual: ABRIENDO.
2026-01-19 09:12:14,060 [INFO] src.autoclave.devices.door: presion empaque: 266.7 kPa.
2026-01-19 09:12:14,060 [INFO] src.autoclave.devices.door: Estado actual: ERROR.
2026-01-19 09:12:14,562 [INFO] src.autoclave.devices.door: Estado actual: ABRIENDO.
2026-01-19 09:12:14,563 [INFO] src.autoclave.devices.door: presion empaque: 265.01 kPa.
2026-01-19 09:12:14,563 [INFO] src.autoclave.devices.door: Estado actual: ERROR.
2026-01-19 09:12:15,065 [INFO] src.autoclave.devices.door: Estado actual: ABRIENDO.
2026-01-19 09:12:15,067 [INFO] src.autoclave.devices.door: presion empaque: 265.52 kPa.
2026-01-19 09:12:15,067 [INFO] src.autoclave.devices.door: Estado actual: ERROR.
2026-01-19 09:12:15,569 [INFO] src.autoclave.devices.door: Estado actual: ABRIENDO.
2026-01-19 09:12:15,570 [INFO] src.autoclave.devices.door: presion empaque: 264.8 kPa.
2026-01-19 09:12:15,570 [INFO] src.autoclave.devices.door: Estado actual: ERROR.
2026-01-19 09:12:16,073 [INFO] src.autoclave.devices.door: Estado actual: ABRIENDO.
2026-01-19 09:12:16,074 [INFO] src.autoclave.devices.door: presion empaque: 264.8 kPa.
2026-01-19 09:12:16,074 [INFO] src.autoclave.devices.door: Estado actual: ERROR.
2026-01-19 09:12:16,575 [INFO] src.autoclave.devices.door: Estado actual: ABRIENDO.
2026-01-19 09:12:16,576 [INFO] src.autoclave.devices.door: presion empaque: 263.91 kPa.
2026-01-19 09:12:16,577 [INFO] src.autoclave.devices.door: Estado actual: ERROR.
2026-01-19 09:12:17,078 [INFO] src.autoclave.devices.door: Estado actual: ABRIENDO.
2026-01-19 09:12:17,079 [INFO] src.autoclave.devices.door: presion empaque: 266.88 kPa.
2026-01-19 09:12:17,079 [INFO] src.autoclave.devices.door: Estado actual: ERROR.
2026-01-19 09:12:17,581 [INFO] src.autoclave.devices.door: Estado actual: ABRIENDO.
2026-01-19 09:12:17,582 [INFO] src.autoclave.devices.door: presion empaque: 249.28 kPa.
2026-01-19 09:12:17,586 [INFO] src.autoclave.devices.door: Estado actual: ERROR.
2026-01-19 09:12:18,088 [INFO] src.autoclave.devices.door: Estado actual: ABRIENDO.
2026-01-19 09:12:18,089 [INFO] src.autoclave.devices.door: presion empaque: 221.56 kPa.
2026-01-19 09:12:18,090 [INFO] src.autoclave.devices.door: Estado actual: ERROR.
2026-01-19 09:12:18,592 [INFO] src.autoclave.devices.door: Estado actual: ABRIENDO.
2026-01-19 09:12:18,593 [INFO] src.autoclave.devices.door: presion empaque: 203.77 kPa.
2026-01-19 09:12:18,594 [INFO] src.autoclave.devices.door: Estado actual: ERROR.
2026-01-19 09:12:19,095 [INFO] src.autoclave.devices.door: Estado actual: ABRIENDO.
2026-01-19 09:12:19,096 [INFO] src.autoclave.devices.door: presion empaque: 174.5 kPa.
2026-01-19 09:12:19,097 [INFO] src.autoclave.devices.door: Estado actual: ERROR.
2026-01-19 09:12:19,600 [INFO] src.autoclave.devices.door: Estado actual: ABRIENDO.
2026-01-19 09:12:19,601 [INFO] src.autoclave.devices.door: presion empaque: 159.65 kPa.
2026-01-19 09:12:19,602 [INFO] src.autoclave.devices.door: Estado actual: ERROR.
2026-01-19 09:12:20,104 [INFO] src.autoclave.devices.door: Estado actual: ABRIENDO.
2026-01-19 09:12:20,105 [INFO] src.autoclave.devices.door: presion empaque: 150.7 kPa.
2026-01-19 09:12:20,105 [INFO] src.autoclave.devices.door: Estado actual: ERROR.
2026-01-19 09:12:20,607 [INFO] src.autoclave.devices.door: Estado actual: ABRIENDO.
2026-01-19 09:12:20,607 [INFO] src.autoclave.devices.door: presion empaque: 144.42 kPa.
2026-01-19 09:12:20,608 [INFO] src.autoclave.devices.door: Estado actual: ERROR.
2026-01-19 09:12:21,110 [INFO] src.autoclave.devices.door: Estado actual: ABRIENDO.
2026-01-19 09:12:21,111 [INFO] src.autoclave.devices.door: presion empaque: 144.0 kPa.
2026-01-19 09:12:21,112 [INFO] src.autoclave.devices.door: Estado actual: ERROR.
2026-01-19 09:12:21,613 [INFO] src.autoclave.devices.door: Estado actual: ABRIENDO.
2026-01-19 09:12:21,614 [INFO] src.autoclave.devices.door: presion empaque: 144.95 kPa.
2026-01-19 09:12:21,615 [INFO] src.autoclave.devices.door: Estado actual: ERROR.
2026-01-19 09:12:22,120 [INFO] src.autoclave.devices.door: Estado actual: ABRIENDO.
2026-01-19 09:12:22,121 [INFO] src.autoclave.devices.door: presion empaque: 140.53 kPa.
2026-01-19 09:12:22,121 [INFO] src.autoclave.devices.door: Estado actual: ERROR.
2026-01-19 09:12:22,624 [INFO] src.autoclave.devices.door: Estado actual: ABRIENDO.
2026-01-19 09:12:22,625 [INFO] src.autoclave.devices.door: presion empaque: 142.48 kPa.
2026-01-19 09:12:22,625 [INFO] src.autoclave.devices.door: Estado actual: ERROR.
2026-01-19 09:12:23,127 [INFO] src.autoclave.devices.door: Estado actual: ABRIENDO.
2026-01-19 09:12:23,128 [INFO] src.autoclave.devices.door: presion empaque: 133.71 kPa.
2026-01-19 09:12:23,129 [INFO] src.autoclave.devices.door: Estado actual: ERROR.
2026-01-19 09:12:23,633 [INFO] src.autoclave.devices.door: Estado actual: ABRIENDO.
2026-01-19 09:12:23,634 [INFO] src.autoclave.devices.door: presion empaque: 121.91 kPa.
2026-01-19 09:12:23,635 [INFO] src.autoclave.devices.door: Estado actual: ERROR.
2026-01-19 09:12:24,136 [INFO] src.autoclave.devices.door: Estado actual: ABRIENDO.
2026-01-19 09:12:24,137 [INFO] src.autoclave.devices.door: presion empaque: 118.95 kPa.
2026-01-19 09:12:24,138 [INFO] src.autoclave.devices.door: Estado actual: ERROR.
2026-01-19 09:12:24,639 [INFO] src.autoclave.devices.door: Estado actual: ABRIENDO.
2026-01-19 09:12:24,640 [INFO] src.autoclave.devices.door: presion empaque: 116.85 kPa.
2026-01-19 09:12:24,640 [INFO] src.autoclave.devices.door: Estado actual: ERROR.
2026-01-19 09:12:25,142 [INFO] src.autoclave.devices.door: Estado actual: ABRIENDO.
2026-01-19 09:12:25,143 [INFO] src.autoclave.devices.door: presion empaque: 113.43 kPa.
2026-01-19 09:12:25,144 [INFO] src.autoclave.devices.door: Estado actual: ERROR.
2026-01-19 09:12:25,647 [INFO] src.autoclave.devices.door: Estado actual: ABRIENDO.
2026-01-19 09:12:25,647 [INFO] src.autoclave.devices.door: presion empaque: 110.72 kPa.
2026-01-19 09:12:25,648 [INFO] src.autoclave.devices.door: Estado actual: ERROR.
2026-01-19 09:12:26,151 [INFO] src.autoclave.devices.door: Estado actual: ABRIENDO.
2026-01-19 09:12:26,151 [INFO] src.autoclave.devices.door: presion empaque: 106.9 kPa.
2026-01-19 09:12:26,152 [INFO] src.autoclave.devices.door: Estado actual: ERROR.
2026-01-19 09:12:26,653 [INFO] src.autoclave.devices.door: Estado actual: ABRIENDO.
2026-01-19 09:12:26,654 [INFO] src.autoclave.devices.door: presion empaque: 101.36 kPa.
2026-01-19 09:12:26,655 [INFO] src.autoclave.devices.door: Estado actual: ERROR.
2026-01-19 09:12:27,158 [INFO] src.autoclave.devices.door: Estado actual: ABRIENDO.
2026-01-19 09:12:27,159 [INFO] src.autoclave.devices.door: presion empaque: 102.98 kPa.
2026-01-19 09:12:27,159 [INFO] src.autoclave.devices.door: Estado actual: ERROR.
2026-01-19 09:12:27,661 [INFO] src.autoclave.devices.door: Estado actual: ABRIENDO.
2026-01-19 09:12:27,661 [INFO] src.autoclave.devices.door: presion empaque: 99.05 kPa.
2026-01-19 09:12:27,662 [INFO] src.autoclave.devices.door: Actuador de apertura activado.
2026-01-19 09:12:27,663 [INFO] src.autoclave.devices.door: Estado actual: ERROR.
2026-01-19 09:12:28,164 [INFO] src.autoclave.devices.door: Estado actual: ABRIENDO.
2026-01-19 09:12:28,165 [INFO] src.autoclave.devices.door: presion empaque: 97.19 kPa.
2026-01-19 09:12:28,165 [INFO] src.autoclave.devices.door: Actuador de apertura activado.
2026-01-19 09:12:28,166 [INFO] src.autoclave.devices.door: Estado actual: ERROR.
2026-01-19 09:12:28,667 [INFO] src.autoclave.devices.door: Estado actual: ABRIENDO.
2026-01-19 09:12:28,668 [INFO] src.autoclave.devices.door: presion empaque: 92.66 kPa.
2026-01-19 09:12:28,668 [INFO] src.autoclave.devices.door: Actuador de apertura activado.
2026-01-19 09:12:28,669 [INFO] src.autoclave.devices.door: Estado actual: ERROR.
2026-01-19 09:12:29,170 [INFO] src.autoclave.devices.door: Estado actual: ABRIENDO.
2026-01-19 09:12:29,172 [INFO] src.autoclave.devices.door: presion empaque: 91.24 kPa.
2026-01-19 09:12:29,173 [INFO] src.autoclave.devices.door: Actuador de apertura activado.
2026-01-19 09:12:29,173 [INFO] src.autoclave.devices.door: Estado actual: ERROR.
2026-01-19 09:12:29,677 [INFO] src.autoclave.devices.door: Estado actual: ABRIENDO.
2026-01-19 09:12:29,678 [INFO] src.autoclave.devices.door: presion empaque: 91.12 kPa.
2026-01-19 09:12:29,679 [INFO] src.autoclave.devices.door: Actuador de apertura activado.
2026-01-19 09:12:29,679 [INFO] src.autoclave.devices.door: Estado actual: ERROR.
2026-01-19 09:12:30,181 [INFO] src.autoclave.devices.door: Estado actual: ABRIENDO.
2026-01-19 09:12:30,182 [INFO] src.autoclave.devices.door: presion empaque: 92.02 kPa.
2026-01-19 09:12:30,184 [INFO] src.autoclave.devices.door: Actuador de apertura activado.
2026-01-19 09:12:30,184 [INFO] src.autoclave.devices.door: Estado actual: ERROR.
2026-01-19 09:12:30,686 [INFO] src.autoclave.devices.door: Estado actual: ABRIENDO.
2026-01-19 09:12:30,686 [INFO] src.autoclave.devices.door: presion empaque: 90.98 kPa.
2026-01-19 09:12:30,687 [INFO] src.autoclave.devices.door: Actuador de apertura activado.
2026-01-19 09:12:30,688 [INFO] src.autoclave.devices.door: Estado actual: ERROR.
2026-01-19 09:12:31,189 [INFO] src.autoclave.devices.door: Estado actual: ABRIENDO.
2026-01-19 09:12:31,189 [INFO] src.autoclave.devices.door: presion empaque: 91.54 kPa.
2026-01-19 09:12:31,190 [INFO] src.autoclave.devices.door: Actuador de apertura activado.
2026-01-19 09:12:31,190 [INFO] src.autoclave.devices.door: Estado actual: ERROR.
2026-01-19 09:12:31,692 [INFO] src.autoclave.devices.door: Estado actual: ABRIENDO.
2026-01-19 09:12:31,692 [INFO] src.autoclave.devices.door: presion empaque: 92.05 kPa.
2026-01-19 09:12:31,693 [INFO] src.autoclave.devices.door: Actuador de apertura activado.
2026-01-19 09:12:31,694 [INFO] src.autoclave.devices.door: Estado actual: ERROR.
2026-01-19 09:12:32,195 [INFO] src.autoclave.devices.door: Estado actual: ABRIENDO.
2026-01-19 09:12:32,195 [INFO] src.autoclave.devices.door: presion empaque: 92.39 kPa.
2026-01-19 09:12:32,196 [INFO] src.autoclave.devices.door: Actuador de apertura activado.
2026-01-19 09:12:32,196 [INFO] src.autoclave.devices.door: Estado actual: ERROR.
2026-01-19 09:12:32,698 [INFO] src.autoclave.devices.door: Estado actual: ABRIENDO.
2026-01-19 09:12:32,698 [INFO] src.autoclave.devices.door: presion empaque: 92.48 kPa.
2026-01-19 09:12:32,699 [INFO] src.autoclave.devices.door: Actuador de apertura activado.
2026-01-19 09:12:32,699 [INFO] src.autoclave.devices.door: Estado actual: ERROR.
2026-01-19 09:12:33,200 [INFO] src.autoclave.devices.door: Estado actual: ABRIENDO.
2026-01-19 09:12:33,201 [INFO] src.autoclave.devices.door: presion empaque: 93.98 kPa.
2026-01-19 09:12:33,202 [INFO] src.autoclave.devices.door: Actuador de apertura activado.
2026-01-19 09:12:33,202 [INFO] src.autoclave.devices.door: Estado actual: ERROR.
2026-01-19 09:12:33,704 [INFO] src.autoclave.devices.door: Estado actual: ABRIENDO.
2026-01-19 09:12:33,704 [INFO] src.autoclave.devices.door: presion empaque: 95.01 kPa.
2026-01-19 09:12:33,705 [INFO] src.autoclave.devices.door: Actuador de apertura activado.
2026-01-19 09:12:33,705 [INFO] src.autoclave.devices.door: Estado actual: ERROR.
2026-01-19 09:12:34,207 [INFO] src.autoclave.devices.door: Estado actual: ABRIENDO.
2026-01-19 09:12:34,207 [INFO] src.autoclave.devices.door: presion empaque: 94.07 kPa.
2026-01-19 09:12:34,208 [INFO] src.autoclave.devices.door: Actuador de apertura activado.
2026-01-19 09:12:34,208 [INFO] src.autoclave.devices.door: Actuador de apertura desactivado.
2026-01-19 09:12:34,209 [INFO] src.autoclave.devices.door: Bomba de vacio apagada.
2026-01-19 09:12:34,210 [INFO] src.autoclave.devices.door: Desbloqueo de puerta desactivado.
2026-01-19 09:12:34,210 [INFO] src.autoclave.devices.door: Puerta abierta correctamente.
2026-01-19 09:12:34,211 [INFO] src.autoclave.devices.door: Estado actual: ERROR.
2026-01-19 09:12:34,712 [INFO] __main__: Puerta Puerta 1: ABRIENDO -> ABIERTO
2026-01-19 09:12:34,713 [INFO] __main__: Puerta Puerta 1 abierta.
2026-01-19 09:12:34,713 [INFO] src.autoclave.devices.door: Estado actual: ABIERTO.
2026-01-19 09:12:34,714 [INFO] src.autoclave.devices.door: Estado actual: ERROR.
2026-01-19 09:12:35,215 [INFO] src.autoclave.devices.door: Estado actual: ABIERTO.
2026-01-19 09:12:35,216 [INFO] src.autoclave.devices.door: Estado actual: ERROR.
2026-01-19 09:12:35,718 [INFO] src.autoclave.devices.door: Estado actual: ABIERTO.
2026-01-19 09:12:35,719 [INFO] src.autoclave.devices.door: Estado actual: ERROR.
2026-01-19 09:12:36,221 [INFO] src.autoclave.devices.door: Estado actual: ABIERTO.
2026-01-19 09:12:36,222 [INFO] src.autoclave.devices.door: Estado actual: ERROR.
2026-01-19 09:12:36,723 [INFO] src.autoclave.devices.door: Estado actual: ABIERTO.
2026-01-19 09:12:36,723 [INFO] src.autoclave.devices.door: Estado actual: ERROR.
2026-01-19 09:12:37,224 [INFO] src.autoclave.devices.door: Estado actual: ABIERTO.
2026-01-19 09:12:37,225 [INFO] src.autoclave.devices.door: Estado actual: ERROR.
2026-01-19 09:12:37,726 [INFO] src.autoclave.devices.door: Estado actual: ABIERTO.
2026-01-19 09:12:37,727 [INFO] src.autoclave.devices.door: Estado actual: ERROR.
2026-01-19 09:12:38,228 [INFO] src.autoclave.devices.door: Estado actual: ABIERTO.
2026-01-19 09:12:38,229 [INFO] src.autoclave.devices.door: Estado actual: ERROR.
2026-01-19 09:12:38,731 [INFO] src.autoclave.devices.door: Estado actual: ABIERTO.
2026-01-19 09:12:38,731 [INFO] src.autoclave.devices.door: Estado actual: ERROR.
2026-01-19 09:12:39,234 [INFO] src.autoclave.devices.door: Estado actual: ABIERTO.
2026-01-19 09:12:39,234 [INFO] src.autoclave.devices.door: Estado actual: ERROR.
2026-01-19 09:12:39,739 [INFO] src.autoclave.devices.door: Estado actual: ABIERTO.
2026-01-19 09:12:39,740 [INFO] src.autoclave.devices.door: Estado actual: ERROR.
2026-01-19 09:12:40,243 [INFO] src.autoclave.devices.door: Estado actual: ABIERTO.
2026-01-19 09:12:40,244 [INFO] src.autoclave.devices.door: Estado actual: ERROR.
2026-01-19 09:12:40,745 [INFO] src.autoclave.devices.door: Estado actual: ABIERTO.
2026-01-19 09:12:40,746 [INFO] src.autoclave.devices.door: Estado actual: ERROR.
2026-01-19 09:12:41,248 [INFO] src.autoclave.devices.door: Estado actual: ABIERTO.
2026-01-19 09:12:41,249 [INFO] src.autoclave.devices.door: Estado actual: ERROR.
2026-01-19 09:12:41,752 [INFO] src.autoclave.devices.door: Estado actual: ABIERTO.
2026-01-19 09:12:41,753 [INFO] src.autoclave.devices.door: Estado actual: ERROR.
2026-01-19 09:12:42,254 [INFO] src.autoclave.devices.door: Estado actual: ABIERTO.
2026-01-19 09:12:42,256 [INFO] src.autoclave.devices.door: Estado actual: ERROR.
2026-01-19 09:12:42,758 [INFO] src.autoclave.devices.door: Estado actual: ABIERTO.
2026-01-19 09:12:42,759 [INFO] src.autoclave.devices.door: Estado actual: ERROR.
2026-01-19 09:12:43,260 [INFO] src.autoclave.devices.door: Estado actual: ABIERTO.
2026-01-19 09:12:43,261 [INFO] src.autoclave.devices.door: Estado actual: ERROR.
2026-01-19 09:12:43,763 [INFO] src.autoclave.devices.door: Estado actual: ABIERTO.
2026-01-19 09:12:43,763 [INFO] src.autoclave.devices.door: Estado actual: ERROR.
2026-01-19 09:12:44,265 [INFO] src.autoclave.devices.door: Estado actual: ABIERTO.
2026-01-19 09:12:44,267 [INFO] src.autoclave.devices.door: Estado actual: ERROR.
2026-01-19 09:12:44,769 [INFO] src.autoclave.devices.door: Estado actual: ABIERTO.
2026-01-19 09:12:44,770 [INFO] src.autoclave.devices.door: Estado actual: ERROR.
2026-01-19 09:12:45,272 [INFO] src.autoclave.devices.door: Estado actual: ABIERTO.
2026-01-19 09:12:45,272 [INFO] src.autoclave.devices.door: Estado actual: ERROR.
2026-01-19 09:12:45,774 [INFO] src.autoclave.devices.door: Estado actual: ABIERTO.
2026-01-19 09:12:45,775 [INFO] src.autoclave.devices.door: Estado actual: ERROR.
2026-01-19 09:12:46,276 [INFO] src.autoclave.devices.door: Estado actual: ABIERTO.
2026-01-19 09:12:46,277 [INFO] src.autoclave.devices.door: Estado actual: ERROR.
2026-01-19 09:12:46,780 [INFO] src.autoclave.devices.door: Estado actual: ABIERTO.
2026-01-19 09:12:46,781 [INFO] src.autoclave.devices.door: Estado actual: ERROR.
2026-01-19 09:12:47,284 [INFO] src.autoclave.devices.door: Estado actual: ABIERTO.
2026-01-19 09:12:47,284 [INFO] src.autoclave.devices.door: Estado actual: ERROR.
2026-01-19 09:12:47,786 [INFO] src.autoclave.devices.door: Estado actual: ABIERTO.
2026-01-19 09:12:47,786 [INFO] src.autoclave.devices.door: Estado actual: ERROR.
2026-01-19 09:12:48,288 [INFO] src.autoclave.devices.door: Estado actual: ABIERTO.
2026-01-19 09:12:48,289 [INFO] src.autoclave.devices.door: Estado actual: ERROR.
2026-01-19 09:12:48,792 [INFO] src.autoclave.devices.door: Estado actual: ABIERTO.
2026-01-19 09:12:48,793 [INFO] src.autoclave.devices.door: Estado actual: ERROR.
2026-01-19 09:12:49,295 [INFO] src.autoclave.devices.door: Estado actual: ABIERTO.
2026-01-19 09:12:49,296 [INFO] src.autoclave.devices.door: Estado actual: ERROR.
2026-01-19 09:12:49,798 [INFO] src.autoclave.devices.door: Estado actual: ABIERTO.
2026-01-19 09:12:49,800 [INFO] src.autoclave.devices.door: Estado actual: ERROR.
2026-01-19 09:12:50,024 [INFO] __main__: Comando de cierre de puerta enviado.
2026-01-19 09:12:50,302 [INFO] __main__: Puerta Puerta 1: ABIERTO -> CERRANDO
2026-01-19 09:12:50,303 [INFO] __main__: Puerta Puerta 1 cerrándose...
2026-01-19 09:12:50,304 [INFO] src.autoclave.devices.door: Estado actual: CERRANDO.
2026-01-19 09:12:50,305 [INFO] src.autoclave.devices.door: Bomba de vacio encendida.
2026-01-19 09:12:50,307 [INFO] src.autoclave.devices.door: Desbloqueo de puerta activado.
2026-01-19 09:12:50,307 [INFO] src.autoclave.devices.door: Iniciando cierre de puerta.
2026-01-19 09:12:50,308 [INFO] src.autoclave.devices.door: Actuador de cierre activado.
2026-01-19 09:12:50,309 [INFO] src.autoclave.devices.door: Estado actual: ERROR.
2026-01-19 09:12:50,810 [INFO] src.autoclave.devices.door: Estado actual: CERRANDO.
2026-01-19 09:12:50,811 [INFO] src.autoclave.devices.door: Actuador de cierre activado.
2026-01-19 09:12:50,812 [INFO] src.autoclave.devices.door: Estado actual: ERROR.
2026-01-19 09:12:51,313 [INFO] src.autoclave.devices.door: Estado actual: CERRANDO.
2026-01-19 09:12:51,314 [INFO] src.autoclave.devices.door: Actuador de cierre activado.
2026-01-19 09:12:51,315 [INFO] src.autoclave.devices.door: Estado actual: ERROR.
2026-01-19 09:12:51,818 [INFO] src.autoclave.devices.door: Estado actual: CERRANDO.
2026-01-19 09:12:51,820 [INFO] src.autoclave.devices.door: Actuador de cierre activado.
2026-01-19 09:12:51,820 [INFO] src.autoclave.devices.door: Estado actual: ERROR.
2026-01-19 09:12:52,323 [INFO] src.autoclave.devices.door: Estado actual: CERRANDO.
2026-01-19 09:12:52,324 [INFO] src.autoclave.devices.door: Actuador de cierre activado.
2026-01-19 09:12:52,325 [INFO] src.autoclave.devices.door: Estado actual: ERROR.
2026-01-19 09:12:52,826 [INFO] src.autoclave.devices.door: Estado actual: CERRANDO.
2026-01-19 09:12:52,828 [INFO] src.autoclave.devices.door: Actuador de cierre activado.
2026-01-19 09:12:52,828 [INFO] src.autoclave.devices.door: Estado actual: ERROR.
2026-01-19 09:12:53,330 [INFO] src.autoclave.devices.door: Estado actual: CERRANDO.
2026-01-19 09:12:53,332 [INFO] src.autoclave.devices.door: Actuador de cierre activado.
2026-01-19 09:12:53,333 [INFO] src.autoclave.devices.door: Estado actual: ERROR.
2026-01-19 09:12:53,835 [INFO] src.autoclave.devices.door: Estado actual: CERRANDO.
2026-01-19 09:12:53,836 [INFO] src.autoclave.devices.door: Actuador de cierre activado.
2026-01-19 09:12:53,836 [INFO] src.autoclave.devices.door: Estado actual: ERROR.
2026-01-19 09:12:54,338 [INFO] src.autoclave.devices.door: Estado actual: CERRANDO.
2026-01-19 09:12:54,338 [INFO] src.autoclave.devices.door: Actuador de cierre activado.
2026-01-19 09:12:54,339 [INFO] src.autoclave.devices.door: Estado actual: ERROR.
2026-01-19 09:12:54,840 [INFO] src.autoclave.devices.door: Estado actual: CERRANDO.
2026-01-19 09:12:54,841 [INFO] src.autoclave.devices.door: Actuador de cierre activado.
2026-01-19 09:12:54,841 [INFO] src.autoclave.devices.door: Estado actual: ERROR.
2026-01-19 09:12:55,342 [INFO] src.autoclave.devices.door: Estado actual: CERRANDO.
2026-01-19 09:12:55,344 [INFO] src.autoclave.devices.door: Actuador de cierre activado.
2026-01-19 09:12:55,345 [INFO] src.autoclave.devices.door: Estado actual: ERROR.
2026-01-19 09:12:55,847 [INFO] src.autoclave.devices.door: Estado actual: CERRANDO.
2026-01-19 09:12:55,848 [INFO] src.autoclave.devices.door: Actuador de cierre activado.
2026-01-19 09:12:55,850 [INFO] src.autoclave.devices.door: Estado actual: ERROR.
2026-01-19 09:12:56,352 [INFO] src.autoclave.devices.door: Estado actual: CERRANDO.
2026-01-19 09:12:56,353 [INFO] src.autoclave.devices.door: Actuador de cierre activado.
2026-01-19 09:12:56,353 [INFO] src.autoclave.devices.door: Estado actual: ERROR.
2026-01-19 09:12:56,855 [INFO] src.autoclave.devices.door: Estado actual: CERRANDO.
2026-01-19 09:12:56,856 [INFO] src.autoclave.devices.door: Actuador de cierre activado.
2026-01-19 09:12:56,857 [INFO] src.autoclave.devices.door: Estado actual: ERROR.
2026-01-19 09:12:57,358 [INFO] src.autoclave.devices.door: Estado actual: CERRANDO.
2026-01-19 09:12:57,359 [INFO] src.autoclave.devices.door: Actuador de cierre activado.
2026-01-19 09:12:57,360 [INFO] src.autoclave.devices.door: Actuador de cierre desactivado.
2026-01-19 09:12:57,360 [INFO] src.autoclave.devices.door: Desbloqueo de puerta desactivado.
2026-01-19 09:12:57,361 [INFO] src.autoclave.devices.door: Bomba de vacio apagada.
2026-01-19 09:12:57,362 [INFO] src.autoclave.devices.door: Bloqueo de puerta activado.
2026-01-19 09:12:57,363 [INFO] src.autoclave.devices.door: Bloqueo de puerta desactivado.
2026-01-19 09:12:57,364 [ERROR] src.autoclave.devices.door: Error: Presión de empaque insuficiente al cerrar.
2026-01-19 09:12:57,364 [INFO] src.autoclave.devices.door: Estado actual: ERROR.
2026-01-19 09:12:57,869 [INFO] __main__: Puerta Puerta 1: CERRANDO -> ERROR
2026-01-19 09:12:57,870 [ERROR] __main__: ¡Error en puerta Puerta 1!
2026-01-19 09:12:57,870 [INFO] src.autoclave.devices.door: Estado actual: ERROR.
2026-01-19 09:12:57,871 [INFO] src.autoclave.devices.door: Estado actual: ERROR.
2026-01-19 09:12:58,374 [INFO] src.autoclave.devices.door: Estado actual: ERROR.
2026-01-19 09:12:58,375 [INFO] src.autoclave.devices.door: Estado actual: ERROR.
2026-01-19 09:12:58,878 [INFO] src.autoclave.devices.door: Estado actual: ERROR.
2026-01-19 09:12:58,879 [INFO] src.autoclave.devices.door: Estado actual: ERROR.
2026-01-19 09:12:59,381 [INFO] src.autoclave.devices.door: Estado actual: ERROR.
2026-01-19 09:12:59,383 [INFO] src.autoclave.devices.door: Estado actual: ERROR.
2026-01-19 09:12:59,885 [INFO] src.autoclave.devices.door: Estado actual: ERROR.
2026-01-19 09:12:59,886 [INFO] src.autoclave.devices.door: Estado actual: ERROR.
2026-01-19 09:13:00,388 [INFO] src.autoclave.devices.door: Estado actual: ERROR.
2026-01-19 09:13:00,389 [INFO] src.autoclave.devices.door: Estado actual: ERROR.
2026-01-19 09:13:00,891 [INFO] src.autoclave.devices.door: Estado actual: ERROR.
2026-01-19 09:13:00,892 [INFO] src.autoclave.devices.door: Estado actual: ERROR.
2026-01-19 09:13:01,394 [INFO] src.autoclave.devices.door: Estado actual: ERROR.
2026-01-19 09:13:01,395 [INFO] src.autoclave.devices.door: Estado actual: ERROR.
2026-01-19 09:13:01,896 [INFO] src.autoclave.devices.door: Estado actual: ERROR.
2026-01-19 09:13:01,898 [INFO] src.autoclave.devices.door: Estado actual: ERROR.
2026-01-19 09:13:02,399 [INFO] src.autoclave.devices.door: Estado actual: ERROR.
2026-01-19 09:13:02,400 [INFO] src.autoclave.devices.door: Estado actual: ERROR.
2026-01-19 09:13:02,901 [INFO] src.autoclave.devices.door: Estado actual: ERROR.
2026-01-19 09:13:02,902 [INFO] src.autoclave.devices.door: Estado actual: ERROR.
2026-01-19 09:13:03,404 [INFO] src.autoclave.devices.door: Estado actual: ERROR.
2026-01-19 09:13:03,405 [INFO] src.autoclave.devices.door: Estado actual: ERROR.
2026-01-19 09:13:03,908 [INFO] src.autoclave.devices.door: Estado actual: ERROR.
2026-01-19 09:13:03,909 [INFO] src.autoclave.devices.door: Estado actual: ERROR.
2026-01-19 09:13:04,411 [INFO] src.autoclave.devices.door: Estado actual: ERROR.
2026-01-19 09:13:04,412 [INFO] src.autoclave.devices.door: Estado actual: ERROR.
2026-01-19 09:13:04,913 [INFO] src.autoclave.devices.door: Estado actual: ERROR.
2026-01-19 09:13:04,914 [INFO] src.autoclave.devices.door: Estado actual: ERROR.
2026-01-19 09:13:05,417 [INFO] src.autoclave.devices.door: Estado actual: ERROR.
2026-01-19 09:13:05,418 [INFO] src.autoclave.devices.door: Estado actual: ERROR.
2026-01-19 09:13:05,920 [INFO] src.autoclave.devices.door: Estado actual: ERROR.
2026-01-19 09:13:05,920 [INFO] src.autoclave.devices.door: Estado actual: ERROR.
2026-01-19 09:13:06,422 [INFO] src.autoclave.devices.door: Estado actual: ERROR.
2026-01-19 09:13:06,422 [INFO] src.autoclave.devices.door: Estado actual: ERROR.
2026-01-19 09:13:06,924 [INFO] src.autoclave.devices.door: Estado actual: ERROR.
2026-01-19 09:13:06,925 [INFO] src.autoclave.devices.door: Estado actual: ERROR.
2026-01-19 09:13:07,427 [INFO] src.autoclave.devices.door: Estado actual: ERROR.
2026-01-19 09:13:07,428 [INFO] src.autoclave.devices.door: Estado actual: ERROR.
2026-01-19 09:13:07,932 [INFO] src.autoclave.devices.door: Estado actual: ERROR.
2026-01-19 09:13:07,934 [INFO] src.autoclave.devices.door: Estado actual: ERROR.
2026-01-19 09:13:08,435 [INFO] src.autoclave.devices.door: Estado actual: ERROR.
2026-01-19 09:13:08,436 [INFO] src.autoclave.devices.door: Estado actual: ERROR.
2026-01-19 09:13:08,939 [INFO] src.autoclave.devices.door: Estado actual: ERROR.
2026-01-19 09:13:08,939 [INFO] src.autoclave.devices.door: Estado actual: ERROR.
2026-01-19 09:13:09,441 [INFO] src.autoclave.devices.door: Estado actual: ERROR.
2026-01-19 09:13:09,442 [INFO] src.autoclave.devices.door: Estado actual: ERROR.
2026-01-19 09:13:09,944 [INFO] src.autoclave.devices.door: Estado actual: ERROR.
2026-01-19 09:13:09,945 [INFO] src.autoclave.devices.door: Estado actual: ERROR.
2026-01-19 09:13:10,450 [INFO] src.autoclave.devices.door: Estado actual: ERROR.
2026-01-19 09:13:10,451 [INFO] src.autoclave.devices.door: Estado actual: ERROR.
2026-01-19 09:13:10,953 [INFO] src.autoclave.devices.door: Estado actual: ERROR.
2026-01-19 09:13:10,953 [INFO] src.autoclave.devices.door: Estado actual: ERROR.
2026-01-19 09:13:11,455 [INFO] src.autoclave.devices.door: Estado actual: ERROR.
2026-01-19 09:13:11,456 [INFO] src.autoclave.devices.door: Estado actual: ERROR.
2026-01-19 09:13:11,957 [INFO] src.autoclave.devices.door: Estado actual: ERROR.
2026-01-19 09:13:11,957 [INFO] src.autoclave.devices.door: Estado actual: ERROR.
2026-01-19 09:13:12,459 [INFO] src.autoclave.devices.door: Estado actual: ERROR.
2026-01-19 09:13:12,461 [INFO] src.autoclave.devices.door: Estado actual: ERROR.
2026-01-19 09:13:12,963 [INFO] src.autoclave.devices.door: Estado actual: ERROR.
2026-01-19 09:13:12,964 [INFO] src.autoclave.devices.door: Estado actual: ERROR.
2026-01-19 09:13:13,467 [INFO] src.autoclave.devices.door: Estado actual: ERROR.
2026-01-19 09:13:13,468 [INFO] src.autoclave.devices.door: Estado actual: ERROR.
2026-01-19 09:13:13,969 [INFO] src.autoclave.devices.door: Estado actual: ERROR.
2026-01-19 09:13:13,970 [INFO] src.autoclave.devices.door: Estado actual: ERROR.
2026-01-19 09:13:14,471 [INFO] src.autoclave.devices.door: Estado actual: ERROR.
2026-01-19 09:13:14,472 [INFO] src.autoclave.devices.door: Estado actual: ERROR.
2026-01-19 09:13:14,973 [INFO] src.autoclave.devices.door: Estado actual: ERROR.
2026-01-19 09:13:14,974 [INFO] src.autoclave.devices.door: Estado actual: ERROR.
2026-01-19 09:20:30,563 [INFO] sqlalchemy.engine.Engine: BEGIN (implicit)
2026-01-19 09:20:30,564 [INFO] sqlalchemy.engine.Engine: PRAGMA main.table_info("ac_puerto")
2026-01-19 09:20:30,565 [INFO] sqlalchemy.engine.Engine: [raw sql] ()
2026-01-19 09:20:30,566 [INFO] sqlalchemy.engine.Engine: PRAGMA main.table_info("ac_pantalla_control")
2026-01-19 09:20:30,567 [INFO] sqlalchemy.engine.Engine: [raw sql] ()
2026-01-19 09:20:30,568 [INFO] sqlalchemy.engine.Engine: PRAGMA main.table_info("proceso_control")
2026-01-19 09:20:30,568 [INFO] sqlalchemy.engine.Engine: [raw sql] ()
2026-01-19 09:20:30,569 [INFO] sqlalchemy.engine.Engine: PRAGMA main.table_info("proceso_fase")
2026-01-19 09:20:30,569 [INFO] sqlalchemy.engine.Engine: [raw sql] ()
2026-01-19 09:20:30,570 [INFO] sqlalchemy.engine.Engine: PRAGMA main.table_info("proceso_fase_parametro")
2026-01-19 09:20:30,570 [INFO] sqlalchemy.engine.Engine: [raw sql] ()
2026-01-19 09:20:30,571 [INFO] sqlalchemy.engine.Engine: COMMIT
2026-01-19 09:20:30,810 [INFO] __main__: Iniciando la aplicación Autoclave...
2026-01-19 09:20:30,823 [INFO] autoclave: Iniciando SerialLink...
2026-01-19 09:20:30,916 [INFO] src.autoclave.services.control_loop: Iniciando el bucle de control...
2026-01-19 09:20:30,917 [INFO] src.autoclave.devices.door: Estado actual: DESCONOCIDO.
2026-01-19 09:20:30,918 [ERROR] src.autoclave.devices.door: Error: Estado inicial de puerta inconsistente .
2026-01-19 09:20:30,918 [INFO] src.autoclave.devices.door: Estado actual: DESCONOCIDO.
2026-01-19 09:20:30,918 [ERROR] src.autoclave.devices.door: Error: Estado inicial de puerta inconsistente .
2026-01-19 09:20:30,924 [INFO] autoclave: Conectado a ESP32 en COM3
2026-01-19 09:20:31,245 [INFO] src.autoclave.ui.ui_main.main_window: ✅ Interfaz creada correctamente.
2026-01-19 09:20:31,420 [INFO] src.autoclave.devices.door: Estado actual: ERROR.
2026-01-19 09:20:31,421 [INFO] src.autoclave.devices.door: Estado actual: ERROR.
2026-01-19 09:20:31,922 [INFO] src.autoclave.devices.door: Estado actual: ERROR.
2026-01-19 09:20:31,923 [INFO] src.autoclave.devices.door: Estado actual: ERROR.
2026-01-19 09:20:32,425 [INFO] src.autoclave.devices.door: Estado actual: ERROR.
2026-01-19 09:20:32,427 [INFO] src.autoclave.devices.door: Estado actual: ERROR.
2026-01-19 09:20:32,928 [INFO] src.autoclave.devices.door: Estado actual: ERROR.
2026-01-19 09:20:32,930 [INFO] src.autoclave.devices.door: Estado actual: ERROR.
2026-01-19 09:20:33,432 [INFO] src.autoclave.devices.door: Estado actual: ERROR.
2026-01-19 09:20:33,433 [INFO] src.autoclave.devices.door: Estado actual: ERROR.
2026-01-19 09:20:33,935 [INFO] src.autoclave.devices.door: Estado actual: ERROR.
2026-01-19 09:20:33,936 [INFO] src.autoclave.devices.door: Estado actual: ERROR.
2026-01-19 09:20:34,437 [INFO] src.autoclave.devices.door: Estado actual: ERROR.
2026-01-19 09:20:34,439 [INFO] src.autoclave.devices.door: Estado actual: ERROR.
2026-01-19 09:20:34,940 [INFO] src.autoclave.devices.door: Estado actual: ERROR.
2026-01-19 09:20:34,941 [INFO] src.autoclave.devices.door: Estado actual: ERROR.
2026-01-19 09:20:35,444 [INFO] src.autoclave.devices.door: Estado actual: ERROR.
2026-01-19 09:20:35,445 [INFO] src.autoclave.devices.door: Estado actual: ERROR.
2026-01-19 09:20:35,947 [INFO] src.autoclave.devices.door: Estado actual: ERROR.
2026-01-19 09:20:35,947 [INFO] src.autoclave.devices.door: Estado actual: ERROR.
2026-01-19 09:20:36,450 [INFO] src.autoclave.devices.door: Estado actual: ERROR.
2026-01-19 09:20:36,453 [INFO] src.autoclave.devices.door: Estado actual: ERROR.
2026-01-19 09:22:08,194 [INFO] sqlalchemy.engine.Engine: BEGIN (implicit)
2026-01-19 09:22:08,196 [INFO] sqlalchemy.engine.Engine: PRAGMA main.table_info("ac_puerto")
2026-01-19 09:22:08,197 [INFO] sqlalchemy.engine.Engine: [raw sql] ()
2026-01-19 09:22:08,199 [INFO] sqlalchemy.engine.Engine: PRAGMA main.table_info("ac_pantalla_control")
2026-01-19 09:22:08,200 [INFO] sqlalchemy.engine.Engine: [raw sql] ()
2026-01-19 09:22:08,202 [INFO] sqlalchemy.engine.Engine: PRAGMA main.table_info("proceso_control")
2026-01-19 09:22:08,203 [INFO] sqlalchemy.engine.Engine: [raw sql] ()
2026-01-19 09:22:08,204 [INFO] sqlalchemy.engine.Engine: PRAGMA main.table_info("proceso_fase")
2026-01-19 09:22:08,204 [INFO] sqlalchemy.engine.Engine: [raw sql] ()
2026-01-19 09:22:08,205 [INFO] sqlalchemy.engine.Engine: PRAGMA main.table_info("proceso_fase_parametro")
2026-01-19 09:22:08,206 [INFO] sqlalchemy.engine.Engine: [raw sql] ()
2026-01-19 09:22:08,208 [INFO] sqlalchemy.engine.Engine: COMMIT
2026-01-19 09:22:08,454 [INFO] __main__: Iniciando la aplicación Autoclave...
2026-01-19 09:22:08,468 [INFO] autoclave: Iniciando SerialLink...
2026-01-19 09:22:08,582 [INFO] src.autoclave.services.control_loop: Iniciando el bucle de control...
2026-01-19 09:22:08,583 [INFO] src.autoclave.devices.door: Estado actual: DESCONOCIDO.
2026-01-19 09:22:08,584 [ERROR] src.autoclave.devices.door: Error: Estado inicial de puerta inconsistente .
2026-01-19 09:22:08,585 [INFO] src.autoclave.devices.door: Estado actual: DESCONOCIDO.
2026-01-19 09:22:08,586 [ERROR] src.autoclave.devices.door: Error: Estado inicial de puerta inconsistente .
2026-01-19 09:22:08,589 [INFO] autoclave: Conectado a ESP32 en COM3
2026-01-19 09:22:08,883 [INFO] src.autoclave.ui.ui_main.main_window: ✅ Interfaz creada correctamente.
2026-01-19 09:22:09,087 [INFO] src.autoclave.devices.door: Estado actual: ERROR.
2026-01-19 09:22:09,088 [INFO] src.autoclave.devices.door: Estado actual: ERROR.
2026-01-19 09:22:09,590 [INFO] src.autoclave.devices.door: Estado actual: ERROR.
2026-01-19 09:22:09,593 [INFO] src.autoclave.devices.door: Estado actual: ERROR.
2026-01-19 09:22:10,095 [INFO] src.autoclave.devices.door: Estado actual: ERROR.
2026-01-19 09:22:10,096 [INFO] src.autoclave.devices.door: Estado actual: ERROR.
2026-01-19 09:22:10,606 [INFO] src.autoclave.devices.door: Estado actual: ERROR.
2026-01-19 09:22:10,608 [INFO] src.autoclave.devices.door: Estado actual: ERROR.
2026-01-19 09:22:11,112 [INFO] src.autoclave.devices.door: Estado actual: ERROR.
2026-01-19 09:22:11,113 [INFO] src.autoclave.devices.door: Estado actual: ERROR.
2026-01-19 09:40:45,036 [INFO] sqlalchemy.engine.Engine: BEGIN (implicit)
2026-01-19 09:40:45,038 [INFO] sqlalchemy.engine.Engine: PRAGMA main.table_info("ac_puerto")
2026-01-19 09:40:45,039 [INFO] sqlalchemy.engine.Engine: [raw sql] ()
2026-01-19 09:40:45,041 [INFO] sqlalchemy.engine.Engine: PRAGMA main.table_info("ac_pantalla_control")
2026-01-19 09:40:45,041 [INFO] sqlalchemy.engine.Engine: [raw sql] ()
2026-01-19 09:40:45,043 [INFO] sqlalchemy.engine.Engine: PRAGMA main.table_info("proceso_control")
2026-01-19 09:40:45,044 [INFO] sqlalchemy.engine.Engine: [raw sql] ()
2026-01-19 09:40:45,045 [INFO] sqlalchemy.engine.Engine: PRAGMA main.table_info("proceso_fase")
2026-01-19 09:40:45,046 [INFO] sqlalchemy.engine.Engine: [raw sql] ()
2026-01-19 09:40:45,047 [INFO] sqlalchemy.engine.Engine: PRAGMA main.table_info("proceso_fase_parametro")
2026-01-19 09:40:45,048 [INFO] sqlalchemy.engine.Engine: [raw sql] ()
2026-01-19 09:40:45,049 [INFO] sqlalchemy.engine.Engine: COMMIT
2026-01-19 09:40:45,352 [INFO] __main__: Iniciando la aplicación Autoclave...
2026-01-19 09:40:45,370 [INFO] autoclave: Iniciando SerialLink...
2026-01-19 09:40:45,543 [INFO] src.autoclave.services.control_loop: Iniciando el bucle de control...
2026-01-19 09:40:45,553 [INFO] autoclave: Conectado a ESP32 en COM3
2026-01-19 09:40:45,931 [INFO] src.autoclave.ui.ui_main.main_window: ✅ Interfaz creada correctamente.
2026-01-19 09:41:58,053 [INFO] src.autoclave.ui.ui_main.main_window: ⏻ Apagando equipo...
2026-01-19 09:42:01,195 [INFO] __main__: Cerrando la aplicación Autoclave...
2026-01-19 09:42:01,196 [INFO] src.autoclave.services.control_loop: Flujo de datos detenido.
2026-01-19 09:42:04,271 [INFO] sqlalchemy.engine.Engine: BEGIN (implicit)
2026-01-19 09:42:04,272 [INFO] sqlalchemy.engine.Engine: PRAGMA main.table_info("ac_puerto")
2026-01-19 09:42:04,273 [INFO] sqlalchemy.engine.Engine: [raw sql] ()
2026-01-19 09:42:04,274 [INFO] sqlalchemy.engine.Engine: PRAGMA main.table_info("ac_pantalla_control")
2026-01-19 09:42:04,275 [INFO] sqlalchemy.engine.Engine: [raw sql] ()
2026-01-19 09:42:04,275 [INFO] sqlalchemy.engine.Engine: PRAGMA main.table_info("proceso_control")
2026-01-19 09:42:04,276 [INFO] sqlalchemy.engine.Engine: [raw sql] ()
2026-01-19 09:42:04,277 [INFO] sqlalchemy.engine.Engine: PRAGMA main.table_info("proceso_fase")
2026-01-19 09:42:04,277 [INFO] sqlalchemy.engine.Engine: [raw sql] ()
2026-01-19 09:42:04,278 [INFO] sqlalchemy.engine.Engine: PRAGMA main.table_info("proceso_fase_parametro")
2026-01-19 09:42:04,279 [INFO] sqlalchemy.engine.Engine: [raw sql] ()
2026-01-19 09:42:04,280 [INFO] sqlalchemy.engine.Engine: COMMIT
2026-01-19 09:42:04,516 [INFO] __main__: Iniciando la aplicación Autoclave...
2026-01-19 09:42:04,529 [INFO] autoclave: Iniciando SerialLink...
2026-01-19 09:42:04,641 [INFO] src.autoclave.services.control_loop: Iniciando el bucle de control...
2026-01-19 09:42:04,648 [INFO] autoclave: Conectado a ESP32 en COM3
2026-01-19 09:42:04,986 [INFO] src.autoclave.ui.ui_main.main_window: ✅ Interfaz creada correctamente.
2026-01-19 09:43:07,774 [INFO] src.autoclave.ui.ui_main.main_window: ⏻ Apagando equipo...
2026-01-19 09:43:10,919 [INFO] __main__: Cerrando la aplicación Autoclave...
2026-01-19 09:43:20,584 [INFO] sqlalchemy.engine.Engine: BEGIN (implicit)
2026-01-19 09:43:20,585 [INFO] sqlalchemy.engine.Engine: PRAGMA main.table_info("ac_puerto")
2026-01-19 09:43:20,585 [INFO] sqlalchemy.engine.Engine: [raw sql] ()
2026-01-19 09:43:20,586 [INFO] sqlalchemy.engine.Engine: PRAGMA main.table_info("ac_pantalla_control")
2026-01-19 09:43:20,587 [INFO] sqlalchemy.engine.Engine: [raw sql] ()
2026-01-19 09:43:20,587 [INFO] sqlalchemy.engine.Engine: PRAGMA main.table_info("proceso_control")
2026-01-19 09:43:20,588 [INFO] sqlalchemy.engine.Engine: [raw sql] ()
2026-01-19 09:43:20,588 [INFO] sqlalchemy.engine.Engine: PRAGMA main.table_info("proceso_fase")
2026-01-19 09:43:20,589 [INFO] sqlalchemy.engine.Engine: [raw sql] ()
2026-01-19 09:43:20,589 [INFO] sqlalchemy.engine.Engine: PRAGMA main.table_info("proceso_fase_parametro")
2026-01-19 09:43:20,589 [INFO] sqlalchemy.engine.Engine: [raw sql] ()
2026-01-19 09:43:20,591 [INFO] sqlalchemy.engine.Engine: COMMIT
2026-01-19 09:43:20,829 [INFO] __main__: Iniciando la aplicación Autoclave...
2026-01-19 09:43:20,840 [INFO] autoclave: Iniciando SerialLink...
2026-01-19 09:43:20,923 [INFO] src.autoclave.services.control_loop: Iniciando el bucle de control...
2026-01-19 09:43:20,924 [INFO] src.autoclave.services.control_loop: Conexión establecida. Iniciando actualización de puertas...
2026-01-19 09:43:20,925 [INFO] src.autoclave.devices.door: Estado actual: DESCONOCIDO.
2026-01-19 09:43:20,925 [ERROR] src.autoclave.devices.door: Error: Estado inicial de puerta inconsistente .
2026-01-19 09:43:20,926 [INFO] src.autoclave.devices.door: Estado actual: DESCONOCIDO.
2026-01-19 09:43:20,927 [ERROR] src.autoclave.devices.door: Error: Estado inicial de puerta inconsistente .
2026-01-19 09:43:20,929 [INFO] autoclave: Conectado a ESP32 en COM3
2026-01-19 09:43:21,266 [INFO] src.autoclave.ui.ui_main.main_window: ✅ Interfaz creada correctamente.
2026-01-19 09:43:21,429 [INFO] src.autoclave.devices.door: Estado actual: ERROR.
2026-01-19 09:43:21,430 [INFO] src.autoclave.devices.door: Estado actual: ERROR.
2026-01-19 09:43:21,932 [INFO] src.autoclave.devices.door: Estado actual: ERROR.
2026-01-19 09:43:21,933 [INFO] src.autoclave.devices.door: Estado actual: ERROR.
2026-01-19 09:43:22,436 [INFO] src.autoclave.devices.door: Estado actual: ERROR.
2026-01-19 09:43:22,436 [INFO] src.autoclave.devices.door: Estado actual: ERROR.
2026-01-19 09:43:22,939 [INFO] src.autoclave.devices.door: Estado actual: ERROR.
2026-01-19 09:43:22,939 [INFO] src.autoclave.devices.door: Estado actual: ERROR.
2026-01-19 09:43:23,442 [INFO] src.autoclave.devices.door: Estado actual: ERROR.
2026-01-19 09:43:23,443 [INFO] src.autoclave.devices.door: Estado actual: ERROR.
2026-01-19 09:43:23,945 [INFO] src.autoclave.devices.door: Estado actual: ERROR.
2026-01-19 09:43:23,947 [INFO] src.autoclave.devices.door: Estado actual: ERROR.
2026-01-19 09:43:24,448 [INFO] src.autoclave.devices.door: Estado actual: ERROR.
2026-01-19 09:43:24,449 [INFO] src.autoclave.devices.door: Estado actual: ERROR.
2026-01-19 09:43:24,951 [INFO] src.autoclave.devices.door: Estado actual: ERROR.
2026-01-19 09:43:24,951 [INFO] src.autoclave.devices.door: Estado actual: ERROR.
2026-01-19 09:43:25,453 [INFO] src.autoclave.devices.door: Estado actual: ERROR.
2026-01-19 09:43:25,454 [INFO] src.autoclave.devices.door: Estado actual: ERROR.
2026-01-19 09:43:25,956 [INFO] src.autoclave.devices.door: Estado actual: ERROR.
2026-01-19 09:43:25,957 [INFO] src.autoclave.devices.door: Estado actual: ERROR.
2026-01-19 09:43:26,459 [INFO] src.autoclave.devices.door: Estado actual: ERROR.
2026-01-19 09:43:26,460 [INFO] src.autoclave.devices.door: Estado actual: ERROR.
2026-01-19 09:43:26,961 [INFO] src.autoclave.devices.door: Estado actual: ERROR.
2026-01-19 09:43:26,962 [INFO] src.autoclave.devices.door: Estado actual: ERROR.
2026-01-19 09:43:27,464 [INFO] src.autoclave.devices.door: Estado actual: ERROR.
2026-01-19 09:43:27,464 [INFO] src.autoclave.devices.door: Estado actual: ERROR.
2026-01-19 09:43:27,967 [INFO] src.autoclave.devices.door: Estado actual: ERROR.
2026-01-19 09:43:27,968 [INFO] src.autoclave.devices.door: Estado actual: ERROR.
2026-01-19 09:43:28,470 [INFO] src.autoclave.devices.door: Estado actual: ERROR.
2026-01-19 09:43:28,471 [INFO] src.autoclave.devices.door: Estado actual: ERROR.
2026-01-19 09:43:28,974 [INFO] src.autoclave.devices.door: Estado actual: ERROR.
2026-01-19 09:43:28,974 [INFO] src.autoclave.devices.door: Estado actual: ERROR.
2026-01-19 09:43:29,477 [INFO] src.autoclave.devices.door: Estado actual: ERROR.
2026-01-19 09:43:29,478 [INFO] src.autoclave.devices.door: Estado actual: ERROR.
2026-01-19 09:43:29,981 [INFO] src.autoclave.devices.door: Estado actual: ERROR.
2026-01-19 09:43:29,982 [INFO] src.autoclave.devices.door: Estado actual: ERROR.
2026-01-19 09:43:30,484 [INFO] src.autoclave.devices.door: Estado actual: ERROR.
2026-01-19 09:43:30,485 [INFO] src.autoclave.devices.door: Estado actual: ERROR.
2026-01-19 09:43:30,986 [INFO] src.autoclave.devices.door: Estado actual: ERROR.
2026-01-19 09:43:30,987 [INFO] src.autoclave.devices.door: Estado actual: ERROR.
2026-01-19 09:43:31,381 [INFO] src.autoclave.ui.ui_main.main_window: ⏻ Apagando equipo...
2026-01-19 09:43:31,489 [INFO] src.autoclave.devices.door: Estado actual: ERROR.
2026-01-19 09:43:31,490 [INFO] src.autoclave.devices.door: Estado actual: ERROR.
2026-01-19 09:43:31,994 [INFO] src.autoclave.devices.door: Estado actual: ERROR.
2026-01-19 09:43:31,995 [INFO] src.autoclave.devices.door: Estado actual: ERROR.
2026-01-19 09:43:32,497 [INFO] src.autoclave.devices.door: Estado actual: ERROR.
2026-01-19 09:43:32,499 [INFO] src.autoclave.devices.door: Estado actual: ERROR.
2026-01-19 09:43:33,002 [INFO] src.autoclave.devices.door: Estado actual: ERROR.
2026-01-19 09:43:33,004 [INFO] src.autoclave.devices.door: Estado actual: ERROR.
2026-01-19 09:43:33,508 [INFO] src.autoclave.devices.door: Estado actual: ERROR.
2026-01-19 09:43:33,509 [INFO] src.autoclave.devices.door: Estado actual: ERROR.
2026-01-19 09:43:34,013 [INFO] src.autoclave.devices.door: Estado actual: ERROR.
2026-01-19 09:43:34,014 [INFO] src.autoclave.devices.door: Estado actual: ERROR.
2026-01-19 09:43:34,516 [INFO] src.autoclave.devices.door: Estado actual: ERROR.
2026-01-19 09:43:34,517 [INFO] src.autoclave.devices.door: Estado actual: ERROR.
2026-01-19 09:43:34,529 [INFO] __main__: Cerrando la aplicación Autoclave...
2026-01-19 09:49:28,512 [INFO] sqlalchemy.engine.Engine: BEGIN (implicit)
2026-01-19 09:49:28,515 [INFO] sqlalchemy.engine.Engine: PRAGMA main.table_info("ac_puerto")
2026-01-19 09:49:28,515 [INFO] sqlalchemy.engine.Engine: [raw sql] ()
2026-01-19 09:49:28,517 [INFO] sqlalchemy.engine.Engine: PRAGMA main.table_info("ac_pantalla_control")
2026-01-19 09:49:28,517 [INFO] sqlalchemy.engine.Engine: [raw sql] ()
2026-01-19 09:49:28,518 [INFO] sqlalchemy.engine.Engine: PRAGMA main.table_info("proceso_control")
2026-01-19 09:49:28,519 [INFO] sqlalchemy.engine.Engine: [raw sql] ()
2026-01-19 09:49:28,520 [INFO] sqlalchemy.engine.Engine: PRAGMA main.table_info("proceso_fase")
2026-01-19 09:49:28,520 [INFO] sqlalchemy.engine.Engine: [raw sql] ()
2026-01-19 09:49:28,521 [INFO] sqlalchemy.engine.Engine: PRAGMA main.table_info("proceso_fase_parametro")
2026-01-19 09:49:28,522 [INFO] sqlalchemy.engine.Engine: [raw sql] ()
2026-01-19 09:49:28,523 [INFO] sqlalchemy.engine.Engine: COMMIT
2026-01-19 09:49:28,735 [INFO] __main__: Iniciando la aplicación Autoclave...
2026-01-19 09:49:28,748 [INFO] autoclave: Iniciando SerialLink...
2026-01-19 09:49:28,883 [INFO] src.autoclave.services.control_loop: Iniciando el bucle de control...
2026-01-19 09:49:28,885 [INFO] src.autoclave.services.control_loop: Conexión establecida. Iniciando actualización de puertas...
2026-01-19 09:49:28,886 [INFO] src.autoclave.devices.door: Estado actual: DESCONOCIDO.
2026-01-19 09:49:28,888 [ERROR] src.autoclave.devices.door: Error: Estado inicial de puerta inconsistente .
2026-01-19 09:49:28,889 [INFO] src.autoclave.devices.door: Estado actual: DESCONOCIDO.
2026-01-19 09:49:28,891 [ERROR] src.autoclave.devices.door: Error: Estado inicial de puerta inconsistente .
2026-01-19 09:49:28,891 [INFO] autoclave: Conectado a ESP32 en COM3
2026-01-19 09:49:29,325 [INFO] src.autoclave.ui.ui_main.main_window: ✅ Interfaz creada correctamente.
2026-01-19 09:49:29,393 [INFO] src.autoclave.devices.door: Estado actual: ERROR.
2026-01-19 09:49:29,394 [INFO] src.autoclave.devices.door: Estado actual: ERROR.
2026-01-19 09:49:29,897 [INFO] src.autoclave.devices.door: Estado actual: ERROR.
2026-01-19 09:49:29,898 [INFO] src.autoclave.devices.door: Estado actual: ERROR.
2026-01-19 09:49:30,400 [INFO] src.autoclave.devices.door: Estado actual: ERROR.
2026-01-19 09:49:30,401 [INFO] src.autoclave.devices.door: Estado actual: ERROR.
2026-01-19 09:49:30,903 [INFO] src.autoclave.devices.door: Estado actual: ERROR.
2026-01-19 09:49:30,904 [INFO] src.autoclave.devices.door: Estado actual: ERROR.
2026-01-19 09:49:31,406 [INFO] src.autoclave.devices.door: Estado actual: ERROR.
2026-01-19 09:49:31,407 [INFO] src.autoclave.devices.door: Estado actual: ERROR.
2026-01-19 09:49:31,908 [INFO] src.autoclave.devices.door: Estado actual: ERROR.
2026-01-19 09:49:31,910 [INFO] src.autoclave.devices.door: Estado actual: ERROR.
2026-01-19 09:49:32,413 [INFO] src.autoclave.devices.door: Estado actual: ERROR.
2026-01-19 09:49:32,414 [INFO] src.autoclave.devices.door: Estado actual: ERROR.
2026-01-19 09:49:32,915 [INFO] src.autoclave.devices.door: Estado actual: ERROR.
2026-01-19 09:49:32,916 [INFO] src.autoclave.devices.door: Estado actual: ERROR.
2026-01-19 09:49:33,418 [INFO] src.autoclave.devices.door: Estado actual: ERROR.
2026-01-19 09:49:33,419 [INFO] src.autoclave.devices.door: Estado actual: ERROR.
2026-01-19 09:49:33,921 [INFO] src.autoclave.devices.door: Estado actual: ERROR.
2026-01-19 09:49:33,922 [INFO] src.autoclave.devices.door: Estado actual: ERROR.
2026-01-19 09:49:34,423 [INFO] src.autoclave.devices.door: Estado actual: ERROR.
2026-01-19 09:49:34,424 [INFO] src.autoclave.devices.door: Estado actual: ERROR.
2026-01-19 09:49:34,925 [INFO] src.autoclave.devices.door: Estado actual: ERROR.
2026-01-19 09:49:34,927 [INFO] src.autoclave.devices.door: Estado actual: ERROR.
2026-01-19 09:49:35,429 [INFO] src.autoclave.devices.door: Estado actual: ERROR.
2026-01-19 09:49:35,429 [INFO] src.autoclave.devices.door: Estado actual: ERROR.
2026-01-19 09:49:35,931 [INFO] src.autoclave.devices.door: Estado actual: ERROR.
2026-01-19 09:49:35,932 [INFO] src.autoclave.devices.door: Estado actual: ERROR.
2026-01-19 09:49:36,151 [INFO] src.autoclave.ui.ui_main.main_window: ⏻ Apagando equipo...
2026-01-19 09:49:36,434 [INFO] src.autoclave.devices.door: Estado actual: ERROR.
2026-01-19 09:49:36,435 [INFO] src.autoclave.devices.door: Estado actual: ERROR.
2026-01-19 09:49:36,936 [INFO] src.autoclave.devices.door: Estado actual: ERROR.
2026-01-19 09:49:36,937 [INFO] src.autoclave.devices.door: Estado actual: ERROR.
2026-01-19 09:49:37,439 [INFO] src.autoclave.devices.door: Estado actual: ERROR.
2026-01-19 09:49:37,440 [INFO] src.autoclave.devices.door: Estado actual: ERROR.
2026-01-19 09:49:37,942 [INFO] src.autoclave.devices.door: Estado actual: ERROR.
2026-01-19 09:49:37,943 [INFO] src.autoclave.devices.door: Estado actual: ERROR.
2026-01-19 09:49:38,444 [INFO] src.autoclave.devices.door: Estado actual: ERROR.
2026-01-19 09:49:38,445 [INFO] src.autoclave.devices.door: Estado actual: ERROR.
2026-01-19 09:49:38,947 [INFO] src.autoclave.devices.door: Estado actual: ERROR.
2026-01-19 09:49:38,948 [INFO] src.autoclave.devices.door: Estado actual: ERROR.
2026-01-19 09:49:39,255 [INFO] __main__: Cerrando la aplicación Autoclave...
2026-01-19 09:51:40,812 [INFO] sqlalchemy.engine.Engine: BEGIN (implicit)
2026-01-19 09:51:40,814 [INFO] sqlalchemy.engine.Engine: PRAGMA main.table_info("ac_puerto")
2026-01-19 09:51:40,814 [INFO] sqlalchemy.engine.Engine: [raw sql] ()
2026-01-19 09:51:40,816 [INFO] sqlalchemy.engine.Engine: PRAGMA main.table_info("ac_pantalla_control")
2026-01-19 09:51:40,817 [INFO] sqlalchemy.engine.Engine: [raw sql] ()
2026-01-19 09:51:40,818 [INFO] sqlalchemy.engine.Engine: PRAGMA main.table_info("proceso_control")
2026-01-19 09:51:40,819 [INFO] sqlalchemy.engine.Engine: [raw sql] ()
2026-01-19 09:51:40,820 [INFO] sqlalchemy.engine.Engine: PRAGMA main.table_info("proceso_fase")
2026-01-19 09:51:40,821 [INFO] sqlalchemy.engine.Engine: [raw sql] ()
2026-01-19 09:51:40,822 [INFO] sqlalchemy.engine.Engine: PRAGMA main.table_info("proceso_fase_parametro")
2026-01-19 09:51:40,823 [INFO] sqlalchemy.engine.Engine: [raw sql] ()
2026-01-19 09:51:40,826 [INFO] sqlalchemy.engine.Engine: COMMIT
2026-01-19 09:51:41,245 [INFO] __main__: Iniciando la aplicación Autoclave...
2026-01-19 09:51:41,266 [INFO] autoclave: Iniciando SerialLink...
2026-01-19 09:51:41,410 [INFO] src.autoclave.services.control_loop: Iniciando el bucle de control...
2026-01-19 09:51:41,411 [INFO] src.autoclave.services.control_loop: Conexión establecida. Iniciando actualización de puertas...
2026-01-19 09:51:41,412 [INFO] src.autoclave.devices.door: Estado actual: DESCONOCIDO.
2026-01-19 09:51:41,413 [ERROR] src.autoclave.devices.door: Error: Estado inicial de puerta inconsistente .
2026-01-19 09:51:41,414 [INFO] src.autoclave.devices.door: Estado actual: DESCONOCIDO.
2026-01-19 09:51:41,415 [ERROR] src.autoclave.devices.door: Error: Estado inicial de puerta inconsistente .
2026-01-19 09:51:41,419 [INFO] autoclave: Conectado a ESP32 en COM3
2026-01-19 09:51:41,870 [INFO] src.autoclave.ui.ui_main.main_window: ✅ Interfaz creada correctamente.
2026-01-19 09:51:41,917 [INFO] src.autoclave.devices.door: Estado actual: ERROR.
2026-01-19 09:51:41,918 [INFO] src.autoclave.devices.door: Estado actual: ERROR.
2026-01-19 09:51:42,422 [INFO] src.autoclave.devices.door: Estado actual: ERROR.
2026-01-19 09:51:42,423 [INFO] src.autoclave.devices.door: Estado actual: ERROR.
2026-01-19 09:51:42,926 [INFO] src.autoclave.devices.door: Estado actual: ERROR.
2026-01-19 09:51:42,928 [INFO] src.autoclave.devices.door: Estado actual: ERROR.
2026-01-19 09:51:43,437 [INFO] src.autoclave.devices.door: Estado actual: ERROR.
2026-01-19 09:51:43,439 [INFO] src.autoclave.devices.door: Estado actual: ERROR.
2026-01-19 09:51:43,945 [INFO] src.autoclave.devices.door: Estado actual: ERROR.
2026-01-19 09:51:43,948 [INFO] src.autoclave.devices.door: Estado actual: ERROR.
2026-01-19 09:51:44,453 [INFO] src.autoclave.devices.door: Estado actual: ERROR.
2026-01-19 09:51:44,455 [INFO] src.autoclave.devices.door: Estado actual: ERROR.
2026-01-19 09:51:44,956 [INFO] src.autoclave.devices.door: Estado actual: ERROR.
2026-01-19 09:51:44,958 [INFO] src.autoclave.devices.door: Estado actual: ERROR.
2026-01-19 09:51:45,462 [INFO] src.autoclave.devices.door: Estado actual: ERROR.
2026-01-19 09:51:45,464 [INFO] src.autoclave.devices.door: Estado actual: ERROR.
2026-01-19 09:51:45,970 [INFO] src.autoclave.devices.door: Estado actual: ERROR.
2026-01-19 09:51:45,971 [INFO] src.autoclave.devices.door: Estado actual: ERROR.
2026-01-19 09:52:52,380 [INFO] sqlalchemy.engine.Engine: BEGIN (implicit)
2026-01-19 09:52:52,382 [INFO] sqlalchemy.engine.Engine: PRAGMA main.table_info("ac_puerto")
2026-01-19 09:52:52,383 [INFO] sqlalchemy.engine.Engine: [raw sql] ()
2026-01-19 09:52:52,385 [INFO] sqlalchemy.engine.Engine: PRAGMA main.table_info("ac_pantalla_control")
2026-01-19 09:52:52,387 [INFO] sqlalchemy.engine.Engine: [raw sql] ()
2026-01-19 09:52:52,389 [INFO] sqlalchemy.engine.Engine: PRAGMA main.table_info("proceso_control")
2026-01-19 09:52:52,390 [INFO] sqlalchemy.engine.Engine: [raw sql] ()
2026-01-19 09:52:52,392 [INFO] sqlalchemy.engine.Engine: PRAGMA main.table_info("proceso_fase")
2026-01-19 09:52:52,393 [INFO] sqlalchemy.engine.Engine: [raw sql] ()
2026-01-19 09:52:52,395 [INFO] sqlalchemy.engine.Engine: PRAGMA main.table_info("proceso_fase_parametro")
2026-01-19 09:52:52,396 [INFO] sqlalchemy.engine.Engine: [raw sql] ()
2026-01-19 09:52:52,399 [INFO] sqlalchemy.engine.Engine: COMMIT
2026-01-19 09:52:52,862 [INFO] __main__: Iniciando la aplicación Autoclave...
2026-01-19 09:52:52,884 [INFO] autoclave: Iniciando SerialLink...
2026-01-19 09:52:53,028 [INFO] src.autoclave.services.control_loop: Iniciando el bucle de control...
2026-01-19 09:52:53,029 [INFO] src.autoclave.services.control_loop: Conexión establecida. Iniciando actualización de puertas...
2026-01-19 09:52:53,030 [INFO] src.autoclave.services.control_loop: Estado global actualizado.
2026-01-19 09:52:53,031 [INFO] src.autoclave.devices.door: Estado actual: DESCONOCIDO.
2026-01-19 09:52:53,032 [ERROR] src.autoclave.devices.door: Error: Estado inicial de puerta inconsistente .
2026-01-19 09:52:53,033 [INFO] src.autoclave.devices.door: Estado actual: DESCONOCIDO.
2026-01-19 09:52:53,034 [ERROR] src.autoclave.devices.door: Error: Estado inicial de puerta inconsistente .
2026-01-19 09:52:53,039 [INFO] autoclave: Conectado a ESP32 en COM3
2026-01-19 09:52:53,493 [INFO] src.autoclave.ui.ui_main.main_window: ✅ Interfaz creada correctamente.
2026-01-19 09:52:53,538 [INFO] src.autoclave.services.control_loop: Estado global actualizado.
2026-01-19 09:52:53,539 [INFO] src.autoclave.devices.door: Estado actual: ERROR.
2026-01-19 09:52:53,539 [INFO] src.autoclave.devices.door: Estado actual: ERROR.
2026-01-19 09:52:54,041 [INFO] src.autoclave.services.control_loop: Estado global actualizado.
2026-01-19 09:52:54,042 [INFO] src.autoclave.devices.door: Estado actual: ERROR.
2026-01-19 09:52:54,043 [INFO] src.autoclave.devices.door: Estado actual: ERROR.
2026-01-19 09:52:54,544 [INFO] src.autoclave.services.control_loop: Estado global actualizado.
2026-01-19 09:52:54,545 [INFO] src.autoclave.devices.door: Estado actual: ERROR.
2026-01-19 09:52:54,547 [INFO] src.autoclave.devices.door: Estado actual: ERROR.
2026-01-19 09:52:55,049 [INFO] src.autoclave.services.control_loop: Estado global actualizado.
2026-01-19 09:52:55,050 [INFO] src.autoclave.devices.door: Estado actual: ERROR.
2026-01-19 09:52:55,053 [INFO] src.autoclave.devices.door: Estado actual: ERROR.
2026-01-19 09:52:55,556 [INFO] src.autoclave.services.control_loop: Estado global actualizado.
2026-01-19 09:52:55,557 [INFO] src.autoclave.devices.door: Estado actual: ERROR.
2026-01-19 09:52:55,558 [INFO] src.autoclave.devices.door: Estado actual: ERROR.
2026-01-19 09:52:56,060 [INFO] src.autoclave.services.control_loop: Estado global actualizado.
2026-01-19 09:52:56,061 [INFO] src.autoclave.devices.door: Estado actual: ERROR.
2026-01-19 09:52:56,062 [INFO] src.autoclave.devices.door: Estado actual: ERROR.
2026-01-19 09:52:56,564 [INFO] src.autoclave.services.control_loop: Estado global actualizado.
2026-01-19 09:52:56,565 [INFO] src.autoclave.devices.door: Estado actual: ERROR.
2026-01-19 09:52:56,568 [INFO] src.autoclave.devices.door: Estado actual: ERROR.
2026-01-19 09:52:57,070 [INFO] src.autoclave.services.control_loop: Estado global actualizado.
2026-01-19 09:52:57,071 [INFO] src.autoclave.devices.door: Estado actual: ERROR.
2026-01-19 09:52:57,073 [INFO] src.autoclave.devices.door: Estado actual: ERROR.
2026-01-19 13:36:59,706 [INFO] sqlalchemy.engine.Engine: BEGIN (implicit)
2026-01-19 13:36:59,707 [INFO] sqlalchemy.engine.Engine: PRAGMA main.table_info("ac_puerto")
2026-01-19 13:36:59,708 [INFO] sqlalchemy.engine.Engine: [raw sql] ()
2026-01-19 13:36:59,709 [INFO] sqlalchemy.engine.Engine: PRAGMA main.table_info("ac_pantalla_control")
2026-01-19 13:36:59,709 [INFO] sqlalchemy.engine.Engine: [raw sql] ()
2026-01-19 13:36:59,709 [INFO] sqlalchemy.engine.Engine: PRAGMA main.table_info("proceso_control")
2026-01-19 13:36:59,710 [INFO] sqlalchemy.engine.Engine: [raw sql] ()
2026-01-19 13:36:59,710 [INFO] sqlalchemy.engine.Engine: PRAGMA main.table_info("proceso_fase")
2026-01-19 13:36:59,711 [INFO] sqlalchemy.engine.Engine: [raw sql] ()
2026-01-19 13:36:59,711 [INFO] sqlalchemy.engine.Engine: PRAGMA main.table_info("proceso_fase_parametro")
2026-01-19 13:36:59,712 [INFO] sqlalchemy.engine.Engine: [raw sql] ()
2026-01-19 13:36:59,713 [INFO] sqlalchemy.engine.Engine: COMMIT
2026-01-19 13:37:00,107 [INFO] __main__: Iniciando la aplicación Autoclave...
2026-01-19 13:37:00,139 [INFO] autoclave: Iniciando SerialLink...
2026-01-19 13:37:00,308 [INFO] src.autoclave.services.control_loop: Iniciando el bucle de control...
2026-01-19 13:37:00,310 [INFO] src.autoclave.services.control_loop: Conexión establecida. Iniciando actualización de puertas...
2026-01-19 13:37:00,311 [INFO] src.autoclave.services.control_loop: Estado global actualizado.
2026-01-19 13:37:00,311 [INFO] src.autoclave.devices.door: Estado actual: DESCONOCIDO.
2026-01-19 13:37:00,313 [ERROR] src.autoclave.devices.door: Error: Estado inicial de puerta inconsistente .
2026-01-19 13:37:00,317 [INFO] src.autoclave.devices.door: Estado actual: DESCONOCIDO.
2026-01-19 13:37:00,318 [ERROR] src.autoclave.devices.door: Error: Estado inicial de puerta inconsistente .
2026-01-19 13:37:00,601 [INFO] src.autoclave.ui.ui_main.main_window: ✅ Interfaz creada correctamente.
2026-01-19 13:37:00,823 [INFO] src.autoclave.services.control_loop: Estado global actualizado.
2026-01-19 13:37:00,824 [INFO] src.autoclave.devices.door: Estado actual: ERROR.
2026-01-19 13:37:00,824 [ERROR] src.autoclave.devices.door: Error persistente: Estado de puerta inconsistente.
2026-01-19 13:37:00,824 [INFO] src.autoclave.devices.door: Estado actual: ERROR.
2026-01-19 13:37:00,824 [ERROR] src.autoclave.devices.door: Error persistente: Estado de puerta inconsistente.
2026-01-19 13:37:01,325 [INFO] src.autoclave.services.control_loop: Estado global actualizado.
2026-01-19 13:37:01,327 [INFO] src.autoclave.devices.door: Estado actual: ERROR.
2026-01-19 13:37:01,327 [ERROR] src.autoclave.devices.door: Error persistente: Estado de puerta inconsistente.
2026-01-19 13:37:01,328 [INFO] src.autoclave.devices.door: Estado actual: ERROR.
2026-01-19 13:37:01,329 [ERROR] src.autoclave.devices.door: Error persistente: Estado de puerta inconsistente.
2026-01-19 13:37:01,830 [INFO] src.autoclave.services.control_loop: Estado global actualizado.
2026-01-19 13:37:01,831 [INFO] src.autoclave.devices.door: Estado actual: ERROR.
2026-01-19 13:37:01,832 [ERROR] src.autoclave.devices.door: Error persistente: Estado de puerta inconsistente.
2026-01-19 13:37:01,833 [INFO] src.autoclave.devices.door: Estado actual: ERROR.
2026-01-19 13:37:01,834 [ERROR] src.autoclave.devices.door: Error persistente: Estado de puerta inconsistente.
2026-01-19 13:37:02,335 [INFO] src.autoclave.services.control_loop: Estado global actualizado.
2026-01-19 13:37:02,337 [INFO] src.autoclave.devices.door: Estado actual: ERROR.
2026-01-19 13:37:02,337 [ERROR] src.autoclave.devices.door: Error persistente: Estado de puerta inconsistente.
2026-01-19 13:37:02,338 [INFO] src.autoclave.devices.door: Estado actual: ERROR.
2026-01-19 13:37:02,339 [ERROR] src.autoclave.devices.door: Error persistente: Estado de puerta inconsistente.
2026-01-19 13:37:02,840 [INFO] src.autoclave.services.control_loop: Estado global actualizado.
2026-01-19 13:37:02,841 [INFO] src.autoclave.devices.door: Estado actual: ERROR.
2026-01-19 13:37:02,842 [ERROR] src.autoclave.devices.door: Error persistente: Estado de puerta inconsistente.
2026-01-19 13:37:02,843 [INFO] src.autoclave.devices.door: Estado actual: ERROR.
2026-01-19 13:37:02,844 [ERROR] src.autoclave.devices.door: Error persistente: Estado de puerta inconsistente.
2026-01-19 13:37:03,346 [INFO] src.autoclave.services.control_loop: Estado global actualizado.
2026-01-19 13:37:03,349 [INFO] src.autoclave.devices.door: Estado actual: ERROR.
2026-01-19 13:37:03,349 [ERROR] src.autoclave.devices.door: Error persistente: Estado de puerta inconsistente.
2026-01-19 13:37:03,350 [INFO] src.autoclave.devices.door: Estado actual: ERROR.
2026-01-19 13:37:03,351 [ERROR] src.autoclave.devices.door: Error persistente: Estado de puerta inconsistente.
2026-01-19 13:37:03,853 [INFO] src.autoclave.services.control_loop: Estado global actualizado.
2026-01-19 13:37:03,854 [INFO] src.autoclave.devices.door: Estado actual: ERROR.
2026-01-19 13:37:03,855 [ERROR] src.autoclave.devices.door: Error persistente: Estado de puerta inconsistente.
2026-01-19 13:37:03,855 [INFO] src.autoclave.devices.door: Estado actual: ERROR.
2026-01-19 13:37:03,856 [ERROR] src.autoclave.devices.door: Error persistente: Estado de puerta inconsistente.
2026-01-19 13:37:04,357 [INFO] src.autoclave.services.control_loop: Estado global actualizado.
2026-01-19 13:37:04,358 [INFO] src.autoclave.devices.door: Estado actual: ERROR.
2026-01-19 13:37:04,358 [ERROR] src.autoclave.devices.door: Error persistente: Estado de puerta inconsistente.
2026-01-19 13:37:04,358 [INFO] src.autoclave.devices.door: Estado actual: ERROR.
2026-01-19 13:37:04,359 [ERROR] src.autoclave.devices.door: Error persistente: Estado de puerta inconsistente.
2026-01-19 13:37:04,860 [INFO] src.autoclave.services.control_loop: Estado global actualizado.
2026-01-19 13:37:04,860 [INFO] src.autoclave.devices.door: Estado actual: ERROR.
2026-01-19 13:37:04,861 [ERROR] src.autoclave.devices.door: Error persistente: Estado de puerta inconsistente.
2026-01-19 13:37:04,861 [INFO] src.autoclave.devices.door: Estado actual: ERROR.
2026-01-19 13:37:04,861 [ERROR] src.autoclave.devices.door: Error persistente: Estado de puerta inconsistente.
2026-01-19 13:37:05,362 [INFO] src.autoclave.services.control_loop: Estado global actualizado.
2026-01-19 13:37:05,363 [INFO] src.autoclave.devices.door: Estado actual: ERROR.
2026-01-19 13:37:05,363 [ERROR] src.autoclave.devices.door: Error persistente: Estado de puerta inconsistente.
2026-01-19 13:37:05,364 [INFO] src.autoclave.devices.door: Estado actual: ERROR.
2026-01-19 13:37:05,364 [ERROR] src.autoclave.devices.door: Error persistente: Estado de puerta inconsistente.
2026-01-19 13:37:05,865 [INFO] src.autoclave.services.control_loop: Estado global actualizado.
2026-01-19 13:37:05,866 [INFO] src.autoclave.devices.door: Estado actual: ERROR.
2026-01-19 13:37:05,866 [ERROR] src.autoclave.devices.door: Error persistente: Estado de puerta inconsistente.
2026-01-19 13:37:05,867 [INFO] src.autoclave.devices.door: Estado actual: ERROR.
2026-01-19 13:37:05,868 [ERROR] src.autoclave.devices.door: Error persistente: Estado de puerta inconsistente.
2026-01-19 13:37:06,370 [INFO] src.autoclave.services.control_loop: Estado global actualizado.
2026-01-19 13:37:06,372 [INFO] src.autoclave.devices.door: Estado actual: ERROR.
2026-01-19 13:37:06,372 [ERROR] src.autoclave.devices.door: Error persistente: Estado de puerta inconsistente.
2026-01-19 13:37:06,373 [INFO] src.autoclave.devices.door: Estado actual: ERROR.
2026-01-19 13:37:06,373 [ERROR] src.autoclave.devices.door: Error persistente: Estado de puerta inconsistente.
2026-01-19 13:37:06,874 [INFO] src.autoclave.services.control_loop: Estado global actualizado.
2026-01-19 13:37:06,875 [INFO] src.autoclave.devices.door: Estado actual: ERROR.
2026-01-19 13:37:06,877 [ERROR] src.autoclave.devices.door: Error persistente: Estado de puerta inconsistente.
2026-01-19 13:37:06,877 [INFO] src.autoclave.devices.door: Estado actual: ERROR.
2026-01-19 13:37:06,878 [ERROR] src.autoclave.devices.door: Error persistente: Estado de puerta inconsistente.
2026-01-19 13:37:07,379 [INFO] src.autoclave.services.control_loop: Estado global actualizado.
2026-01-19 13:37:07,380 [INFO] src.autoclave.devices.door: Estado actual: ERROR.
2026-01-19 13:37:07,381 [ERROR] src.autoclave.devices.door: Error persistente: Estado de puerta inconsistente.
2026-01-19 13:37:07,382 [INFO] src.autoclave.devices.door: Estado actual: ERROR.
2026-01-19 13:37:07,383 [ERROR] src.autoclave.devices.door: Error persistente: Estado de puerta inconsistente.
2026-01-19 13:37:07,884 [INFO] src.autoclave.services.control_loop: Estado global actualizado.
2026-01-19 13:37:07,886 [INFO] src.autoclave.devices.door: Estado actual: ERROR.
2026-01-19 13:37:07,886 [ERROR] src.autoclave.devices.door: Error persistente: Estado de puerta inconsistente.
2026-01-19 13:37:07,887 [INFO] src.autoclave.devices.door: Estado actual: ERROR.
2026-01-19 13:37:07,887 [ERROR] src.autoclave.devices.door: Error persistente: Estado de puerta inconsistente.
2026-01-19 13:37:08,388 [INFO] src.autoclave.services.control_loop: Estado global actualizado.
2026-01-19 13:37:08,390 [INFO] src.autoclave.devices.door: Estado actual: ERROR.
2026-01-19 13:37:08,390 [ERROR] src.autoclave.devices.door: Error persistente: Estado de puerta inconsistente.
2026-01-19 13:37:08,391 [INFO] src.autoclave.devices.door: Estado actual: ERROR.
2026-01-19 13:37:08,392 [ERROR] src.autoclave.devices.door: Error persistente: Estado de puerta inconsistente.
2026-01-19 13:37:08,893 [INFO] src.autoclave.services.control_loop: Estado global actualizado.
2026-01-19 13:37:08,893 [INFO] src.autoclave.devices.door: Estado actual: ERROR.
2026-01-19 13:37:08,894 [ERROR] src.autoclave.devices.door: Error persistente: Estado de puerta inconsistente.
2026-01-19 13:37:08,894 [INFO] src.autoclave.devices.door: Estado actual: ERROR.
2026-01-19 13:37:08,894 [ERROR] src.autoclave.devices.door: Error persistente: Estado de puerta inconsistente.
2026-01-19 13:37:09,396 [INFO] src.autoclave.services.control_loop: Estado global actualizado.
2026-01-19 13:37:09,397 [INFO] src.autoclave.devices.door: Estado actual: ERROR.
2026-01-19 13:37:09,398 [ERROR] src.autoclave.devices.door: Error persistente: Estado de puerta inconsistente.
2026-01-19 13:37:09,399 [INFO] src.autoclave.devices.door: Estado actual: ERROR.
2026-01-19 13:37:09,399 [ERROR] src.autoclave.devices.door: Error persistente: Estado de puerta inconsistente.
2026-01-19 13:37:09,900 [INFO] src.autoclave.services.control_loop: Estado global actualizado.
2026-01-19 13:37:09,901 [INFO] src.autoclave.devices.door: Estado actual: ERROR.
2026-01-19 13:37:09,901 [ERROR] src.autoclave.devices.door: Error persistente: Estado de puerta inconsistente.
2026-01-19 13:37:09,902 [INFO] src.autoclave.devices.door: Estado actual: ERROR.
2026-01-19 13:37:09,902 [ERROR] src.autoclave.devices.door: Error persistente: Estado de puerta inconsistente.
2026-01-19 13:37:10,404 [INFO] src.autoclave.services.control_loop: Estado global actualizado.
2026-01-19 13:37:10,404 [INFO] src.autoclave.devices.door: Estado actual: ERROR.
2026-01-19 13:37:10,405 [ERROR] src.autoclave.devices.door: Error persistente: Estado de puerta inconsistente.
2026-01-19 13:37:10,406 [INFO] src.autoclave.devices.door: Estado actual: ERROR.
2026-01-19 13:37:10,406 [ERROR] src.autoclave.devices.door: Error persistente: Estado de puerta inconsistente.
2026-01-19 13:37:10,908 [INFO] src.autoclave.services.control_loop: Estado global actualizado.
2026-01-19 13:37:10,908 [INFO] src.autoclave.devices.door: Estado actual: ERROR.
2026-01-19 13:37:10,909 [ERROR] src.autoclave.devices.door: Error persistente: Estado de puerta inconsistente.
2026-01-19 13:37:10,909 [INFO] src.autoclave.devices.door: Estado actual: ERROR.
2026-01-19 13:37:10,910 [ERROR] src.autoclave.devices.door: Error persistente: Estado de puerta inconsistente.
2026-01-19 13:37:11,411 [INFO] src.autoclave.services.control_loop: Estado global actualizado.
2026-01-19 13:37:11,413 [INFO] src.autoclave.devices.door: Estado actual: ERROR.
2026-01-19 13:37:11,413 [ERROR] src.autoclave.devices.door: Error persistente: Estado de puerta inconsistente.
2026-01-19 13:37:11,414 [INFO] src.autoclave.devices.door: Estado actual: ERROR.
2026-01-19 13:37:11,415 [ERROR] src.autoclave.devices.door: Error persistente: Estado de puerta inconsistente.
2026-01-19 13:37:11,916 [INFO] src.autoclave.services.control_loop: Estado global actualizado.
2026-01-19 13:37:11,917 [INFO] src.autoclave.devices.door: Estado actual: ERROR.
2026-01-19 13:37:11,918 [ERROR] src.autoclave.devices.door: Error persistente: Estado de puerta inconsistente.
2026-01-19 13:37:11,918 [INFO] src.autoclave.devices.door: Estado actual: ERROR.
2026-01-19 13:37:11,919 [ERROR] src.autoclave.devices.door: Error persistente: Estado de puerta inconsistente.
2026-01-19 13:37:12,420 [INFO] src.autoclave.services.control_loop: Estado global actualizado.
2026-01-19 13:37:12,421 [INFO] src.autoclave.devices.door: Estado actual: ERROR.
2026-01-19 13:37:12,422 [ERROR] src.autoclave.devices.door: Error persistente: Estado de puerta inconsistente.
2026-01-19 13:37:12,422 [INFO] src.autoclave.devices.door: Estado actual: ERROR.
2026-01-19 13:37:12,423 [ERROR] src.autoclave.devices.door: Error persistente: Estado de puerta inconsistente.
2026-01-19 13:37:12,925 [INFO] src.autoclave.services.control_loop: Estado global actualizado.
2026-01-19 13:37:12,925 [INFO] src.autoclave.devices.door: Estado actual: ERROR.
2026-01-19 13:37:12,926 [ERROR] src.autoclave.devices.door: Error persistente: Estado de puerta inconsistente.
2026-01-19 13:37:12,926 [INFO] src.autoclave.devices.door: Estado actual: ERROR.
2026-01-19 13:37:12,926 [ERROR] src.autoclave.devices.door: Error persistente: Estado de puerta inconsistente.
2026-01-19 13:37:13,427 [INFO] src.autoclave.services.control_loop: Estado global actualizado.
2026-01-19 13:37:13,428 [INFO] src.autoclave.devices.door: Estado actual: ERROR.
2026-01-19 13:37:13,428 [ERROR] src.autoclave.devices.door: Error persistente: Estado de puerta inconsistente.
2026-01-19 13:37:13,428 [INFO] src.autoclave.devices.door: Estado actual: ERROR.
2026-01-19 13:37:13,429 [ERROR] src.autoclave.devices.door: Error persistente: Estado de puerta inconsistente.
2026-01-19 13:37:13,930 [INFO] src.autoclave.services.control_loop: Estado global actualizado.
2026-01-19 13:37:13,932 [INFO] src.autoclave.devices.door: Estado actual: ERROR.
2026-01-19 13:37:13,932 [ERROR] src.autoclave.devices.door: Error persistente: Estado de puerta inconsistente.
2026-01-19 13:37:13,933 [INFO] src.autoclave.devices.door: Estado actual: ERROR.
2026-01-19 13:37:13,934 [ERROR] src.autoclave.devices.door: Error persistente: Estado de puerta inconsistente.
2026-01-19 13:37:14,437 [INFO] src.autoclave.services.control_loop: Estado global actualizado.
2026-01-19 13:37:14,439 [INFO] src.autoclave.devices.door: Estado actual: ERROR.
2026-01-19 13:37:14,440 [ERROR] src.autoclave.devices.door: Error persistente: Estado de puerta inconsistente.
2026-01-19 13:37:14,442 [INFO] src.autoclave.devices.door: Estado actual: ERROR.
2026-01-19 13:37:14,442 [ERROR] src.autoclave.devices.door: Error persistente: Estado de puerta inconsistente.
2026-01-19 13:37:14,943 [INFO] src.autoclave.services.control_loop: Estado global actualizado.
2026-01-19 13:37:14,944 [INFO] src.autoclave.devices.door: Estado actual: ERROR.
2026-01-19 13:37:14,945 [ERROR] src.autoclave.devices.door: Error persistente: Estado de puerta inconsistente.
2026-01-19 13:37:14,946 [INFO] src.autoclave.devices.door: Estado actual: ERROR.
2026-01-19 13:37:14,946 [ERROR] src.autoclave.devices.door: Error persistente: Estado de puerta inconsistente.
2026-01-19 13:37:15,448 [INFO] src.autoclave.services.control_loop: Estado global actualizado.
2026-01-19 13:37:15,448 [INFO] src.autoclave.devices.door: Estado actual: ERROR.
2026-01-19 13:37:15,449 [ERROR] src.autoclave.devices.door: Error persistente: Estado de puerta inconsistente.
2026-01-19 13:37:15,449 [INFO] src.autoclave.devices.door: Estado actual: ERROR.
2026-01-19 13:37:15,449 [ERROR] src.autoclave.devices.door: Error persistente: Estado de puerta inconsistente.
2026-01-19 13:37:15,951 [INFO] src.autoclave.services.control_loop: Estado global actualizado.
2026-01-19 13:37:15,954 [INFO] src.autoclave.devices.door: Estado actual: ERROR.
2026-01-19 13:37:15,955 [ERROR] src.autoclave.devices.door: Error persistente: Estado de puerta inconsistente.
2026-01-19 13:37:15,956 [INFO] src.autoclave.devices.door: Estado actual: ERROR.
2026-01-19 13:37:15,956 [ERROR] src.autoclave.devices.door: Error persistente: Estado de puerta inconsistente.
2026-01-19 13:37:16,457 [INFO] src.autoclave.services.control_loop: Estado global actualizado.
2026-01-19 13:37:16,458 [INFO] src.autoclave.devices.door: Estado actual: ERROR.
2026-01-19 13:37:16,459 [ERROR] src.autoclave.devices.door: Error persistente: Estado de puerta inconsistente.
2026-01-19 13:37:16,459 [INFO] src.autoclave.devices.door: Estado actual: ERROR.
2026-01-19 13:37:16,460 [ERROR] src.autoclave.devices.door: Error persistente: Estado de puerta inconsistente.
2026-01-19 13:37:16,961 [INFO] src.autoclave.services.control_loop: Estado global actualizado.
2026-01-19 13:37:16,962 [INFO] src.autoclave.devices.door: Estado actual: ERROR.
2026-01-19 13:37:16,962 [ERROR] src.autoclave.devices.door: Error persistente: Estado de puerta inconsistente.
2026-01-19 13:37:16,963 [INFO] src.autoclave.devices.door: Estado actual: ERROR.
2026-01-19 13:37:16,964 [ERROR] src.autoclave.devices.door: Error persistente: Estado de puerta inconsistente.
2026-01-19 13:37:17,465 [INFO] src.autoclave.services.control_loop: Estado global actualizado.
2026-01-19 13:37:17,466 [INFO] src.autoclave.devices.door: Estado actual: ERROR.
2026-01-19 13:37:17,467 [ERROR] src.autoclave.devices.door: Error persistente: Estado de puerta inconsistente.
2026-01-19 13:37:17,468 [INFO] src.autoclave.devices.door: Estado actual: ERROR.
2026-01-19 13:37:17,469 [ERROR] src.autoclave.devices.door: Error persistente: Estado de puerta inconsistente.
2026-01-19 13:37:17,970 [INFO] src.autoclave.services.control_loop: Estado global actualizado.
2026-01-19 13:37:17,971 [INFO] src.autoclave.devices.door: Estado actual: ERROR.
2026-01-19 13:37:17,973 [ERROR] src.autoclave.devices.door: Error persistente: Estado de puerta inconsistente.
2026-01-19 13:37:17,974 [INFO] src.autoclave.devices.door: Estado actual: ERROR.
2026-01-19 13:37:17,975 [ERROR] src.autoclave.devices.door: Error persistente: Estado de puerta inconsistente.
2026-01-19 13:37:18,477 [INFO] src.autoclave.services.control_loop: Estado global actualizado.
2026-01-19 13:37:18,478 [INFO] src.autoclave.devices.door: Estado actual: ERROR.
2026-01-19 13:37:18,478 [ERROR] src.autoclave.devices.door: Error persistente: Estado de puerta inconsistente.
2026-01-19 13:37:18,479 [INFO] src.autoclave.devices.door: Estado actual: ERROR.
2026-01-19 13:37:18,480 [ERROR] src.autoclave.devices.door: Error persistente: Estado de puerta inconsistente.
2026-01-19 13:37:18,981 [INFO] src.autoclave.services.control_loop: Estado global actualizado.
2026-01-19 13:37:18,983 [INFO] src.autoclave.devices.door: Estado actual: ERROR.
2026-01-19 13:37:18,983 [ERROR] src.autoclave.devices.door: Error persistente: Estado de puerta inconsistente.
2026-01-19 13:37:18,984 [INFO] src.autoclave.devices.door: Estado actual: ERROR.
2026-01-19 13:37:18,984 [ERROR] src.autoclave.devices.door: Error persistente: Estado de puerta inconsistente.
2026-01-19 13:37:19,487 [INFO] src.autoclave.services.control_loop: Estado global actualizado.
2026-01-19 13:37:19,489 [INFO] src.autoclave.devices.door: Estado actual: ERROR.
2026-01-19 13:37:19,489 [ERROR] src.autoclave.devices.door: Error persistente: Estado de puerta inconsistente.
2026-01-19 13:37:19,490 [INFO] src.autoclave.devices.door: Estado actual: ERROR.
2026-01-19 13:37:19,490 [ERROR] src.autoclave.devices.door: Error persistente: Estado de puerta inconsistente.
2026-01-19 13:37:19,991 [INFO] src.autoclave.services.control_loop: Estado global actualizado.
2026-01-19 13:37:19,992 [INFO] src.autoclave.devices.door: Estado actual: ERROR.
2026-01-19 13:37:19,992 [ERROR] src.autoclave.devices.door: Error persistente: Estado de puerta inconsistente.
2026-01-19 13:37:19,993 [INFO] src.autoclave.devices.door: Estado actual: ERROR.
2026-01-19 13:37:19,993 [ERROR] src.autoclave.devices.door: Error persistente: Estado de puerta inconsistente.
2026-01-19 13:37:20,494 [INFO] src.autoclave.services.control_loop: Estado global actualizado.
2026-01-19 13:37:20,494 [INFO] src.autoclave.devices.door: Estado actual: ERROR.
2026-01-19 13:37:20,495 [ERROR] src.autoclave.devices.door: Error persistente: Estado de puerta inconsistente.
2026-01-19 13:37:20,495 [INFO] src.autoclave.devices.door: Estado actual: ERROR.
2026-01-19 13:37:20,495 [ERROR] src.autoclave.devices.door: Error persistente: Estado de puerta inconsistente.
2026-01-19 13:37:20,996 [INFO] src.autoclave.services.control_loop: Estado global actualizado.
2026-01-19 13:37:20,998 [INFO] src.autoclave.devices.door: Estado actual: ERROR.
2026-01-19 13:37:20,999 [ERROR] src.autoclave.devices.door: Error persistente: Estado de puerta inconsistente.
2026-01-19 13:37:21,000 [INFO] src.autoclave.devices.door: Estado actual: ERROR.
2026-01-19 13:37:21,001 [ERROR] src.autoclave.devices.door: Error persistente: Estado de puerta inconsistente.
2026-01-19 13:37:21,506 [INFO] src.autoclave.services.control_loop: Estado global actualizado.
2026-01-19 13:37:21,507 [INFO] src.autoclave.devices.door: Estado actual: ERROR.
2026-01-19 13:37:21,508 [ERROR] src.autoclave.devices.door: Error persistente: Estado de puerta inconsistente.
2026-01-19 13:37:21,508 [INFO] src.autoclave.devices.door: Estado actual: ERROR.
2026-01-19 13:37:21,509 [ERROR] src.autoclave.devices.door: Error persistente: Estado de puerta inconsistente.
2026-01-19 13:37:22,010 [INFO] src.autoclave.services.control_loop: Estado global actualizado.
2026-01-19 13:37:22,011 [INFO] src.autoclave.devices.door: Estado actual: ERROR.
2026-01-19 13:37:22,011 [ERROR] src.autoclave.devices.door: Error persistente: Estado de puerta inconsistente.
2026-01-19 13:37:22,012 [INFO] src.autoclave.devices.door: Estado actual: ERROR.
2026-01-19 13:37:22,012 [ERROR] src.autoclave.devices.door: Error persistente: Estado de puerta inconsistente.
2026-01-19 13:37:22,513 [INFO] src.autoclave.services.control_loop: Estado global actualizado.
2026-01-19 13:37:22,514 [INFO] src.autoclave.devices.door: Estado actual: ERROR.
2026-01-19 13:37:22,515 [ERROR] src.autoclave.devices.door: Error persistente: Estado de puerta inconsistente.
2026-01-19 13:37:22,516 [INFO] src.autoclave.devices.door: Estado actual: ERROR.
2026-01-19 13:37:22,517 [ERROR] src.autoclave.devices.door: Error persistente: Estado de puerta inconsistente.
2026-01-19 13:37:23,018 [INFO] src.autoclave.services.control_loop: Estado global actualizado.
2026-01-19 13:37:23,020 [INFO] src.autoclave.devices.door: Estado actual: ERROR.
2026-01-19 13:37:23,021 [ERROR] src.autoclave.devices.door: Error persistente: Estado de puerta inconsistente.
2026-01-19 13:37:23,022 [INFO] src.autoclave.devices.door: Estado actual: ERROR.
2026-01-19 13:37:23,022 [ERROR] src.autoclave.devices.door: Error persistente: Estado de puerta inconsistente.
2026-01-19 13:37:23,524 [INFO] src.autoclave.services.control_loop: Estado global actualizado.
2026-01-19 13:37:23,525 [INFO] src.autoclave.devices.door: Estado actual: ERROR.
2026-01-19 13:37:23,525 [ERROR] src.autoclave.devices.door: Error persistente: Estado de puerta inconsistente.
2026-01-19 13:37:23,526 [INFO] src.autoclave.devices.door: Estado actual: ERROR.
2026-01-19 13:37:23,526 [ERROR] src.autoclave.devices.door: Error persistente: Estado de puerta inconsistente.
2026-01-19 13:37:24,028 [INFO] src.autoclave.services.control_loop: Estado global actualizado.
2026-01-19 13:37:24,029 [INFO] src.autoclave.devices.door: Estado actual: ERROR.
2026-01-19 13:37:24,029 [ERROR] src.autoclave.devices.door: Error persistente: Estado de puerta inconsistente.
2026-01-19 13:37:24,030 [INFO] src.autoclave.devices.door: Estado actual: ERROR.
2026-01-19 13:37:24,031 [ERROR] src.autoclave.devices.door: Error persistente: Estado de puerta inconsistente.
2026-01-19 13:37:24,532 [INFO] src.autoclave.services.control_loop: Estado global actualizado.
2026-01-19 13:37:24,533 [INFO] src.autoclave.devices.door: Estado actual: ERROR.
2026-01-19 13:37:24,533 [ERROR] src.autoclave.devices.door: Error persistente: Estado de puerta inconsistente.
2026-01-19 13:37:24,534 [INFO] src.autoclave.devices.door: Estado actual: ERROR.
2026-01-19 13:37:24,534 [ERROR] src.autoclave.devices.door: Error persistente: Estado de puerta inconsistente.
2026-01-19 13:37:25,035 [INFO] src.autoclave.services.control_loop: Estado global actualizado.
2026-01-19 13:37:25,036 [INFO] src.autoclave.devices.door: Estado actual: ERROR.
2026-01-19 13:37:25,036 [ERROR] src.autoclave.devices.door: Error persistente: Estado de puerta inconsistente.
2026-01-19 13:37:25,037 [INFO] src.autoclave.devices.door: Estado actual: ERROR.
2026-01-19 13:37:25,038 [ERROR] src.autoclave.devices.door: Error persistente: Estado de puerta inconsistente.
2026-01-19 13:37:25,539 [INFO] src.autoclave.services.control_loop: Estado global actualizado.
2026-01-19 13:37:25,540 [INFO] src.autoclave.devices.door: Estado actual: ERROR.
2026-01-19 13:37:25,540 [ERROR] src.autoclave.devices.door: Error persistente: Estado de puerta inconsistente.
2026-01-19 13:37:25,541 [INFO] src.autoclave.devices.door: Estado actual: ERROR.
2026-01-19 13:37:25,541 [ERROR] src.autoclave.devices.door: Error persistente: Estado de puerta inconsistente.
2026-01-19 13:37:26,042 [INFO] src.autoclave.services.control_loop: Estado global actualizado.
2026-01-19 13:37:26,043 [INFO] src.autoclave.devices.door: Estado actual: ERROR.
2026-01-19 13:37:26,043 [ERROR] src.autoclave.devices.door: Error persistente: Estado de puerta inconsistente.
2026-01-19 13:37:26,044 [INFO] src.autoclave.devices.door: Estado actual: ERROR.
2026-01-19 13:37:26,044 [ERROR] src.autoclave.devices.door: Error persistente: Estado de puerta inconsistente.
2026-01-19 13:37:26,546 [INFO] src.autoclave.services.control_loop: Estado global actualizado.
2026-01-19 13:37:26,546 [INFO] src.autoclave.devices.door: Estado actual: ERROR.
2026-01-19 13:37:26,547 [ERROR] src.autoclave.devices.door: Error persistente: Estado de puerta inconsistente.
2026-01-19 13:37:26,548 [INFO] src.autoclave.devices.door: Estado actual: ERROR.
2026-01-19 13:37:26,548 [ERROR] src.autoclave.devices.door: Error persistente: Estado de puerta inconsistente.
2026-01-19 13:37:27,050 [INFO] src.autoclave.services.control_loop: Estado global actualizado.
2026-01-19 13:37:27,051 [INFO] src.autoclave.devices.door: Estado actual: ERROR.
2026-01-19 13:37:27,051 [ERROR] src.autoclave.devices.door: Error persistente: Estado de puerta inconsistente.
2026-01-19 13:37:27,052 [INFO] src.autoclave.devices.door: Estado actual: ERROR.
2026-01-19 13:37:27,052 [ERROR] src.autoclave.devices.door: Error persistente: Estado de puerta inconsistente.
2026-01-19 13:37:27,394 [INFO] autoclave: Conectado a ESP32 en COM3
2026-01-19 13:37:27,553 [INFO] src.autoclave.services.control_loop: Estado global actualizado.
2026-01-19 13:37:27,556 [INFO] src.autoclave.devices.door: Estado actual: ERROR.
2026-01-19 13:37:27,557 [ERROR] src.autoclave.devices.door: Error persistente: Estado de puerta inconsistente.
2026-01-19 13:37:27,558 [INFO] src.autoclave.devices.door: Estado actual: ERROR.
2026-01-19 13:37:27,559 [ERROR] src.autoclave.devices.door: Error persistente: Estado de puerta inconsistente.
2026-01-19 13:37:28,060 [INFO] src.autoclave.services.control_loop: Estado global actualizado.
2026-01-19 13:37:28,061 [INFO] src.autoclave.devices.door: Estado actual: ERROR.
2026-01-19 13:37:28,062 [WARNING] src.autoclave.devices.door: Recuperación de error: Estado inconsistente, iniciando cierre.
2026-01-19 13:37:28,063 [INFO] src.autoclave.devices.door: Estado actual: ERROR.
2026-01-19 13:37:28,063 [WARNING] src.autoclave.devices.door: Recuperación de error: Estado inconsistente, iniciando cierre.
2026-01-19 13:37:28,064 [INFO] __main__: Puerta Puerta 1: ERROR -> CERRANDO
2026-01-19 13:37:28,064 [INFO] __main__: Puerta Puerta 1 cerrándose...
2026-01-19 13:37:28,065 [INFO] __main__: Puerta Puerta 2: ERROR -> CERRANDO
2026-01-19 13:37:28,071 [INFO] __main__: Puerta Puerta 2 cerrándose...
2026-01-19 13:37:28,572 [INFO] src.autoclave.services.control_loop: Estado global actualizado.
2026-01-19 13:37:28,575 [INFO] src.autoclave.devices.door: Estado actual: CERRANDO.
2026-01-19 13:37:28,576 [INFO] src.autoclave.devices.door: Bomba de vacio encendida.
2026-01-19 13:37:28,576 [INFO] src.autoclave.devices.door: Desbloqueo de puerta activado.
2026-01-19 13:37:28,577 [INFO] src.autoclave.devices.door: Iniciando cierre de puerta.
2026-01-19 13:37:28,577 [INFO] src.autoclave.devices.door: Actuador de cierre desactivado.
2026-01-19 13:37:28,578 [INFO] src.autoclave.devices.door: Desbloqueo de puerta desactivado.
2026-01-19 13:37:28,579 [INFO] src.autoclave.devices.door: Bomba de vacio apagada.
2026-01-19 13:37:28,580 [INFO] src.autoclave.devices.door: Bloqueo de puerta activado.
2026-01-19 13:37:28,581 [INFO] src.autoclave.devices.door: Bloqueo de puerta desactivado.
2026-01-19 13:37:28,582 [ERROR] src.autoclave.devices.door: Error: Presión de empaque insuficiente al cerrar.
2026-01-19 13:37:28,584 [INFO] src.autoclave.devices.door: Estado actual: CERRANDO.
2026-01-19 13:37:28,586 [INFO] src.autoclave.devices.door: Bomba de vacio encendida.
2026-01-19 13:37:28,587 [INFO] src.autoclave.devices.door: Desbloqueo de puerta activado.
2026-01-19 13:37:28,588 [INFO] src.autoclave.devices.door: Iniciando cierre de puerta.
2026-01-19 13:37:28,589 [INFO] src.autoclave.devices.door: Actuador de cierre activado.
2026-01-19 13:37:28,589 [INFO] src.autoclave.devices.door: Actuador de cierre desactivado.
2026-01-19 13:37:28,590 [INFO] src.autoclave.devices.door: Desbloqueo de puerta desactivado.
2026-01-19 13:37:28,591 [INFO] src.autoclave.devices.door: Bomba de vacio apagada.
2026-01-19 13:37:28,593 [INFO] src.autoclave.devices.door: Bloqueo de puerta activado.
2026-01-19 13:37:28,593 [INFO] src.autoclave.devices.door: Bloqueo de puerta desactivado.
2026-01-19 13:37:28,594 [ERROR] src.autoclave.devices.door: Error: Presión de empaque insuficiente al cerrar.
2026-01-19 13:37:28,595 [INFO] __main__: Puerta Puerta 1: CERRANDO -> ERROR
2026-01-19 13:37:28,595 [ERROR] __main__: ¡Error en puerta Puerta 1!
2026-01-19 13:37:28,596 [INFO] __main__: Puerta Puerta 2: CERRANDO -> ERROR
2026-01-19 13:37:28,596 [ERROR] __main__: ¡Error en puerta Puerta 2!
2026-01-19 13:37:29,097 [INFO] src.autoclave.services.control_loop: Estado global actualizado.
2026-01-19 13:37:29,099 [INFO] src.autoclave.devices.door: Estado actual: ERROR.
2026-01-19 13:37:29,099 [INFO] src.autoclave.devices.door: Recuperación de error: Estado detectado CERRADO.
2026-01-19 13:37:29,100 [INFO] src.autoclave.devices.door: Estado actual: ERROR.
2026-01-19 13:37:29,101 [WARNING] src.autoclave.devices.door: Recuperación de error: Estado inconsistente, iniciando cierre.
2026-01-19 13:37:29,101 [INFO] __main__: Puerta Puerta 1: ERROR -> CERRADO
2026-01-19 13:37:29,102 [INFO] __main__: Puerta Puerta 1 cerrada.
2026-01-19 13:37:29,103 [INFO] __main__: Puerta Puerta 2: ERROR -> CERRANDO
2026-01-19 13:37:29,104 [INFO] __main__: Puerta Puerta 2 cerrándose...
2026-01-19 13:37:29,605 [INFO] src.autoclave.services.control_loop: Estado global actualizado.
2026-01-19 13:37:29,607 [INFO] src.autoclave.devices.door: Estado actual: CERRADO.
2026-01-19 13:37:29,607 [INFO] src.autoclave.devices.door: Estado actual: CERRANDO.
2026-01-19 13:37:29,608 [INFO] src.autoclave.devices.door: Bomba de vacio encendida.
2026-01-19 13:37:29,609 [INFO] src.autoclave.devices.door: Desbloqueo de puerta activado.
2026-01-19 13:37:29,609 [INFO] src.autoclave.devices.door: Iniciando cierre de puerta.
2026-01-19 13:37:29,610 [INFO] src.autoclave.devices.door: Actuador de cierre activado.
2026-01-19 13:37:29,616 [INFO] src.autoclave.devices.door: Actuador de cierre desactivado.
2026-01-19 13:37:29,616 [INFO] src.autoclave.devices.door: Desbloqueo de puerta desactivado.
2026-01-19 13:37:29,617 [INFO] src.autoclave.devices.door: Bomba de vacio apagada.
2026-01-19 13:37:29,619 [INFO] src.autoclave.devices.door: Bloqueo de puerta activado.
2026-01-19 13:37:29,620 [INFO] src.autoclave.devices.door: Bloqueo de puerta desactivado.
2026-01-19 13:37:29,620 [ERROR] src.autoclave.devices.door: Error: Presión de empaque insuficiente al cerrar.
2026-01-19 13:37:29,621 [INFO] __main__: Puerta Puerta 2: CERRANDO -> ERROR
2026-01-19 13:37:29,622 [ERROR] __main__: ¡Error en puerta Puerta 2!
2026-01-19 13:37:30,122 [INFO] src.autoclave.services.control_loop: Estado global actualizado.
2026-01-19 13:37:30,123 [INFO] src.autoclave.devices.door: Estado actual: CERRADO.
2026-01-19 13:37:30,124 [INFO] src.autoclave.devices.door: Estado actual: ERROR.
2026-01-19 13:37:30,124 [WARNING] src.autoclave.devices.door: Recuperación de error: Estado inconsistente, iniciando cierre.
2026-01-19 13:37:30,125 [INFO] __main__: Puerta Puerta 2: ERROR -> CERRANDO
2026-01-19 13:37:30,126 [INFO] __main__: Puerta Puerta 2 cerrándose...
2026-01-19 13:37:30,626 [INFO] src.autoclave.services.control_loop: Estado global actualizado.
2026-01-19 13:37:30,627 [INFO] src.autoclave.devices.door: Estado actual: CERRADO.
2026-01-19 13:37:30,628 [INFO] src.autoclave.devices.door: Estado actual: CERRANDO.
2026-01-19 13:37:30,629 [INFO] src.autoclave.devices.door: Bomba de vacio encendida.
2026-01-19 13:37:30,629 [INFO] src.autoclave.devices.door: Desbloqueo de puerta activado.
2026-01-19 13:37:30,630 [INFO] src.autoclave.devices.door: Iniciando cierre de puerta.
2026-01-19 13:37:30,630 [INFO] src.autoclave.devices.door: Actuador de cierre activado.
2026-01-19 13:37:30,631 [INFO] src.autoclave.devices.door: Actuador de cierre desactivado.
2026-01-19 13:37:30,632 [INFO] src.autoclave.devices.door: Desbloqueo de puerta desactivado.
2026-01-19 13:37:30,633 [INFO] src.autoclave.devices.door: Bomba de vacio apagada.
2026-01-19 13:37:30,634 [INFO] src.autoclave.devices.door: Bloqueo de puerta activado.
2026-01-19 13:37:30,635 [INFO] src.autoclave.devices.door: Bloqueo de puerta desactivado.
2026-01-19 13:37:30,636 [ERROR] src.autoclave.devices.door: Error: Presión de empaque insuficiente al cerrar.
2026-01-19 13:37:30,638 [INFO] __main__: Puerta Puerta 2: CERRANDO -> ERROR
2026-01-19 13:37:30,639 [ERROR] __main__: ¡Error en puerta Puerta 2!
2026-01-19 13:37:31,140 [INFO] src.autoclave.services.control_loop: Estado global actualizado.
2026-01-19 13:37:31,141 [INFO] src.autoclave.devices.door: Estado actual: CERRADO.
2026-01-19 13:37:31,142 [INFO] src.autoclave.devices.door: Estado actual: ERROR.
2026-01-19 13:37:31,142 [WARNING] src.autoclave.devices.door: Recuperación de error: Estado inconsistente, iniciando cierre.
2026-01-19 13:37:31,143 [INFO] __main__: Puerta Puerta 2: ERROR -> CERRANDO
2026-01-19 13:37:31,144 [INFO] __main__: Puerta Puerta 2 cerrándose...
2026-01-19 13:37:31,645 [INFO] src.autoclave.services.control_loop: Estado global actualizado.
2026-01-19 13:37:31,646 [INFO] src.autoclave.devices.door: Estado actual: CERRADO.
2026-01-19 13:37:31,647 [INFO] src.autoclave.devices.door: Estado actual: CERRANDO.
2026-01-19 13:37:31,648 [INFO] src.autoclave.devices.door: Bomba de vacio encendida.
2026-01-19 13:37:31,649 [INFO] src.autoclave.devices.door: Desbloqueo de puerta activado.
2026-01-19 13:37:31,649 [INFO] src.autoclave.devices.door: Iniciando cierre de puerta.
2026-01-19 13:37:31,650 [INFO] src.autoclave.devices.door: Actuador de cierre activado.
2026-01-19 13:37:31,651 [INFO] src.autoclave.devices.door: Actuador de cierre desactivado.
2026-01-19 13:37:31,651 [INFO] src.autoclave.devices.door: Desbloqueo de puerta desactivado.
2026-01-19 13:37:31,653 [INFO] src.autoclave.devices.door: Bomba de vacio apagada.
2026-01-19 13:37:31,654 [INFO] src.autoclave.devices.door: Bloqueo de puerta activado.
2026-01-19 13:37:31,655 [INFO] src.autoclave.devices.door: Bloqueo de puerta desactivado.
2026-01-19 13:37:31,740 [ERROR] src.autoclave.devices.door: Error: Presión de empaque insuficiente al cerrar.
2026-01-19 13:37:31,743 [INFO] __main__: Puerta Puerta 2: CERRANDO -> ERROR
2026-01-19 13:37:31,743 [ERROR] __main__: ¡Error en puerta Puerta 2!
2026-01-19 13:37:32,244 [INFO] src.autoclave.services.control_loop: Estado global actualizado.
2026-01-19 13:37:32,246 [INFO] src.autoclave.devices.door: Estado actual: CERRADO.
2026-01-19 13:37:32,247 [INFO] src.autoclave.devices.door: Estado actual: ERROR.
2026-01-19 13:37:32,247 [WARNING] src.autoclave.devices.door: Recuperación de error: Estado inconsistente, iniciando cierre.
2026-01-19 13:37:32,248 [INFO] __main__: Puerta Puerta 2: ERROR -> CERRANDO
2026-01-19 13:37:32,248 [INFO] __main__: Puerta Puerta 2 cerrándose...
2026-01-19 13:37:32,750 [INFO] src.autoclave.services.control_loop: Estado global actualizado.
2026-01-19 13:37:32,751 [INFO] src.autoclave.devices.door: Estado actual: CERRADO.
2026-01-19 13:37:32,752 [INFO] src.autoclave.devices.door: Estado actual: CERRANDO.
2026-01-19 13:37:32,753 [INFO] src.autoclave.devices.door: Bomba de vacio encendida.
2026-01-19 13:37:32,755 [INFO] src.autoclave.devices.door: Desbloqueo de puerta activado.
2026-01-19 13:37:32,755 [INFO] src.autoclave.devices.door: Iniciando cierre de puerta.
2026-01-19 13:37:32,756 [INFO] src.autoclave.devices.door: Actuador de cierre activado.
2026-01-19 13:37:32,756 [INFO] src.autoclave.devices.door: Actuador de cierre desactivado.
2026-01-19 13:37:32,757 [INFO] src.autoclave.devices.door: Desbloqueo de puerta desactivado.
2026-01-19 13:37:32,758 [INFO] src.autoclave.devices.door: Bomba de vacio apagada.
2026-01-19 13:37:32,759 [INFO] src.autoclave.devices.door: Bloqueo de puerta activado.
2026-01-19 13:37:32,760 [INFO] src.autoclave.devices.door: Bloqueo de puerta desactivado.
2026-01-19 13:37:32,760 [ERROR] src.autoclave.devices.door: Error: Presión de empaque insuficiente al cerrar.
2026-01-19 13:37:32,761 [INFO] __main__: Puerta Puerta 2: CERRANDO -> ERROR
2026-01-19 13:37:32,762 [ERROR] __main__: ¡Error en puerta Puerta 2!
2026-01-19 13:37:33,263 [INFO] src.autoclave.services.control_loop: Estado global actualizado.
2026-01-19 13:37:33,264 [INFO] src.autoclave.devices.door: Estado actual: CERRADO.
2026-01-19 13:37:33,264 [INFO] src.autoclave.devices.door: Estado actual: ERROR.
2026-01-19 13:37:33,265 [WARNING] src.autoclave.devices.door: Recuperación de error: Estado inconsistente, iniciando cierre.
2026-01-19 13:37:33,265 [INFO] __main__: Puerta Puerta 2: ERROR -> CERRANDO
2026-01-19 13:37:33,266 [INFO] __main__: Puerta Puerta 2 cerrándose...
2026-01-19 13:37:33,767 [INFO] src.autoclave.services.control_loop: Estado global actualizado.
2026-01-19 13:37:33,772 [INFO] src.autoclave.devices.door: Estado actual: CERRADO.
2026-01-19 13:37:33,772 [INFO] src.autoclave.devices.door: Estado actual: CERRANDO.
2026-01-19 13:37:33,774 [INFO] src.autoclave.devices.door: Bomba de vacio encendida.
2026-01-19 13:37:33,774 [INFO] src.autoclave.devices.door: Desbloqueo de puerta activado.
2026-01-19 13:37:33,774 [INFO] src.autoclave.devices.door: Iniciando cierre de puerta.
2026-01-19 13:37:33,775 [INFO] src.autoclave.devices.door: Actuador de cierre activado.
2026-01-19 13:37:33,776 [INFO] src.autoclave.devices.door: Actuador de cierre desactivado.
2026-01-19 13:37:33,777 [INFO] src.autoclave.devices.door: Desbloqueo de puerta desactivado.
2026-01-19 13:37:33,778 [INFO] src.autoclave.devices.door: Bomba de vacio apagada.
2026-01-19 13:37:33,779 [INFO] src.autoclave.devices.door: Bloqueo de puerta activado.
2026-01-19 13:37:33,781 [INFO] src.autoclave.devices.door: Bloqueo de puerta desactivado.
2026-01-19 13:37:33,781 [ERROR] src.autoclave.devices.door: Error: Presión de empaque insuficiente al cerrar.
2026-01-19 13:37:33,782 [INFO] __main__: Puerta Puerta 2: CERRANDO -> ERROR
2026-01-19 13:37:33,782 [ERROR] __main__: ¡Error en puerta Puerta 2!
2026-01-19 13:37:34,283 [INFO] src.autoclave.services.control_loop: Estado global actualizado.
2026-01-19 13:37:34,284 [INFO] src.autoclave.devices.door: Estado actual: CERRADO.
2026-01-19 13:37:34,287 [INFO] src.autoclave.devices.door: Estado actual: ERROR.
2026-01-19 13:37:34,287 [WARNING] src.autoclave.devices.door: Recuperación de error: Estado inconsistente, iniciando cierre.
2026-01-19 13:37:34,288 [INFO] __main__: Puerta Puerta 2: ERROR -> CERRANDO
2026-01-19 13:37:34,289 [INFO] __main__: Puerta Puerta 2 cerrándose...
2026-01-19 13:37:34,790 [INFO] src.autoclave.services.control_loop: Estado global actualizado.
2026-01-19 13:37:34,791 [INFO] src.autoclave.devices.door: Estado actual: CERRADO.
2026-01-19 13:37:34,792 [INFO] src.autoclave.devices.door: Estado actual: CERRANDO.
2026-01-19 13:37:34,792 [INFO] src.autoclave.devices.door: Bomba de vacio encendida.
2026-01-19 13:37:34,793 [INFO] src.autoclave.devices.door: Desbloqueo de puerta activado.
2026-01-19 13:37:34,793 [INFO] src.autoclave.devices.door: Iniciando cierre de puerta.
2026-01-19 13:37:34,793 [INFO] src.autoclave.devices.door: Actuador de cierre activado.
2026-01-19 13:37:34,794 [INFO] src.autoclave.devices.door: Actuador de cierre desactivado.
2026-01-19 13:37:34,795 [INFO] src.autoclave.devices.door: Desbloqueo de puerta desactivado.
2026-01-19 13:37:34,796 [INFO] src.autoclave.devices.door: Bomba de vacio apagada.
2026-01-19 13:37:34,797 [INFO] src.autoclave.devices.door: Bloqueo de puerta activado.
2026-01-19 13:37:34,799 [INFO] src.autoclave.devices.door: Bloqueo de puerta desactivado.
2026-01-19 13:37:34,799 [ERROR] src.autoclave.devices.door: Error: Presión de empaque insuficiente al cerrar.
2026-01-19 13:37:34,803 [INFO] __main__: Puerta Puerta 2: CERRANDO -> ERROR
2026-01-19 13:37:34,805 [ERROR] __main__: ¡Error en puerta Puerta 2!
2026-01-19 13:37:35,306 [INFO] src.autoclave.services.control_loop: Estado global actualizado.
2026-01-19 13:37:35,308 [INFO] src.autoclave.devices.door: Estado actual: CERRADO.
2026-01-19 13:37:35,309 [INFO] src.autoclave.devices.door: Estado actual: ERROR.
2026-01-19 13:37:35,310 [WARNING] src.autoclave.devices.door: Recuperación de error: Estado inconsistente, iniciando cierre.
2026-01-19 13:37:35,311 [INFO] __main__: Puerta Puerta 2: ERROR -> CERRANDO
2026-01-19 13:37:35,311 [INFO] __main__: Puerta Puerta 2 cerrándose...
2026-01-19 13:37:35,818 [INFO] src.autoclave.services.control_loop: Estado global actualizado.
2026-01-19 13:37:35,819 [INFO] src.autoclave.devices.door: Estado actual: CERRADO.
2026-01-19 13:37:35,820 [INFO] src.autoclave.devices.door: Estado actual: CERRANDO.
2026-01-19 13:37:35,822 [INFO] src.autoclave.devices.door: Bomba de vacio encendida.
2026-01-19 13:37:35,823 [INFO] src.autoclave.devices.door: Desbloqueo de puerta activado.
2026-01-19 13:37:35,823 [INFO] src.autoclave.devices.door: Iniciando cierre de puerta.
2026-01-19 13:37:35,824 [INFO] src.autoclave.devices.door: Actuador de cierre activado.
2026-01-19 13:37:35,825 [INFO] src.autoclave.devices.door: Actuador de cierre desactivado.
2026-01-19 13:37:35,826 [INFO] src.autoclave.devices.door: Desbloqueo de puerta desactivado.
2026-01-19 13:37:35,826 [INFO] src.autoclave.devices.door: Bomba de vacio apagada.
2026-01-19 13:37:35,827 [INFO] src.autoclave.devices.door: Bloqueo de puerta activado.
2026-01-19 13:37:35,829 [INFO] src.autoclave.devices.door: Bloqueo de puerta desactivado.
2026-01-19 13:37:35,829 [ERROR] src.autoclave.devices.door: Error: Presión de empaque insuficiente al cerrar.
2026-01-19 13:37:35,829 [INFO] __main__: Puerta Puerta 2: CERRANDO -> ERROR
2026-01-19 13:37:35,830 [ERROR] __main__: ¡Error en puerta Puerta 2!
2026-01-19 13:37:36,331 [INFO] src.autoclave.services.control_loop: Estado global actualizado.
2026-01-19 13:37:36,332 [INFO] src.autoclave.devices.door: Estado actual: CERRADO.
2026-01-19 13:37:36,334 [INFO] src.autoclave.devices.door: Estado actual: ERROR.
2026-01-19 13:37:36,334 [WARNING] src.autoclave.devices.door: Recuperación de error: Estado inconsistente, iniciando cierre.
2026-01-19 13:37:36,336 [INFO] __main__: Puerta Puerta 2: ERROR -> CERRANDO
2026-01-19 13:37:36,336 [INFO] __main__: Puerta Puerta 2 cerrándose...
2026-01-19 13:37:36,837 [INFO] src.autoclave.services.control_loop: Estado global actualizado.
2026-01-19 13:37:36,838 [INFO] src.autoclave.devices.door: Estado actual: CERRADO.
2026-01-19 13:37:36,839 [INFO] src.autoclave.devices.door: Estado actual: CERRANDO.
2026-01-19 13:37:36,840 [INFO] src.autoclave.devices.door: Bomba de vacio encendida.
2026-01-19 13:37:36,841 [INFO] src.autoclave.devices.door: Desbloqueo de puerta activado.
2026-01-19 13:37:36,841 [INFO] src.autoclave.devices.door: Iniciando cierre de puerta.
2026-01-19 13:37:36,842 [INFO] src.autoclave.devices.door: Actuador de cierre activado.
2026-01-19 13:37:36,842 [INFO] src.autoclave.devices.door: Actuador de cierre desactivado.
2026-01-19 13:37:36,843 [INFO] src.autoclave.devices.door: Desbloqueo de puerta desactivado.
2026-01-19 13:37:36,844 [INFO] src.autoclave.devices.door: Bomba de vacio apagada.
2026-01-19 13:37:36,845 [INFO] src.autoclave.devices.door: Bloqueo de puerta activado.
2026-01-19 13:37:36,846 [INFO] src.autoclave.devices.door: Bloqueo de puerta desactivado.
2026-01-19 13:37:36,847 [ERROR] src.autoclave.devices.door: Error: Presión de empaque insuficiente al cerrar.
2026-01-19 13:37:36,847 [INFO] __main__: Puerta Puerta 2: CERRANDO -> ERROR
2026-01-19 13:37:36,848 [ERROR] __main__: ¡Error en puerta Puerta 2!
2026-01-19 13:37:37,350 [INFO] src.autoclave.services.control_loop: Estado global actualizado.
2026-01-19 13:37:37,354 [INFO] src.autoclave.devices.door: Estado actual: CERRADO.
2026-01-19 13:37:37,355 [INFO] src.autoclave.devices.door: Estado actual: ERROR.
2026-01-19 13:37:37,356 [WARNING] src.autoclave.devices.door: Recuperación de error: Estado inconsistente, iniciando cierre.
2026-01-19 13:37:37,363 [INFO] __main__: Puerta Puerta 2: ERROR -> CERRANDO
2026-01-19 13:37:37,365 [INFO] __main__: Puerta Puerta 2 cerrándose...
2026-01-19 13:37:37,866 [INFO] src.autoclave.services.control_loop: Estado global actualizado.
2026-01-19 13:37:37,868 [INFO] src.autoclave.devices.door: Estado actual: CERRADO.
2026-01-19 13:37:37,868 [INFO] src.autoclave.devices.door: Estado actual: CERRANDO.
2026-01-19 13:37:37,870 [INFO] src.autoclave.devices.door: Bomba de vacio encendida.
2026-01-19 13:37:37,871 [INFO] src.autoclave.devices.door: Desbloqueo de puerta activado.
2026-01-19 13:37:37,871 [INFO] src.autoclave.devices.door: Iniciando cierre de puerta.
2026-01-19 13:37:37,872 [INFO] src.autoclave.devices.door: Actuador de cierre activado.
2026-01-19 13:37:37,873 [INFO] src.autoclave.devices.door: Actuador de cierre desactivado.
2026-01-19 13:37:37,874 [INFO] src.autoclave.devices.door: Desbloqueo de puerta desactivado.
2026-01-19 13:37:37,874 [INFO] src.autoclave.devices.door: Bomba de vacio apagada.
2026-01-19 13:37:37,875 [INFO] src.autoclave.devices.door: Bloqueo de puerta activado.
2026-01-19 13:37:37,876 [INFO] src.autoclave.devices.door: Bloqueo de puerta desactivado.
2026-01-19 13:37:37,877 [ERROR] src.autoclave.devices.door: Error: Presión de empaque insuficiente al cerrar.
2026-01-19 13:37:37,879 [INFO] __main__: Puerta Puerta 2: CERRANDO -> ERROR
2026-01-19 13:37:37,880 [ERROR] __main__: ¡Error en puerta Puerta 2!
2026-01-19 13:37:38,381 [INFO] src.autoclave.services.control_loop: Estado global actualizado.
2026-01-19 13:37:38,382 [INFO] src.autoclave.devices.door: Estado actual: CERRADO.
2026-01-19 13:37:38,382 [INFO] src.autoclave.devices.door: Estado actual: ERROR.
2026-01-19 13:37:38,383 [WARNING] src.autoclave.devices.door: Recuperación de error: Estado inconsistente, iniciando cierre.
2026-01-19 13:37:38,384 [INFO] __main__: Puerta Puerta 2: ERROR -> CERRANDO
2026-01-19 13:37:38,384 [INFO] __main__: Puerta Puerta 2 cerrándose...
2026-01-19 13:37:38,886 [INFO] src.autoclave.services.control_loop: Estado global actualizado.
2026-01-19 13:37:38,888 [INFO] src.autoclave.devices.door: Estado actual: CERRADO.
2026-01-19 13:37:38,889 [INFO] src.autoclave.devices.door: Estado actual: CERRANDO.
2026-01-19 13:37:38,890 [INFO] src.autoclave.devices.door: Bomba de vacio encendida.
2026-01-19 13:37:38,891 [INFO] src.autoclave.devices.door: Desbloqueo de puerta activado.
2026-01-19 13:37:38,893 [INFO] src.autoclave.devices.door: Iniciando cierre de puerta.
2026-01-19 13:37:38,894 [INFO] src.autoclave.devices.door: Actuador de cierre activado.
2026-01-19 13:37:38,895 [INFO] src.autoclave.devices.door: Actuador de cierre desactivado.
2026-01-19 13:37:38,895 [INFO] src.autoclave.devices.door: Desbloqueo de puerta desactivado.
2026-01-19 13:37:38,897 [INFO] src.autoclave.devices.door: Bomba de vacio apagada.
2026-01-19 13:37:38,897 [INFO] src.autoclave.devices.door: Bloqueo de puerta activado.
2026-01-19 13:37:38,898 [INFO] src.autoclave.devices.door: Bloqueo de puerta desactivado.
2026-01-19 13:37:38,900 [ERROR] src.autoclave.devices.door: Error: Presión de empaque insuficiente al cerrar.
2026-01-19 13:37:38,900 [INFO] __main__: Puerta Puerta 2: CERRANDO -> ERROR
2026-01-19 13:37:38,901 [ERROR] __main__: ¡Error en puerta Puerta 2!
2026-01-19 13:37:39,402 [INFO] src.autoclave.services.control_loop: Estado global actualizado.
2026-01-19 13:37:39,404 [INFO] src.autoclave.devices.door: Estado actual: CERRADO.
2026-01-19 13:37:39,405 [INFO] src.autoclave.devices.door: Estado actual: ERROR.
2026-01-19 13:37:39,405 [WARNING] src.autoclave.devices.door: Recuperación de error: Estado inconsistente, iniciando cierre.
2026-01-19 13:37:39,406 [INFO] __main__: Puerta Puerta 2: ERROR -> CERRANDO
2026-01-19 13:37:39,406 [INFO] __main__: Puerta Puerta 2 cerrándose...
2026-01-19 13:37:39,907 [INFO] src.autoclave.services.control_loop: Estado global actualizado.
2026-01-19 13:37:39,908 [INFO] src.autoclave.devices.door: Estado actual: CERRADO.
2026-01-19 13:37:39,908 [INFO] src.autoclave.devices.door: Estado actual: CERRANDO.
2026-01-19 13:37:39,909 [INFO] src.autoclave.devices.door: Bomba de vacio encendida.
2026-01-19 13:37:39,910 [INFO] src.autoclave.devices.door: Desbloqueo de puerta activado.
2026-01-19 13:37:39,910 [INFO] src.autoclave.devices.door: Iniciando cierre de puerta.
2026-01-19 13:37:39,911 [INFO] src.autoclave.devices.door: Actuador de cierre activado.
2026-01-19 13:37:39,912 [INFO] src.autoclave.devices.door: Actuador de cierre desactivado.
2026-01-19 13:37:39,913 [INFO] src.autoclave.devices.door: Desbloqueo de puerta desactivado.
2026-01-19 13:37:39,914 [INFO] src.autoclave.devices.door: Bomba de vacio apagada.
2026-01-19 13:37:39,914 [INFO] src.autoclave.devices.door: Bloqueo de puerta activado.
2026-01-19 13:37:39,915 [INFO] src.autoclave.devices.door: Bloqueo de puerta desactivado.
2026-01-19 13:37:39,919 [ERROR] src.autoclave.devices.door: Error: Presión de empaque insuficiente al cerrar.
2026-01-19 13:37:39,922 [INFO] __main__: Puerta Puerta 2: CERRANDO -> ERROR
2026-01-19 13:37:39,923 [ERROR] __main__: ¡Error en puerta Puerta 2!
2026-01-19 13:37:40,424 [INFO] src.autoclave.services.control_loop: Estado global actualizado.
2026-01-19 13:37:40,426 [INFO] src.autoclave.devices.door: Estado actual: CERRADO.
2026-01-19 13:37:40,427 [INFO] src.autoclave.devices.door: Estado actual: ERROR.
2026-01-19 13:37:40,427 [WARNING] src.autoclave.devices.door: Recuperación de error: Estado inconsistente, iniciando cierre.
2026-01-19 13:37:40,428 [INFO] __main__: Puerta Puerta 2: ERROR -> CERRANDO
2026-01-19 13:37:40,429 [INFO] __main__: Puerta Puerta 2 cerrándose...
2026-01-19 13:37:40,930 [INFO] src.autoclave.services.control_loop: Estado global actualizado.
2026-01-19 13:37:40,931 [INFO] src.autoclave.devices.door: Estado actual: CERRADO.
2026-01-19 13:37:40,932 [INFO] src.autoclave.devices.door: Estado actual: CERRANDO.
2026-01-19 13:37:40,933 [INFO] src.autoclave.devices.door: Bomba de vacio encendida.
2026-01-19 13:37:40,934 [INFO] src.autoclave.devices.door: Desbloqueo de puerta activado.
2026-01-19 13:37:40,934 [INFO] src.autoclave.devices.door: Iniciando cierre de puerta.
2026-01-19 13:37:40,935 [INFO] src.autoclave.devices.door: Actuador de cierre activado.
2026-01-19 13:37:40,936 [INFO] src.autoclave.devices.door: Actuador de cierre desactivado.
2026-01-19 13:37:40,937 [INFO] src.autoclave.devices.door: Desbloqueo de puerta desactivado.
2026-01-19 13:37:40,938 [INFO] src.autoclave.devices.door: Bomba de vacio apagada.
2026-01-19 13:37:40,939 [INFO] src.autoclave.devices.door: Bloqueo de puerta activado.
2026-01-19 13:37:40,940 [INFO] src.autoclave.devices.door: Bloqueo de puerta desactivado.
2026-01-19 13:37:40,940 [ERROR] src.autoclave.devices.door: Error: Presión de empaque insuficiente al cerrar.
2026-01-19 13:37:40,941 [INFO] __main__: Puerta Puerta 2: CERRANDO -> ERROR
2026-01-19 13:37:40,942 [ERROR] __main__: ¡Error en puerta Puerta 2!
2026-01-19 13:37:41,443 [INFO] src.autoclave.services.control_loop: Estado global actualizado.
2026-01-19 13:37:41,444 [INFO] src.autoclave.devices.door: Estado actual: CERRADO.
2026-01-19 13:37:41,445 [INFO] src.autoclave.devices.door: Estado actual: ERROR.
2026-01-19 13:37:41,446 [WARNING] src.autoclave.devices.door: Recuperación de error: Estado inconsistente, iniciando cierre.
2026-01-19 13:37:41,447 [INFO] __main__: Puerta Puerta 2: ERROR -> CERRANDO
2026-01-19 13:37:41,448 [INFO] __main__: Puerta Puerta 2 cerrándose...
2026-01-19 13:37:41,949 [INFO] src.autoclave.services.control_loop: Estado global actualizado.
2026-01-19 13:37:41,950 [INFO] src.autoclave.devices.door: Estado actual: CERRADO.
2026-01-19 13:37:41,951 [INFO] src.autoclave.devices.door: Estado actual: CERRANDO.
2026-01-19 13:37:41,952 [INFO] src.autoclave.devices.door: Bomba de vacio encendida.
2026-01-19 13:37:41,953 [INFO] src.autoclave.devices.door: Desbloqueo de puerta activado.
2026-01-19 13:37:41,954 [INFO] src.autoclave.devices.door: Iniciando cierre de puerta.
2026-01-19 13:37:41,954 [INFO] src.autoclave.devices.door: Actuador de cierre activado.
2026-01-19 13:37:41,955 [INFO] src.autoclave.devices.door: Actuador de cierre desactivado.
2026-01-19 13:37:41,956 [INFO] src.autoclave.devices.door: Desbloqueo de puerta desactivado.
2026-01-19 13:37:41,957 [INFO] src.autoclave.devices.door: Bomba de vacio apagada.
2026-01-19 13:37:41,958 [INFO] src.autoclave.devices.door: Bloqueo de puerta activado.
2026-01-19 13:37:41,959 [INFO] src.autoclave.devices.door: Bloqueo de puerta desactivado.
2026-01-19 13:37:41,960 [ERROR] src.autoclave.devices.door: Error: Presión de empaque insuficiente al cerrar.
2026-01-19 13:37:41,960 [INFO] __main__: Puerta Puerta 2: CERRANDO -> ERROR
2026-01-19 13:37:41,961 [ERROR] __main__: ¡Error en puerta Puerta 2!
2026-01-19 13:37:42,461 [INFO] src.autoclave.services.control_loop: Estado global actualizado.
2026-01-19 13:37:42,464 [INFO] src.autoclave.devices.door: Estado actual: CERRADO.
2026-01-19 13:37:42,465 [INFO] src.autoclave.devices.door: Estado actual: ERROR.
2026-01-19 13:37:42,466 [WARNING] src.autoclave.devices.door: Recuperación de error: Estado inconsistente, iniciando cierre.
2026-01-19 13:37:42,472 [INFO] __main__: Puerta Puerta 2: ERROR -> CERRANDO
2026-01-19 13:37:42,474 [INFO] __main__: Puerta Puerta 2 cerrándose...
2026-01-19 13:37:42,975 [INFO] src.autoclave.services.control_loop: Estado global actualizado.
2026-01-19 13:37:42,977 [INFO] src.autoclave.devices.door: Estado actual: CERRADO.
2026-01-19 13:37:42,978 [INFO] src.autoclave.devices.door: Estado actual: CERRANDO.
2026-01-19 13:37:42,980 [INFO] src.autoclave.devices.door: Bomba de vacio encendida.
2026-01-19 13:37:42,981 [INFO] src.autoclave.devices.door: Desbloqueo de puerta activado.
2026-01-19 13:37:42,981 [INFO] src.autoclave.devices.door: Iniciando cierre de puerta.
2026-01-19 13:37:42,982 [INFO] src.autoclave.devices.door: Actuador de cierre activado.
2026-01-19 13:37:42,983 [INFO] src.autoclave.devices.door: Actuador de cierre desactivado.
2026-01-19 13:37:42,984 [INFO] src.autoclave.devices.door: Desbloqueo de puerta desactivado.
2026-01-19 13:37:42,985 [INFO] src.autoclave.devices.door: Bomba de vacio apagada.
2026-01-19 13:37:42,986 [INFO] src.autoclave.devices.door: Bloqueo de puerta activado.
2026-01-19 13:37:42,987 [INFO] src.autoclave.devices.door: Bloqueo de puerta desactivado.
2026-01-19 13:37:42,987 [ERROR] src.autoclave.devices.door: Error: Presión de empaque insuficiente al cerrar.
2026-01-19 13:37:42,988 [INFO] __main__: Puerta Puerta 2: CERRANDO -> ERROR
2026-01-19 13:37:42,989 [ERROR] __main__: ¡Error en puerta Puerta 2!
2026-01-19 13:49:27,946 [INFO] sqlalchemy.engine.Engine: BEGIN (implicit)
2026-01-19 13:49:27,947 [INFO] sqlalchemy.engine.Engine: PRAGMA main.table_info("ac_puerto")
2026-01-19 13:49:27,947 [INFO] sqlalchemy.engine.Engine: [raw sql] ()
2026-01-19 13:49:27,948 [INFO] sqlalchemy.engine.Engine: PRAGMA main.table_info("ac_pantalla_control")
2026-01-19 13:49:27,948 [INFO] sqlalchemy.engine.Engine: [raw sql] ()
2026-01-19 13:49:27,949 [INFO] sqlalchemy.engine.Engine: PRAGMA main.table_info("proceso_control")
2026-01-19 13:49:27,949 [INFO] sqlalchemy.engine.Engine: [raw sql] ()
2026-01-19 13:49:27,949 [INFO] sqlalchemy.engine.Engine: PRAGMA main.table_info("proceso_fase")
2026-01-19 13:49:27,950 [INFO] sqlalchemy.engine.Engine: [raw sql] ()
2026-01-19 13:49:27,950 [INFO] sqlalchemy.engine.Engine: PRAGMA main.table_info("proceso_fase_parametro")
2026-01-19 13:49:27,950 [INFO] sqlalchemy.engine.Engine: [raw sql] ()
2026-01-19 13:49:27,951 [INFO] sqlalchemy.engine.Engine: COMMIT
2026-01-19 13:49:28,253 [INFO] __main__: Iniciando la aplicación Autoclave...
2026-01-19 13:49:28,265 [INFO] autoclave: Iniciando SerialLink...
2026-01-19 13:49:28,386 [INFO] src.autoclave.services.control_loop: Iniciando el bucle de control...
2026-01-19 13:49:28,387 [INFO] src.autoclave.services.control_loop: Conexión establecida. Iniciando actualización de puertas...
2026-01-19 13:49:28,387 [INFO] src.autoclave.services.control_loop: Estado global actualizado.
2026-01-19 13:49:28,388 [INFO] src.autoclave.devices.door: Actualizando estado de puerta Puerta 1...
2026-01-19 13:49:28,388 [ERROR] src.autoclave.devices.door: Error: Estado inicial de puerta inconsistente .
2026-01-19 13:49:28,388 [INFO] src.autoclave.devices.door: Actualizando estado de puerta Puerta 2...
2026-01-19 13:49:28,389 [ERROR] src.autoclave.devices.door: Error: Estado inicial de puerta inconsistente .
2026-01-19 13:49:28,392 [INFO] autoclave: Conectado a ESP32 en COM3
2026-01-19 13:49:28,651 [INFO] src.autoclave.ui.ui_main.main_window: ✅ Interfaz creada correctamente.
2026-01-19 13:49:28,889 [INFO] src.autoclave.services.control_loop: Estado global actualizado.
2026-01-19 13:49:28,890 [INFO] src.autoclave.devices.door: Actualizando estado de puerta Puerta 1...
2026-01-19 13:49:28,890 [WARNING] src.autoclave.devices.door: Recuperación de error: Estado inconsistente, iniciando cierre.
2026-01-19 13:49:28,890 [INFO] src.autoclave.devices.door: Actualizando estado de puerta Puerta 2...
2026-01-19 13:49:28,890 [WARNING] src.autoclave.devices.door: Recuperación de error: Estado inconsistente, iniciando cierre.
2026-01-19 13:49:28,890 [INFO] __main__: Puerta Puerta 1: ERROR -> CERRANDO
2026-01-19 13:49:28,890 [INFO] __main__: Puerta Puerta 1 cerrándose...
2026-01-19 13:49:28,891 [INFO] __main__: Puerta Puerta 2: ERROR -> CERRANDO
2026-01-19 13:49:28,891 [INFO] __main__: Puerta Puerta 2 cerrándose...
2026-01-19 13:49:29,391 [INFO] src.autoclave.services.control_loop: Estado global actualizado.
2026-01-19 13:49:29,392 [INFO] src.autoclave.devices.door: Actualizando estado de puerta Puerta 1...
2026-01-19 13:49:29,394 [INFO] src.autoclave.devices.door: Bomba de vacio encendida.
2026-01-19 13:49:29,395 [INFO] src.autoclave.devices.door: Desbloqueo de puerta activado.
2026-01-19 13:49:29,395 [INFO] src.autoclave.devices.door: Iniciando cierre de puerta.
2026-01-19 13:49:29,396 [INFO] src.autoclave.devices.door: Actuador de cierre desactivado.
2026-01-19 13:49:29,397 [INFO] src.autoclave.devices.door: Desbloqueo de puerta desactivado.
2026-01-19 13:49:29,398 [INFO] src.autoclave.devices.door: Bomba de vacio apagada.
2026-01-19 13:49:29,399 [INFO] src.autoclave.devices.door: Bloqueo de puerta activado.
2026-01-19 13:49:29,399 [INFO] src.autoclave.devices.door: Bloqueo de puerta desactivado.
2026-01-19 13:49:29,400 [ERROR] src.autoclave.devices.door: Error: Presión de empaque insuficiente al cerrar.
2026-01-19 13:49:29,401 [INFO] src.autoclave.devices.door: Actualizando estado de puerta Puerta 2...
2026-01-19 13:49:29,401 [INFO] src.autoclave.devices.door: Bomba de vacio encendida.
2026-01-19 13:49:29,402 [INFO] src.autoclave.devices.door: Desbloqueo de puerta activado.
2026-01-19 13:49:29,403 [INFO] src.autoclave.devices.door: Iniciando cierre de puerta.
2026-01-19 13:49:29,403 [INFO] src.autoclave.devices.door: Actuador de cierre desactivado.
2026-01-19 13:49:29,404 [INFO] src.autoclave.devices.door: Desbloqueo de puerta desactivado.
2026-01-19 13:49:29,405 [INFO] src.autoclave.devices.door: Bomba de vacio apagada.
2026-01-19 13:49:29,406 [INFO] src.autoclave.devices.door: Bloqueo de puerta activado.
2026-01-19 13:49:29,407 [INFO] src.autoclave.devices.door: Bloqueo de puerta desactivado.
2026-01-19 13:49:29,407 [ERROR] src.autoclave.devices.door: Error: Presión de empaque insuficiente al cerrar.
2026-01-19 13:49:29,408 [INFO] __main__: Puerta Puerta 1: CERRANDO -> ERROR
2026-01-19 13:49:29,408 [ERROR] __main__: ¡Error en puerta Puerta 1!
2026-01-19 13:49:29,408 [INFO] __main__: Puerta Puerta 2: CERRANDO -> ERROR
2026-01-19 13:49:29,408 [ERROR] __main__: ¡Error en puerta Puerta 2!
2026-01-19 13:49:29,909 [INFO] src.autoclave.services.control_loop: Estado global actualizado.
2026-01-19 13:49:29,910 [INFO] src.autoclave.devices.door: Actualizando estado de puerta Puerta 1...
2026-01-19 13:49:29,911 [INFO] src.autoclave.devices.door: Recuperación de error: Estado detectado CERRADO.
2026-01-19 13:49:29,911 [INFO] src.autoclave.devices.door: Actualizando estado de puerta Puerta 2...
2026-01-19 13:49:29,912 [INFO] src.autoclave.devices.door: Recuperación de error: Estado detectado CERRADO.
2026-01-19 13:49:29,912 [INFO] __main__: Puerta Puerta 1: ERROR -> CERRADO
2026-01-19 13:49:29,913 [INFO] __main__: Puerta Puerta 1 cerrada.
2026-01-19 13:49:29,913 [INFO] __main__: Puerta Puerta 2: ERROR -> CERRADO
2026-01-19 13:49:29,913 [INFO] __main__: Puerta Puerta 2 cerrada.
2026-01-19 13:49:30,414 [INFO] src.autoclave.services.control_loop: Estado global actualizado.
2026-01-19 13:49:30,415 [INFO] src.autoclave.devices.door: Actualizando estado de puerta Puerta 1...
2026-01-19 13:49:30,415 [INFO] src.autoclave.devices.door: Actualizando estado de puerta Puerta 2...
2026-01-19 13:49:30,916 [INFO] src.autoclave.services.control_loop: Estado global actualizado.
2026-01-19 13:49:30,919 [INFO] src.autoclave.devices.door: Actualizando estado de puerta Puerta 1...
2026-01-19 13:49:30,919 [INFO] src.autoclave.devices.door: Actualizando estado de puerta Puerta 2...
2026-01-19 13:49:31,420 [INFO] src.autoclave.services.control_loop: Estado global actualizado.
2026-01-19 13:49:31,421 [INFO] src.autoclave.devices.door: Actualizando estado de puerta Puerta 1...
2026-01-19 13:49:31,421 [INFO] src.autoclave.devices.door: Actualizando estado de puerta Puerta 2...
2026-01-19 13:49:31,922 [INFO] src.autoclave.services.control_loop: Estado global actualizado.
2026-01-19 13:49:31,923 [INFO] src.autoclave.devices.door: Actualizando estado de puerta Puerta 1...
2026-01-19 13:49:31,923 [INFO] src.autoclave.devices.door: Actualizando estado de puerta Puerta 2...
2026-01-19 13:49:32,424 [INFO] src.autoclave.services.control_loop: Estado global actualizado.
2026-01-19 13:49:32,425 [INFO] src.autoclave.devices.door: Actualizando estado de puerta Puerta 1...
2026-01-19 13:49:32,426 [INFO] src.autoclave.devices.door: Actualizando estado de puerta Puerta 2...
2026-01-19 13:49:32,927 [INFO] src.autoclave.services.control_loop: Estado global actualizado.
2026-01-19 13:49:32,928 [INFO] src.autoclave.devices.door: Actualizando estado de puerta Puerta 1...
2026-01-19 13:49:32,928 [INFO] src.autoclave.devices.door: Actualizando estado de puerta Puerta 2...
2026-01-19 13:49:33,429 [INFO] src.autoclave.services.control_loop: Estado global actualizado.
2026-01-19 13:49:33,430 [INFO] src.autoclave.devices.door: Actualizando estado de puerta Puerta 1...
2026-01-19 13:49:33,430 [INFO] src.autoclave.devices.door: Actualizando estado de puerta Puerta 2...
2026-01-19 13:49:33,931 [INFO] src.autoclave.services.control_loop: Estado global actualizado.
2026-01-19 13:49:33,932 [INFO] src.autoclave.devices.door: Actualizando estado de puerta Puerta 1...
2026-01-19 13:49:33,932 [INFO] src.autoclave.devices.door: Actualizando estado de puerta Puerta 2...
2026-01-19 13:49:34,433 [INFO] src.autoclave.services.control_loop: Estado global actualizado.
2026-01-19 13:49:34,433 [INFO] src.autoclave.devices.door: Actualizando estado de puerta Puerta 1...
2026-01-19 13:49:34,434 [INFO] src.autoclave.devices.door: Actualizando estado de puerta Puerta 2...
2026-01-19 13:49:34,934 [INFO] src.autoclave.services.control_loop: Estado global actualizado.
2026-01-19 13:49:34,935 [INFO] src.autoclave.devices.door: Actualizando estado de puerta Puerta 1...
2026-01-19 13:49:34,935 [INFO] src.autoclave.devices.door: Actualizando estado de puerta Puerta 2...
2026-01-19 13:49:35,436 [INFO] src.autoclave.services.control_loop: Estado global actualizado.
2026-01-19 13:49:35,437 [INFO] src.autoclave.devices.door: Actualizando estado de puerta Puerta 1...
2026-01-19 13:49:35,437 [INFO] src.autoclave.devices.door: Actualizando estado de puerta Puerta 2...
2026-01-19 13:49:35,938 [INFO] src.autoclave.services.control_loop: Estado global actualizado.
2026-01-19 13:49:35,939 [INFO] src.autoclave.devices.door: Actualizando estado de puerta Puerta 1...
2026-01-19 13:49:35,939 [INFO] src.autoclave.devices.door: Actualizando estado de puerta Puerta 2...
2026-01-19 13:49:36,441 [INFO] src.autoclave.services.control_loop: Estado global actualizado.
2026-01-19 13:49:36,442 [INFO] src.autoclave.devices.door: Actualizando estado de puerta Puerta 1...
2026-01-19 13:49:36,443 [INFO] src.autoclave.devices.door: Actualizando estado de puerta Puerta 2...
2026-01-19 13:49:36,943 [INFO] src.autoclave.services.control_loop: Estado global actualizado.
2026-01-19 13:49:36,944 [INFO] src.autoclave.devices.door: Actualizando estado de puerta Puerta 1...
2026-01-19 13:49:36,945 [INFO] src.autoclave.devices.door: Actualizando estado de puerta Puerta 2...
2026-01-19 13:49:37,446 [INFO] src.autoclave.services.control_loop: Estado global actualizado.
2026-01-19 13:49:37,447 [INFO] src.autoclave.devices.door: Actualizando estado de puerta Puerta 1...
2026-01-19 13:49:37,448 [INFO] src.autoclave.devices.door: Actualizando estado de puerta Puerta 2...
2026-01-19 13:49:37,949 [INFO] src.autoclave.services.control_loop: Estado global actualizado.
2026-01-19 13:49:37,949 [INFO] src.autoclave.devices.door: Actualizando estado de puerta Puerta 1...
2026-01-19 13:49:37,950 [INFO] src.autoclave.devices.door: Actualizando estado de puerta Puerta 2...
2026-01-19 13:49:38,451 [INFO] src.autoclave.services.control_loop: Estado global actualizado.
2026-01-19 13:49:38,452 [INFO] src.autoclave.devices.door: Actualizando estado de puerta Puerta 1...
2026-01-19 13:49:38,453 [INFO] src.autoclave.devices.door: Actualizando estado de puerta Puerta 2...
2026-01-19 13:49:38,954 [INFO] src.autoclave.services.control_loop: Estado global actualizado.
2026-01-19 13:49:38,955 [INFO] src.autoclave.devices.door: Actualizando estado de puerta Puerta 1...
2026-01-19 13:49:38,956 [INFO] src.autoclave.devices.door: Actualizando estado de puerta Puerta 2...
2026-01-19 13:49:39,457 [INFO] src.autoclave.services.control_loop: Estado global actualizado.
2026-01-19 13:49:39,459 [INFO] src.autoclave.devices.door: Actualizando estado de puerta Puerta 1...
2026-01-19 13:49:39,459 [INFO] src.autoclave.devices.door: Actualizando estado de puerta Puerta 2...
2026-01-19 13:49:39,960 [INFO] src.autoclave.services.control_loop: Estado global actualizado.
2026-01-19 13:49:39,961 [INFO] src.autoclave.devices.door: Actualizando estado de puerta Puerta 1...
2026-01-19 13:49:39,962 [INFO] src.autoclave.devices.door: Actualizando estado de puerta Puerta 2...
2026-01-19 13:49:40,463 [INFO] src.autoclave.services.control_loop: Estado global actualizado.
2026-01-19 13:49:40,464 [INFO] src.autoclave.devices.door: Actualizando estado de puerta Puerta 1...
2026-01-19 13:49:40,465 [INFO] src.autoclave.devices.door: Actualizando estado de puerta Puerta 2...
2026-01-19 13:49:40,965 [INFO] src.autoclave.services.control_loop: Estado global actualizado.
2026-01-19 13:49:40,966 [INFO] src.autoclave.devices.door: Actualizando estado de puerta Puerta 1...
2026-01-19 13:49:40,967 [INFO] src.autoclave.devices.door: Actualizando estado de puerta Puerta 2...
2026-01-19 13:49:41,468 [INFO] src.autoclave.services.control_loop: Estado global actualizado.
2026-01-19 13:49:41,469 [INFO] src.autoclave.devices.door: Actualizando estado de puerta Puerta 1...
2026-01-19 13:49:41,470 [INFO] src.autoclave.devices.door: Actualizando estado de puerta Puerta 2...
2026-01-19 13:49:41,971 [INFO] src.autoclave.services.control_loop: Estado global actualizado.
2026-01-19 13:49:41,973 [INFO] src.autoclave.devices.door: Actualizando estado de puerta Puerta 1...
2026-01-19 13:49:41,973 [INFO] src.autoclave.devices.door: Actualizando estado de puerta Puerta 2...
2026-01-19 13:49:42,474 [INFO] src.autoclave.services.control_loop: Estado global actualizado.
2026-01-19 13:49:42,475 [INFO] src.autoclave.devices.door: Actualizando estado de puerta Puerta 1...
2026-01-19 13:49:42,476 [INFO] src.autoclave.devices.door: Actualizando estado de puerta Puerta 2...
2026-01-19 13:49:42,977 [INFO] src.autoclave.services.control_loop: Estado global actualizado.
2026-01-19 13:49:42,977 [INFO] src.autoclave.devices.door: Actualizando estado de puerta Puerta 1...
2026-01-19 13:49:42,978 [INFO] src.autoclave.devices.door: Actualizando estado de puerta Puerta 2...
2026-01-19 13:49:43,479 [INFO] src.autoclave.services.control_loop: Estado global actualizado.
2026-01-19 13:49:43,479 [INFO] src.autoclave.devices.door: Actualizando estado de puerta Puerta 1...
2026-01-19 13:49:43,480 [INFO] src.autoclave.devices.door: Actualizando estado de puerta Puerta 2...
2026-01-19 13:49:43,981 [INFO] src.autoclave.services.control_loop: Estado global actualizado.
2026-01-19 13:49:43,982 [INFO] src.autoclave.devices.door: Actualizando estado de puerta Puerta 1...
2026-01-19 13:49:43,983 [INFO] src.autoclave.devices.door: Actualizando estado de puerta Puerta 2...
2026-01-19 13:49:44,484 [INFO] src.autoclave.services.control_loop: Estado global actualizado.
2026-01-19 13:49:44,485 [INFO] src.autoclave.devices.door: Actualizando estado de puerta Puerta 1...
2026-01-19 13:49:44,485 [INFO] src.autoclave.devices.door: Actualizando estado de puerta Puerta 2...
2026-01-19 13:49:44,987 [INFO] src.autoclave.services.control_loop: Estado global actualizado.
2026-01-19 13:49:44,988 [INFO] src.autoclave.devices.door: Actualizando estado de puerta Puerta 1...
2026-01-19 13:49:44,988 [INFO] src.autoclave.devices.door: Actualizando estado de puerta Puerta 2...
2026-01-19 13:49:45,489 [INFO] src.autoclave.services.control_loop: Estado global actualizado.
2026-01-19 13:49:45,490 [INFO] src.autoclave.devices.door: Actualizando estado de puerta Puerta 1...
2026-01-19 13:49:45,491 [INFO] src.autoclave.devices.door: Actualizando estado de puerta Puerta 2...
2026-01-19 13:49:45,992 [INFO] src.autoclave.services.control_loop: Estado global actualizado.
2026-01-19 13:49:45,993 [INFO] src.autoclave.devices.door: Actualizando estado de puerta Puerta 1...
2026-01-19 13:49:45,994 [INFO] src.autoclave.devices.door: Actualizando estado de puerta Puerta 2...
2026-01-19 13:49:46,495 [INFO] src.autoclave.services.control_loop: Estado global actualizado.
2026-01-19 13:49:46,496 [INFO] src.autoclave.devices.door: Actualizando estado de puerta Puerta 1...
2026-01-19 13:49:46,497 [INFO] src.autoclave.devices.door: Actualizando estado de puerta Puerta 2...
2026-01-19 13:49:46,999 [INFO] src.autoclave.services.control_loop: Estado global actualizado.
2026-01-19 13:49:46,999 [INFO] src.autoclave.devices.door: Actualizando estado de puerta Puerta 1...
2026-01-19 13:49:47,000 [INFO] src.autoclave.devices.door: Actualizando estado de puerta Puerta 2...
2026-01-19 13:49:47,501 [INFO] src.autoclave.services.control_loop: Estado global actualizado.
2026-01-19 13:49:47,501 [INFO] src.autoclave.devices.door: Actualizando estado de puerta Puerta 1...
2026-01-19 13:49:47,502 [INFO] src.autoclave.devices.door: Actualizando estado de puerta Puerta 2...
2026-01-19 13:49:48,003 [INFO] src.autoclave.services.control_loop: Estado global actualizado.
2026-01-19 13:49:48,004 [INFO] src.autoclave.devices.door: Actualizando estado de puerta Puerta 1...
2026-01-19 13:49:48,004 [INFO] src.autoclave.devices.door: Actualizando estado de puerta Puerta 2...
2026-01-19 13:49:48,506 [INFO] src.autoclave.services.control_loop: Estado global actualizado.
2026-01-19 13:49:48,506 [INFO] src.autoclave.devices.door: Actualizando estado de puerta Puerta 1...
2026-01-19 13:49:48,507 [INFO] src.autoclave.devices.door: Actualizando estado de puerta Puerta 2...
2026-01-19 13:49:49,008 [INFO] src.autoclave.services.control_loop: Estado global actualizado.
2026-01-19 13:49:49,009 [INFO] src.autoclave.devices.door: Actualizando estado de puerta Puerta 1...
2026-01-19 13:49:49,010 [INFO] src.autoclave.devices.door: Actualizando estado de puerta Puerta 2...
2026-01-19 13:49:49,423 [INFO] src.autoclave.ui.ui_main.main_window: ⏻ Apagando equipo...
2026-01-19 13:49:49,511 [INFO] src.autoclave.services.control_loop: Estado global actualizado.
2026-01-19 13:49:49,512 [INFO] src.autoclave.devices.door: Actualizando estado de puerta Puerta 1...
2026-01-19 13:49:49,513 [INFO] src.autoclave.devices.door: Actualizando estado de puerta Puerta 2...
2026-01-19 13:49:50,013 [INFO] src.autoclave.services.control_loop: Estado global actualizado.
2026-01-19 13:49:50,015 [INFO] src.autoclave.devices.door: Actualizando estado de puerta Puerta 1...
2026-01-19 13:49:50,015 [INFO] src.autoclave.devices.door: Actualizando estado de puerta Puerta 2...
2026-01-19 13:49:50,517 [INFO] src.autoclave.services.control_loop: Estado global actualizado.
2026-01-19 13:49:50,518 [INFO] src.autoclave.devices.door: Actualizando estado de puerta Puerta 1...
2026-01-19 13:49:50,518 [INFO] src.autoclave.devices.door: Actualizando estado de puerta Puerta 2...
2026-01-19 13:49:51,020 [INFO] src.autoclave.services.control_loop: Estado global actualizado.
2026-01-19 13:49:51,020 [INFO] src.autoclave.devices.door: Actualizando estado de puerta Puerta 1...
2026-01-19 13:49:51,021 [INFO] src.autoclave.devices.door: Actualizando estado de puerta Puerta 2...
2026-01-19 13:49:51,522 [INFO] src.autoclave.services.control_loop: Estado global actualizado.
2026-01-19 13:49:51,523 [INFO] src.autoclave.devices.door: Actualizando estado de puerta Puerta 1...
2026-01-19 13:49:51,524 [INFO] src.autoclave.devices.door: Actualizando estado de puerta Puerta 2...
2026-01-19 13:49:52,025 [INFO] src.autoclave.services.control_loop: Estado global actualizado.
2026-01-19 13:49:52,026 [INFO] src.autoclave.devices.door: Actualizando estado de puerta Puerta 1...
2026-01-19 13:49:52,026 [INFO] src.autoclave.devices.door: Actualizando estado de puerta Puerta 2...
2026-01-19 13:49:52,527 [INFO] src.autoclave.services.control_loop: Estado global actualizado.
2026-01-19 13:49:52,528 [INFO] src.autoclave.devices.door: Actualizando estado de puerta Puerta 1...
2026-01-19 13:49:52,528 [INFO] src.autoclave.devices.door: Actualizando estado de puerta Puerta 2...
2026-01-19 13:49:52,566 [INFO] __main__: Cerrando la aplicación Autoclave...
2026-01-19 13:52:38,595 [INFO] sqlalchemy.engine.Engine: BEGIN (implicit)
2026-01-19 13:52:38,596 [INFO] sqlalchemy.engine.Engine: PRAGMA main.table_info("ac_puerto")
2026-01-19 13:52:38,596 [INFO] sqlalchemy.engine.Engine: [raw sql] ()
2026-01-19 13:52:38,597 [INFO] sqlalchemy.engine.Engine: PRAGMA main.table_info("ac_pantalla_control")
2026-01-19 13:52:38,597 [INFO] sqlalchemy.engine.Engine: [raw sql] ()
2026-01-19 13:52:38,598 [INFO] sqlalchemy.engine.Engine: PRAGMA main.table_info("proceso_control")
2026-01-19 13:52:38,598 [INFO] sqlalchemy.engine.Engine: [raw sql] ()
2026-01-19 13:52:38,598 [INFO] sqlalchemy.engine.Engine: PRAGMA main.table_info("proceso_fase")
2026-01-19 13:52:38,599 [INFO] sqlalchemy.engine.Engine: [raw sql] ()
2026-01-19 13:52:38,599 [INFO] sqlalchemy.engine.Engine: PRAGMA main.table_info("proceso_fase_parametro")
2026-01-19 13:52:38,600 [INFO] sqlalchemy.engine.Engine: [raw sql] ()
2026-01-19 13:52:38,601 [INFO] sqlalchemy.engine.Engine: COMMIT
2026-01-19 13:52:38,874 [INFO] __main__: Iniciando la aplicación Autoclave...
2026-01-19 13:52:38,886 [INFO] autoclave: Iniciando SerialLink...
2026-01-19 13:52:38,956 [INFO] src.autoclave.services.control_loop: Iniciando el bucle de control...
2026-01-19 13:52:38,957 [INFO] src.autoclave.services.control_loop: Conexión establecida. Iniciando actualización de puertas...
2026-01-19 13:52:38,958 [ERROR] src.autoclave.devices.door: Error: Estado inicial de puerta inconsistente .
2026-01-19 13:52:38,958 [ERROR] src.autoclave.devices.door: Error: Estado inicial de puerta inconsistente .
2026-01-19 13:52:38,961 [INFO] autoclave: Conectado a ESP32 en COM3
2026-01-19 13:52:39,192 [INFO] src.autoclave.ui.ui_main.main_window: ✅ Interfaz creada correctamente.
2026-01-19 13:52:39,459 [WARNING] src.autoclave.devices.door: Recuperación de error: Estado inconsistente, iniciando cierre.
2026-01-19 13:52:39,459 [WARNING] src.autoclave.devices.door: Recuperación de error: Estado inconsistente, iniciando cierre.
2026-01-19 13:52:39,459 [INFO] __main__: Puerta Puerta 1: ERROR -> CERRANDO
2026-01-19 13:52:39,460 [INFO] __main__: Puerta Puerta 1 cerrándose...
2026-01-19 13:52:39,460 [INFO] __main__: Puerta Puerta 2: ERROR -> CERRANDO
2026-01-19 13:52:39,460 [INFO] __main__: Puerta Puerta 2 cerrándose...
2026-01-19 13:52:39,962 [INFO] src.autoclave.devices.door: Bomba de vacio encendida.
2026-01-19 13:52:39,962 [INFO] src.autoclave.devices.door: Desbloqueo de puerta activado.
2026-01-19 13:52:39,962 [INFO] src.autoclave.devices.door: Iniciando cierre de puerta.
2026-01-19 13:52:39,963 [INFO] src.autoclave.devices.door: Actuador de cierre desactivado.
2026-01-19 13:52:39,964 [INFO] src.autoclave.devices.door: Desbloqueo de puerta desactivado.
2026-01-19 13:52:39,965 [INFO] src.autoclave.devices.door: Bomba de vacio apagada.
2026-01-19 13:52:39,966 [INFO] src.autoclave.devices.door: Bloqueo de puerta activado.
2026-01-19 13:52:39,967 [INFO] src.autoclave.devices.door: Bloqueo de puerta desactivado.
2026-01-19 13:52:39,967 [ERROR] src.autoclave.devices.door: Error: Presión de empaque insuficiente al cerrar.
2026-01-19 13:52:39,968 [INFO] src.autoclave.devices.door: Bomba de vacio encendida.
2026-01-19 13:52:39,969 [INFO] src.autoclave.devices.door: Desbloqueo de puerta activado.
2026-01-19 13:52:39,969 [INFO] src.autoclave.devices.door: Iniciando cierre de puerta.
2026-01-19 13:52:39,970 [INFO] src.autoclave.devices.door: Actuador de cierre desactivado.
2026-01-19 13:52:39,971 [INFO] src.autoclave.devices.door: Desbloqueo de puerta desactivado.
2026-01-19 13:52:39,972 [INFO] src.autoclave.devices.door: Bomba de vacio apagada.
2026-01-19 13:52:39,973 [INFO] src.autoclave.devices.door: Bloqueo de puerta activado.
2026-01-19 13:52:39,974 [INFO] src.autoclave.devices.door: Bloqueo de puerta desactivado.
2026-01-19 13:52:39,975 [ERROR] src.autoclave.devices.door: Error: Presión de empaque insuficiente al cerrar.
2026-01-19 13:52:39,975 [INFO] __main__: Puerta Puerta 1: CERRANDO -> ERROR
2026-01-19 13:52:39,975 [ERROR] __main__: ¡Error en puerta Puerta 1!
2026-01-19 13:52:39,976 [INFO] __main__: Puerta Puerta 2: CERRANDO -> ERROR
2026-01-19 13:52:39,976 [ERROR] __main__: ¡Error en puerta Puerta 2!
2026-01-19 13:52:40,477 [INFO] src.autoclave.devices.door: Recuperación de error: Estado detectado CERRADO.
2026-01-19 13:52:40,477 [INFO] src.autoclave.devices.door: Recuperación de error: Estado detectado CERRADO.
2026-01-19 13:52:40,478 [INFO] __main__: Puerta Puerta 1: ERROR -> CERRADO
2026-01-19 13:52:40,478 [INFO] __main__: Puerta Puerta 1 cerrada.
2026-01-19 13:52:40,479 [INFO] __main__: Puerta Puerta 2: ERROR -> CERRADO
2026-01-19 13:52:40,479 [INFO] __main__: Puerta Puerta 2 cerrada.
2026-01-19 14:01:40,416 [INFO] sqlalchemy.engine.Engine: BEGIN (implicit)
2026-01-19 14:01:40,416 [INFO] sqlalchemy.engine.Engine: PRAGMA main.table_info("ac_puerto")
2026-01-19 14:01:40,417 [INFO] sqlalchemy.engine.Engine: [raw sql] ()
2026-01-19 14:01:40,418 [INFO] sqlalchemy.engine.Engine: PRAGMA main.table_info("ac_pantalla_control")
2026-01-19 14:01:40,418 [INFO] sqlalchemy.engine.Engine: [raw sql] ()
2026-01-19 14:01:40,419 [INFO] sqlalchemy.engine.Engine: PRAGMA main.table_info("proceso_control")
2026-01-19 14:01:40,419 [INFO] sqlalchemy.engine.Engine: [raw sql] ()
2026-01-19 14:01:40,420 [INFO] sqlalchemy.engine.Engine: PRAGMA main.table_info("proceso_fase")
2026-01-19 14:01:40,420 [INFO] sqlalchemy.engine.Engine: [raw sql] ()
2026-01-19 14:01:40,421 [INFO] sqlalchemy.engine.Engine: PRAGMA main.table_info("proceso_fase_parametro")
2026-01-19 14:01:40,421 [INFO] sqlalchemy.engine.Engine: [raw sql] ()
2026-01-19 14:01:40,422 [INFO] sqlalchemy.engine.Engine: COMMIT
2026-01-19 14:01:40,665 [INFO] __main__: Iniciando la aplicación Autoclave...
2026-01-19 14:01:40,676 [INFO] autoclave: Iniciando SerialLink...
2026-01-19 14:01:40,783 [INFO] src.autoclave.services.control_loop: Iniciando el bucle de control...
2026-01-19 14:01:40,790 [INFO] autoclave: Conectado a ESP32 en COM3
2026-01-19 14:01:41,037 [INFO] src.autoclave.ui.ui_main.main_window: ✅ Interfaz creada correctamente.
2026-01-19 14:03:45,684 [INFO] sqlalchemy.engine.Engine: BEGIN (implicit)
2026-01-19 14:03:45,685 [INFO] sqlalchemy.engine.Engine: PRAGMA main.table_info("ac_puerto")
2026-01-19 14:03:45,685 [INFO] sqlalchemy.engine.Engine: [raw sql] ()
2026-01-19 14:03:45,686 [INFO] sqlalchemy.engine.Engine: PRAGMA main.table_info("ac_pantalla_control")
2026-01-19 14:03:45,686 [INFO] sqlalchemy.engine.Engine: [raw sql] ()
2026-01-19 14:03:45,687 [INFO] sqlalchemy.engine.Engine: PRAGMA main.table_info("proceso_control")
2026-01-19 14:03:45,687 [INFO] sqlalchemy.engine.Engine: [raw sql] ()
2026-01-19 14:03:45,688 [INFO] sqlalchemy.engine.Engine: PRAGMA main.table_info("proceso_fase")
2026-01-19 14:03:45,688 [INFO] sqlalchemy.engine.Engine: [raw sql] ()
2026-01-19 14:03:45,689 [INFO] sqlalchemy.engine.Engine: PRAGMA main.table_info("proceso_fase_parametro")
2026-01-19 14:03:45,689 [INFO] sqlalchemy.engine.Engine: [raw sql] ()
2026-01-19 14:03:45,690 [INFO] sqlalchemy.engine.Engine: COMMIT
2026-01-19 14:03:45,904 [INFO] __main__: Iniciando la aplicación Autoclave...
2026-01-19 14:03:45,916 [INFO] autoclave: Iniciando SerialLink...
2026-01-19 14:03:46,015 [INFO] src.autoclave.services.control_loop: Iniciando el bucle de control...
2026-01-19 14:03:46,016 [INFO] src.autoclave.services.control_loop: Esperando conexión con ESP32...
2026-01-19 14:03:46,020 [INFO] autoclave: Conectado a ESP32 en COM3
2026-01-19 14:03:46,216 [INFO] src.autoclave.services.control_loop: Esperando conexión con ESP32...
2026-01-19 14:03:46,259 [INFO] src.autoclave.ui.ui_main.main_window: ✅ Interfaz creada correctamente.
2026-01-19 14:03:46,417 [INFO] src.autoclave.services.control_loop: Esperando conexión con ESP32...
2026-01-19 14:03:46,618 [INFO] src.autoclave.services.control_loop: Esperando conexión con ESP32...
2026-01-19 14:03:46,819 [INFO] src.autoclave.services.control_loop: Esperando conexión con ESP32...
2026-01-19 14:03:47,020 [INFO] src.autoclave.services.control_loop: Esperando conexión con ESP32...
2026-01-19 14:03:47,223 [INFO] src.autoclave.services.control_loop: Esperando conexión con ESP32...
2026-01-19 14:03:47,425 [INFO] src.autoclave.services.control_loop: Esperando conexión con ESP32...
2026-01-19 14:03:47,627 [INFO] src.autoclave.services.control_loop: Esperando conexión con ESP32...
2026-01-19 14:03:47,828 [INFO] src.autoclave.services.control_loop: Esperando conexión con ESP32...
2026-01-19 14:03:48,029 [INFO] src.autoclave.services.control_loop: Esperando conexión con ESP32...
2026-01-19 14:03:48,231 [INFO] src.autoclave.services.control_loop: Esperando conexión con ESP32...
2026-01-19 14:03:48,432 [INFO] src.autoclave.services.control_loop: Esperando conexión con ESP32...
2026-01-19 14:03:48,633 [INFO] src.autoclave.services.control_loop: Esperando conexión con ESP32...
2026-01-19 14:03:48,834 [INFO] src.autoclave.services.control_loop: Esperando conexión con ESP32...
2026-01-19 14:03:49,035 [INFO] src.autoclave.services.control_loop: Esperando conexión con ESP32...
2026-01-19 14:03:49,236 [INFO] src.autoclave.services.control_loop: Esperando conexión con ESP32...
2026-01-19 14:03:49,438 [INFO] src.autoclave.services.control_loop: Esperando conexión con ESP32...
2026-01-19 14:03:49,639 [INFO] src.autoclave.services.control_loop: Esperando conexión con ESP32...
2026-01-19 14:03:49,841 [INFO] src.autoclave.services.control_loop: Esperando conexión con ESP32...
2026-01-19 14:03:50,042 [INFO] src.autoclave.services.control_loop: Esperando conexión con ESP32...
2026-01-19 14:03:50,243 [INFO] src.autoclave.services.control_loop: Esperando conexión con ESP32...
2026-01-19 14:03:50,444 [INFO] src.autoclave.services.control_loop: Esperando conexión con ESP32...
2026-01-19 14:03:50,646 [INFO] src.autoclave.services.control_loop: Esperando conexión con ESP32...
2026-01-19 14:03:50,848 [INFO] src.autoclave.services.control_loop: Esperando conexión con ESP32...
2026-01-19 14:03:51,050 [ERROR] src.autoclave.services.control_loop: No se pudo conectar con ESP32. El loop no iniciará.
2026-01-19 14:05:32,388 [INFO] sqlalchemy.engine.Engine: BEGIN (implicit)
2026-01-19 14:05:32,389 [INFO] sqlalchemy.engine.Engine: PRAGMA main.table_info("ac_puerto")
2026-01-19 14:05:32,389 [INFO] sqlalchemy.engine.Engine: [raw sql] ()
2026-01-19 14:05:32,391 [INFO] sqlalchemy.engine.Engine: PRAGMA main.table_info("ac_pantalla_control")
2026-01-19 14:05:32,391 [INFO] sqlalchemy.engine.Engine: [raw sql] ()
2026-01-19 14:05:32,392 [INFO] sqlalchemy.engine.Engine: PRAGMA main.table_info("proceso_control")
2026-01-19 14:05:32,392 [INFO] sqlalchemy.engine.Engine: [raw sql] ()
2026-01-19 14:05:32,392 [INFO] sqlalchemy.engine.Engine: PRAGMA main.table_info("proceso_fase")
2026-01-19 14:05:32,393 [INFO] sqlalchemy.engine.Engine: [raw sql] ()
2026-01-19 14:05:32,393 [INFO] sqlalchemy.engine.Engine: PRAGMA main.table_info("proceso_fase_parametro")
2026-01-19 14:05:32,394 [INFO] sqlalchemy.engine.Engine: [raw sql] ()
2026-01-19 14:05:32,394 [INFO] sqlalchemy.engine.Engine: COMMIT
2026-01-19 14:05:32,545 [INFO] __main__: Iniciando la aplicación Autoclave...
2026-01-19 14:05:32,556 [INFO] autoclave: Iniciando SerialLink...
2026-01-19 14:05:32,628 [INFO] src.autoclave.services.control_loop: Iniciando el bucle de control...
2026-01-19 14:05:32,629 [INFO] src.autoclave.services.control_loop: Esperando conexión con ESP32...
2026-01-19 14:05:32,634 [INFO] autoclave: Conectado a ESP32 en COM3
2026-01-19 14:05:32,830 [INFO] src.autoclave.services.control_loop: Esperando conexión con ESP32...
2026-01-19 14:05:32,875 [INFO] src.autoclave.ui.ui_main.main_window: ✅ Interfaz creada correctamente.
2026-01-19 14:05:33,030 [INFO] src.autoclave.services.control_loop: Esperando conexión con ESP32...
2026-01-19 14:05:33,232 [INFO] src.autoclave.services.control_loop: Esperando conexión con ESP32...
2026-01-19 14:05:33,433 [INFO] src.autoclave.services.control_loop: Esperando conexión con ESP32...
2026-01-19 14:05:33,634 [INFO] src.autoclave.services.control_loop: Esperando conexión con ESP32...
2026-01-19 14:05:33,836 [INFO] src.autoclave.services.control_loop: Esperando conexión con ESP32...
2026-01-19 14:05:34,038 [INFO] src.autoclave.services.control_loop: Esperando conexión con ESP32...
2026-01-19 14:05:34,239 [INFO] src.autoclave.services.control_loop: Esperando conexión con ESP32...
2026-01-19 14:05:34,440 [INFO] src.autoclave.services.control_loop: Esperando conexión con ESP32...
2026-01-19 14:05:34,641 [INFO] src.autoclave.services.control_loop: Esperando conexión con ESP32...
2026-01-19 14:05:34,843 [INFO] src.autoclave.services.control_loop: Esperando conexión con ESP32...
2026-01-19 14:05:35,045 [INFO] src.autoclave.services.control_loop: Esperando conexión con ESP32...
2026-01-19 14:05:35,247 [INFO] src.autoclave.services.control_loop: Esperando conexión con ESP32...
2026-01-19 14:05:35,448 [INFO] src.autoclave.services.control_loop: Esperando conexión con ESP32...
2026-01-19 14:05:35,649 [INFO] src.autoclave.services.control_loop: Esperando conexión con ESP32...
2026-01-19 14:05:35,851 [INFO] src.autoclave.services.control_loop: Esperando conexión con ESP32...
2026-01-19 14:05:36,052 [INFO] src.autoclave.services.control_loop: Esperando conexión con ESP32...
2026-01-19 14:05:36,255 [INFO] src.autoclave.services.control_loop: Esperando conexión con ESP32...
2026-01-19 14:05:36,457 [INFO] src.autoclave.services.control_loop: Esperando conexión con ESP32...
2026-01-19 14:05:36,658 [INFO] src.autoclave.services.control_loop: Esperando conexión con ESP32...
2026-01-19 14:05:36,860 [INFO] src.autoclave.services.control_loop: Esperando conexión con ESP32...
2026-01-19 14:05:37,062 [INFO] src.autoclave.services.control_loop: Esperando conexión con ESP32...
2026-01-19 14:05:37,266 [INFO] src.autoclave.services.control_loop: Esperando conexión con ESP32...
2026-01-19 14:05:37,467 [INFO] src.autoclave.services.control_loop: Esperando conexión con ESP32...
2026-01-19 14:05:37,675 [ERROR] src.autoclave.services.control_loop: No se pudo conectar con ESP32. El loop no iniciará.
2026-01-19 14:07:01,486 [INFO] sqlalchemy.engine.Engine: BEGIN (implicit)
2026-01-19 14:07:01,487 [INFO] sqlalchemy.engine.Engine: PRAGMA main.table_info("ac_puerto")
2026-01-19 14:07:01,487 [INFO] sqlalchemy.engine.Engine: [raw sql] ()
2026-01-19 14:07:01,488 [INFO] sqlalchemy.engine.Engine: PRAGMA main.table_info("ac_pantalla_control")
2026-01-19 14:07:01,488 [INFO] sqlalchemy.engine.Engine: [raw sql] ()
2026-01-19 14:07:01,489 [INFO] sqlalchemy.engine.Engine: PRAGMA main.table_info("proceso_control")
2026-01-19 14:07:01,489 [INFO] sqlalchemy.engine.Engine: [raw sql] ()
2026-01-19 14:07:01,490 [INFO] sqlalchemy.engine.Engine: PRAGMA main.table_info("proceso_fase")
2026-01-19 14:07:01,490 [INFO] sqlalchemy.engine.Engine: [raw sql] ()
2026-01-19 14:07:01,491 [INFO] sqlalchemy.engine.Engine: PRAGMA main.table_info("proceso_fase_parametro")
2026-01-19 14:07:01,491 [INFO] sqlalchemy.engine.Engine: [raw sql] ()
2026-01-19 14:07:01,492 [INFO] sqlalchemy.engine.Engine: COMMIT
2026-01-19 14:07:01,664 [INFO] __main__: Iniciando la aplicación Autoclave...
2026-01-19 14:07:01,673 [INFO] autoclave: Iniciando SerialLink...
2026-01-19 14:07:01,742 [INFO] src.autoclave.services.control_loop: Iniciando el bucle de control...
2026-01-19 14:07:01,743 [INFO] src.autoclave.services.control_loop: Esperando conexión con ESP32...
2026-01-19 14:07:01,746 [INFO] autoclave: True
2026-01-19 14:07:01,747 [INFO] autoclave: Conectado a ESP32 en COM3
2026-01-19 14:07:01,944 [INFO] src.autoclave.services.control_loop: Esperando conexión con ESP32...
2026-01-19 14:07:01,980 [INFO] src.autoclave.ui.ui_main.main_window: ✅ Interfaz creada correctamente.
2026-01-19 14:07:02,145 [INFO] src.autoclave.services.control_loop: Esperando conexión con ESP32...
2026-01-19 14:07:02,346 [INFO] src.autoclave.services.control_loop: Esperando conexión con ESP32...
2026-01-19 14:07:02,549 [INFO] src.autoclave.services.control_loop: Esperando conexión con ESP32...
2026-01-19 14:07:02,750 [INFO] src.autoclave.services.control_loop: Esperando conexión con ESP32...
2026-01-19 14:07:02,952 [INFO] src.autoclave.services.control_loop: Esperando conexión con ESP32...
2026-01-19 14:07:03,153 [INFO] src.autoclave.services.control_loop: Esperando conexión con ESP32...
2026-01-19 14:07:03,355 [INFO] src.autoclave.services.control_loop: Esperando conexión con ESP32...
2026-01-19 14:07:03,562 [INFO] src.autoclave.services.control_loop: Esperando conexión con ESP32...
2026-01-19 14:07:03,763 [INFO] src.autoclave.services.control_loop: Esperando conexión con ESP32...
2026-01-19 14:07:03,965 [INFO] src.autoclave.services.control_loop: Esperando conexión con ESP32...
2026-01-19 14:07:04,167 [INFO] src.autoclave.services.control_loop: Esperando conexión con ESP32...
2026-01-19 14:07:04,369 [INFO] src.autoclave.services.control_loop: Esperando conexión con ESP32...
2026-01-19 14:07:04,570 [INFO] src.autoclave.services.control_loop: Esperando conexión con ESP32...
2026-01-19 14:07:04,772 [INFO] src.autoclave.services.control_loop: Esperando conexión con ESP32...
2026-01-19 14:07:04,974 [INFO] src.autoclave.services.control_loop: Esperando conexión con ESP32...
2026-01-19 14:07:05,176 [INFO] src.autoclave.services.control_loop: Esperando conexión con ESP32...
2026-01-19 14:07:05,378 [INFO] src.autoclave.services.control_loop: Esperando conexión con ESP32...
2026-01-19 14:07:05,580 [INFO] src.autoclave.services.control_loop: Esperando conexión con ESP32...
2026-01-19 14:07:05,783 [INFO] src.autoclave.services.control_loop: Esperando conexión con ESP32...
2026-01-19 14:07:05,991 [INFO] src.autoclave.services.control_loop: Esperando conexión con ESP32...
2026-01-19 14:07:06,194 [INFO] src.autoclave.services.control_loop: Esperando conexión con ESP32...
2026-01-19 14:07:06,395 [INFO] src.autoclave.services.control_loop: Esperando conexión con ESP32...
2026-01-19 14:07:06,597 [INFO] src.autoclave.services.control_loop: Esperando conexión con ESP32...
2026-01-19 14:07:06,800 [ERROR] src.autoclave.services.control_loop: No se pudo conectar con ESP32. El loop no iniciará.
2026-01-19 14:08:02,690 [INFO] sqlalchemy.engine.Engine: BEGIN (implicit)
2026-01-19 14:08:02,691 [INFO] sqlalchemy.engine.Engine: PRAGMA main.table_info("ac_puerto")
2026-01-19 14:08:02,692 [INFO] sqlalchemy.engine.Engine: [raw sql] ()
2026-01-19 14:08:02,693 [INFO] sqlalchemy.engine.Engine: PRAGMA main.table_info("ac_pantalla_control")
2026-01-19 14:08:02,693 [INFO] sqlalchemy.engine.Engine: [raw sql] ()
2026-01-19 14:08:02,694 [INFO] sqlalchemy.engine.Engine: PRAGMA main.table_info("proceso_control")
2026-01-19 14:08:02,694 [INFO] sqlalchemy.engine.Engine: [raw sql] ()
2026-01-19 14:08:02,694 [INFO] sqlalchemy.engine.Engine: PRAGMA main.table_info("proceso_fase")
2026-01-19 14:08:02,695 [INFO] sqlalchemy.engine.Engine: [raw sql] ()
2026-01-19 14:08:02,695 [INFO] sqlalchemy.engine.Engine: PRAGMA main.table_info("proceso_fase_parametro")
2026-01-19 14:08:02,695 [INFO] sqlalchemy.engine.Engine: [raw sql] ()
2026-01-19 14:08:02,698 [INFO] sqlalchemy.engine.Engine: COMMIT
2026-01-19 14:08:02,926 [INFO] __main__: Iniciando la aplicación Autoclave...
2026-01-19 14:08:02,935 [INFO] autoclave: Iniciando SerialLink...
2026-01-19 14:08:03,004 [INFO] src.autoclave.services.control_loop: Iniciando el bucle de control...
2026-01-19 14:08:03,005 [INFO] src.autoclave.services.control_loop: Esperando conexión con ESP32...
2026-01-19 14:08:03,009 [INFO] autoclave: True
2026-01-19 14:08:03,009 [INFO] autoclave: Conectado a ESP32 en COM3
2026-01-19 14:08:03,206 [INFO] src.autoclave.services.control_loop: Esperando conexión con ESP32...
2026-01-19 14:08:03,253 [INFO] src.autoclave.ui.ui_main.main_window: ✅ Interfaz creada correctamente.
2026-01-19 14:08:03,407 [INFO] src.autoclave.services.control_loop: Esperando conexión con ESP32...
2026-01-19 14:08:03,608 [INFO] src.autoclave.services.control_loop: Esperando conexión con ESP32...
2026-01-19 14:08:03,810 [INFO] src.autoclave.services.control_loop: Esperando conexión con ESP32...
2026-01-19 14:08:04,011 [INFO] src.autoclave.services.control_loop: Esperando conexión con ESP32...
2026-01-19 14:08:04,213 [INFO] src.autoclave.services.control_loop: Esperando conexión con ESP32...
2026-01-19 14:08:04,416 [INFO] src.autoclave.services.control_loop: Esperando conexión con ESP32...
2026-01-19 14:08:04,618 [INFO] src.autoclave.services.control_loop: Esperando conexión con ESP32...
2026-01-19 14:08:04,819 [INFO] src.autoclave.services.control_loop: Esperando conexión con ESP32...
2026-01-19 14:08:05,020 [INFO] src.autoclave.services.control_loop: Esperando conexión con ESP32...
2026-01-19 14:08:05,222 [INFO] src.autoclave.services.control_loop: Esperando conexión con ESP32...
2026-01-19 14:08:05,424 [INFO] src.autoclave.services.control_loop: Esperando conexión con ESP32...
2026-01-19 14:08:05,626 [INFO] src.autoclave.services.control_loop: Esperando conexión con ESP32...
2026-01-19 14:08:05,827 [INFO] src.autoclave.services.control_loop: Esperando conexión con ESP32...
2026-01-19 14:08:06,028 [INFO] src.autoclave.services.control_loop: Esperando conexión con ESP32...
2026-01-19 14:08:06,229 [INFO] src.autoclave.services.control_loop: Esperando conexión con ESP32...
2026-01-19 14:08:06,431 [INFO] src.autoclave.services.control_loop: Esperando conexión con ESP32...
2026-01-19 14:08:06,632 [INFO] src.autoclave.services.control_loop: Esperando conexión con ESP32...
2026-01-19 14:08:06,834 [INFO] src.autoclave.services.control_loop: Esperando conexión con ESP32...
2026-01-19 14:08:07,035 [INFO] src.autoclave.services.control_loop: Esperando conexión con ESP32...
2026-01-19 14:08:07,237 [INFO] src.autoclave.services.control_loop: Esperando conexión con ESP32...
2026-01-19 14:08:07,439 [INFO] src.autoclave.services.control_loop: Esperando conexión con ESP32...
2026-01-19 14:08:07,642 [INFO] src.autoclave.services.control_loop: Esperando conexión con ESP32...
2026-01-19 14:08:07,843 [INFO] src.autoclave.services.control_loop: Esperando conexión con ESP32...
2026-01-19 14:08:08,045 [ERROR] src.autoclave.services.control_loop: No se pudo conectar con ESP32. El loop no iniciará.
2026-01-19 14:09:12,318 [INFO] sqlalchemy.engine.Engine: BEGIN (implicit)
2026-01-19 14:09:12,319 [INFO] sqlalchemy.engine.Engine: PRAGMA main.table_info("ac_puerto")
2026-01-19 14:09:12,319 [INFO] sqlalchemy.engine.Engine: [raw sql] ()
2026-01-19 14:09:12,320 [INFO] sqlalchemy.engine.Engine: PRAGMA main.table_info("ac_pantalla_control")
2026-01-19 14:09:12,320 [INFO] sqlalchemy.engine.Engine: [raw sql] ()
2026-01-19 14:09:12,321 [INFO] sqlalchemy.engine.Engine: PRAGMA main.table_info("proceso_control")
2026-01-19 14:09:12,321 [INFO] sqlalchemy.engine.Engine: [raw sql] ()
2026-01-19 14:09:12,322 [INFO] sqlalchemy.engine.Engine: PRAGMA main.table_info("proceso_fase")
2026-01-19 14:09:12,322 [INFO] sqlalchemy.engine.Engine: [raw sql] ()
2026-01-19 14:09:12,323 [INFO] sqlalchemy.engine.Engine: PRAGMA main.table_info("proceso_fase_parametro")
2026-01-19 14:09:12,323 [INFO] sqlalchemy.engine.Engine: [raw sql] ()
2026-01-19 14:09:12,325 [INFO] sqlalchemy.engine.Engine: COMMIT
2026-01-19 14:09:12,511 [INFO] __main__: Iniciando la aplicación Autoclave...
2026-01-19 14:09:12,523 [INFO] autoclave: Iniciando SerialLink...
2026-01-19 14:09:12,594 [INFO] src.autoclave.services.control_loop: Iniciando el bucle de control...
2026-01-19 14:09:12,597 [INFO] src.autoclave.services.control_loop: Esperando conexión con ESP32...
2026-01-19 14:09:12,599 [INFO] autoclave: True
2026-01-19 14:09:12,599 [INFO] autoclave: Conectado a ESP32 en COM3
2026-01-19 14:09:12,798 [INFO] src.autoclave.services.control_loop: Esperando conexión con ESP32...
2026-01-19 14:09:12,828 [INFO] src.autoclave.ui.ui_main.main_window: ✅ Interfaz creada correctamente.
2026-01-19 14:09:12,999 [INFO] src.autoclave.services.control_loop: Esperando conexión con ESP32...
2026-01-19 14:09:13,200 [INFO] src.autoclave.services.control_loop: Esperando conexión con ESP32...
2026-01-19 14:09:13,402 [INFO] src.autoclave.services.control_loop: Esperando conexión con ESP32...
2026-01-19 14:09:13,606 [INFO] src.autoclave.services.control_loop: Esperando conexión con ESP32...
2026-01-19 14:09:13,807 [INFO] src.autoclave.services.control_loop: Esperando conexión con ESP32...
2026-01-19 14:09:14,009 [INFO] src.autoclave.services.control_loop: Esperando conexión con ESP32...
2026-01-19 14:09:14,210 [INFO] src.autoclave.services.control_loop: Esperando conexión con ESP32...
2026-01-19 14:09:14,411 [INFO] src.autoclave.services.control_loop: Esperando conexión con ESP32...
2026-01-19 14:09:14,616 [INFO] src.autoclave.services.control_loop: Esperando conexión con ESP32...
2026-01-19 14:09:14,818 [INFO] src.autoclave.services.control_loop: Esperando conexión con ESP32...
2026-01-19 14:09:15,020 [INFO] src.autoclave.services.control_loop: Esperando conexión con ESP32...
2026-01-19 14:09:15,222 [INFO] src.autoclave.services.control_loop: Esperando conexión con ESP32...
2026-01-19 14:09:15,423 [INFO] src.autoclave.services.control_loop: Esperando conexión con ESP32...
2026-01-19 14:09:15,625 [INFO] src.autoclave.services.control_loop: Esperando conexión con ESP32...
2026-01-19 14:09:15,827 [INFO] src.autoclave.services.control_loop: Esperando conexión con ESP32...
2026-01-19 14:09:16,029 [INFO] src.autoclave.services.control_loop: Esperando conexión con ESP32...
2026-01-19 14:09:16,231 [INFO] src.autoclave.services.control_loop: Esperando conexión con ESP32...
2026-01-19 14:09:16,433 [INFO] src.autoclave.services.control_loop: Esperando conexión con ESP32...
2026-01-19 14:09:16,634 [INFO] src.autoclave.services.control_loop: Esperando conexión con ESP32...
2026-01-19 14:09:16,836 [INFO] src.autoclave.services.control_loop: Esperando conexión con ESP32...
2026-01-19 14:09:17,039 [INFO] src.autoclave.services.control_loop: Esperando conexión con ESP32...
2026-01-19 14:09:17,241 [INFO] src.autoclave.services.control_loop: Esperando conexión con ESP32...
2026-01-19 14:09:17,443 [INFO] src.autoclave.services.control_loop: Esperando conexión con ESP32...
2026-01-19 14:09:17,645 [ERROR] src.autoclave.services.control_loop: No se pudo conectar con ESP32. El loop no iniciará.
2026-01-19 14:17:13,829 [INFO] sqlalchemy.engine.Engine: BEGIN (implicit)
2026-01-19 14:17:13,832 [INFO] sqlalchemy.engine.Engine: PRAGMA main.table_info("ac_puerto")
2026-01-19 14:17:13,832 [INFO] sqlalchemy.engine.Engine: [raw sql] ()
2026-01-19 14:17:13,833 [INFO] sqlalchemy.engine.Engine: PRAGMA main.table_info("ac_pantalla_control")
2026-01-19 14:17:13,834 [INFO] sqlalchemy.engine.Engine: [raw sql] ()
2026-01-19 14:17:13,834 [INFO] sqlalchemy.engine.Engine: PRAGMA main.table_info("proceso_control")
2026-01-19 14:17:13,835 [INFO] sqlalchemy.engine.Engine: [raw sql] ()
2026-01-19 14:17:13,836 [INFO] sqlalchemy.engine.Engine: PRAGMA main.table_info("proceso_fase")
2026-01-19 14:17:13,836 [INFO] sqlalchemy.engine.Engine: [raw sql] ()
2026-01-19 14:17:13,837 [INFO] sqlalchemy.engine.Engine: PRAGMA main.table_info("proceso_fase_parametro")
2026-01-19 14:17:13,837 [INFO] sqlalchemy.engine.Engine: [raw sql] ()
2026-01-19 14:17:13,838 [INFO] sqlalchemy.engine.Engine: COMMIT
2026-01-19 14:17:14,005 [INFO] __main__: Iniciando la aplicación Autoclave...
2026-01-19 14:17:14,019 [INFO] autoclave: Iniciando SerialLink...
2026-01-19 14:17:14,020 [INFO] autoclave: SerialLink id: 2660862304544
2026-01-19 14:17:14,145 [INFO] src.autoclave.services.control_loop: Iniciando el bucle de control...
2026-01-19 14:17:14,146 [INFO] autoclave: SerialLink id: 2660862658192
2026-01-19 14:17:14,146 [INFO] src.autoclave.services.control_loop: Esperando conexión con ESP32...
2026-01-19 14:17:14,150 [INFO] autoclave: connected: True
2026-01-19 14:17:14,151 [INFO] autoclave: Conectado a ESP32 en COM3
2026-01-19 14:17:14,347 [INFO] autoclave: SerialLink id: 2660862658192
2026-01-19 14:17:14,347 [INFO] src.autoclave.services.control_loop: Esperando conexión con ESP32...
2026-01-19 14:17:14,426 [INFO] src.autoclave.ui.ui_main.main_window: ✅ Interfaz creada correctamente.
2026-01-19 14:17:14,548 [INFO] autoclave: SerialLink id: 2660862658192
2026-01-19 14:17:14,548 [INFO] src.autoclave.services.control_loop: Esperando conexión con ESP32...
2026-01-19 14:17:14,749 [INFO] autoclave: SerialLink id: 2660862658192
2026-01-19 14:17:14,750 [INFO] src.autoclave.services.control_loop: Esperando conexión con ESP32...
2026-01-19 14:17:14,951 [INFO] autoclave: SerialLink id: 2660862658192
2026-01-19 14:17:14,952 [INFO] src.autoclave.services.control_loop: Esperando conexión con ESP32...
2026-01-19 14:17:15,154 [INFO] autoclave: SerialLink id: 2660862658192
2026-01-19 14:17:15,154 [INFO] src.autoclave.services.control_loop: Esperando conexión con ESP32...
2026-01-19 14:17:15,355 [INFO] autoclave: SerialLink id: 2660862658192
2026-01-19 14:17:15,356 [INFO] src.autoclave.services.control_loop: Esperando conexión con ESP32...
2026-01-19 14:17:15,556 [INFO] autoclave: SerialLink id: 2660862658192
2026-01-19 14:17:15,557 [INFO] src.autoclave.services.control_loop: Esperando conexión con ESP32...
2026-01-19 14:17:15,747 [INFO] src.autoclave.ui.ui_main.main_window: ⏻ Apagando equipo...
2026-01-19 14:17:15,759 [INFO] autoclave: SerialLink id: 2660862658192
2026-01-19 14:17:15,760 [INFO] src.autoclave.services.control_loop: Esperando conexión con ESP32...
2026-01-19 14:17:15,961 [INFO] autoclave: SerialLink id: 2660862658192
2026-01-19 14:17:15,962 [INFO] src.autoclave.services.control_loop: Esperando conexión con ESP32...
2026-01-19 14:17:16,163 [INFO] autoclave: SerialLink id: 2660862658192
2026-01-19 14:17:16,165 [INFO] src.autoclave.services.control_loop: Esperando conexión con ESP32...
2026-01-19 14:17:16,366 [INFO] autoclave: SerialLink id: 2660862658192
2026-01-19 14:17:16,367 [INFO] src.autoclave.services.control_loop: Esperando conexión con ESP32...
2026-01-19 14:17:16,569 [INFO] autoclave: SerialLink id: 2660862658192
2026-01-19 14:17:16,569 [INFO] src.autoclave.services.control_loop: Esperando conexión con ESP32...
2026-01-19 14:17:16,770 [INFO] autoclave: SerialLink id: 2660862658192
2026-01-19 14:17:16,771 [INFO] src.autoclave.services.control_loop: Esperando conexión con ESP32...
2026-01-19 14:17:16,974 [INFO] autoclave: SerialLink id: 2660862658192
2026-01-19 14:17:16,974 [INFO] src.autoclave.services.control_loop: Esperando conexión con ESP32...
2026-01-19 14:17:17,175 [INFO] autoclave: SerialLink id: 2660862658192
2026-01-19 14:17:17,176 [INFO] src.autoclave.services.control_loop: Esperando conexión con ESP32...
2026-01-19 14:17:17,378 [INFO] autoclave: SerialLink id: 2660862658192
2026-01-19 14:17:17,378 [INFO] src.autoclave.services.control_loop: Esperando conexión con ESP32...
2026-01-19 14:17:17,580 [INFO] autoclave: SerialLink id: 2660862658192
2026-01-19 14:17:17,582 [INFO] src.autoclave.services.control_loop: Esperando conexión con ESP32...
2026-01-19 14:17:17,783 [INFO] autoclave: SerialLink id: 2660862658192
2026-01-19 14:17:17,784 [INFO] src.autoclave.services.control_loop: Esperando conexión con ESP32...
2026-01-19 14:17:17,985 [INFO] autoclave: SerialLink id: 2660862658192
2026-01-19 14:17:17,986 [INFO] src.autoclave.services.control_loop: Esperando conexión con ESP32...
2026-01-19 14:17:18,186 [INFO] autoclave: SerialLink id: 2660862658192
2026-01-19 14:17:18,187 [INFO] src.autoclave.services.control_loop: Esperando conexión con ESP32...
2026-01-19 14:17:18,388 [INFO] autoclave: SerialLink id: 2660862658192
2026-01-19 14:17:18,390 [INFO] src.autoclave.services.control_loop: Esperando conexión con ESP32...
2026-01-19 14:17:18,591 [INFO] autoclave: SerialLink id: 2660862658192
2026-01-19 14:17:18,591 [INFO] src.autoclave.services.control_loop: Esperando conexión con ESP32...
2026-01-19 14:17:18,792 [INFO] autoclave: SerialLink id: 2660862658192
2026-01-19 14:17:18,794 [INFO] src.autoclave.services.control_loop: Esperando conexión con ESP32...
2026-01-19 14:17:18,857 [INFO] __main__: Cerrando la aplicación Autoclave...
2026-01-19 14:17:18,858 [WARNING] autoclave: No hay conexión serial activa para enviar comando.
2026-01-19 14:17:18,858 [WARNING] autoclave: No hay conexión serial activa para enviar comando.
2026-01-19 14:17:18,858 [WARNING] autoclave: No hay conexión serial activa para enviar comando.
2026-01-19 14:17:18,859 [WARNING] autoclave: No hay conexión serial activa para enviar comando.
2026-01-19 14:17:18,859 [WARNING] autoclave: No hay conexión serial activa para enviar comando.
2026-01-19 14:17:18,859 [WARNING] autoclave: No hay conexión serial activa para enviar comando.
2026-01-19 14:17:18,859 [WARNING] autoclave: No hay conexión serial activa para enviar comando.
2026-01-19 14:17:18,859 [WARNING] autoclave: No hay conexión serial activa para enviar comando.
2026-01-19 14:17:18,860 [WARNING] autoclave: No hay conexión serial activa para enviar comando.
2026-01-19 14:17:18,860 [WARNING] autoclave: No hay conexión serial activa para enviar comando.
2026-01-19 14:17:18,860 [WARNING] autoclave: No hay conexión serial activa para enviar comando.
2026-01-19 14:17:18,861 [WARNING] autoclave: No hay conexión serial activa para enviar comando.
2026-01-19 14:17:18,861 [WARNING] autoclave: No hay conexión serial activa para enviar comando.
2026-01-19 14:17:18,861 [WARNING] autoclave: No hay conexión serial activa para enviar comando.
2026-01-19 14:17:18,861 [WARNING] autoclave: No hay conexión serial activa para enviar comando.
2026-01-19 14:17:18,862 [WARNING] autoclave: No hay conexión serial activa para enviar comando.
2026-01-19 14:17:18,863 [WARNING] autoclave: No hay conexión serial activa para enviar comando.
2026-01-19 14:17:18,863 [WARNING] autoclave: No hay conexión serial activa para enviar comando.
2026-01-19 14:17:18,863 [WARNING] autoclave: No hay conexión serial activa para enviar comando.
2026-01-19 14:17:18,863 [WARNING] autoclave: No hay conexión serial activa para enviar comando.
2026-01-19 14:17:18,864 [WARNING] autoclave: No hay conexión serial activa para enviar comando.
2026-01-19 14:17:18,864 [WARNING] autoclave: No hay conexión serial activa para enviar comando.
2026-01-19 14:17:18,866 [WARNING] autoclave: No hay conexión serial activa para enviar comando.
2026-01-19 14:17:18,866 [WARNING] autoclave: No hay conexión serial activa para enviar comando.
2026-01-19 14:17:18,867 [WARNING] autoclave: No hay conexión serial activa para enviar comando.
2026-01-19 14:17:18,867 [WARNING] autoclave: No hay conexión serial activa para enviar comando.
2026-01-19 14:17:18,867 [WARNING] autoclave: No hay conexión serial activa para enviar comando.
2026-01-19 14:17:18,868 [WARNING] autoclave: No hay conexión serial activa para enviar comando.
2026-01-19 14:17:18,868 [WARNING] autoclave: No hay conexión serial activa para enviar comando.
2026-01-19 14:17:18,868 [WARNING] autoclave: No hay conexión serial activa para enviar comando.
2026-01-19 14:17:18,868 [WARNING] autoclave: No hay conexión serial activa para enviar comando.
2026-01-19 14:17:18,869 [WARNING] autoclave: No hay conexión serial activa para enviar comando.
2026-01-19 14:17:18,870 [INFO] autoclave: Deteniendo SerialLink...
2026-01-19 14:17:18,870 [INFO] src.autoclave.services.control_loop: Flujo de datos detenido.
2026-01-19 14:17:18,995 [INFO] autoclave: SerialLink id: 2660862658192
2026-01-19 14:17:18,997 [INFO] src.autoclave.services.control_loop: Esperando conexión con ESP32...
2026-01-19 14:17:19,198 [INFO] autoclave: SerialLink id: 2660862658192
2026-01-19 14:17:19,198 [INFO] autoclave: SerialLink id: 2660862658192
2026-01-19 14:17:19,200 [ERROR] src.autoclave.services.control_loop: No se pudo conectar con ESP32. El loop no iniciará.
2026-01-19 14:21:21,355 [INFO] sqlalchemy.engine.Engine: BEGIN (implicit)
2026-01-19 14:21:21,356 [INFO] sqlalchemy.engine.Engine: PRAGMA main.table_info("ac_puerto")
2026-01-19 14:21:21,356 [INFO] sqlalchemy.engine.Engine: [raw sql] ()
2026-01-19 14:21:21,358 [INFO] sqlalchemy.engine.Engine: PRAGMA main.table_info("ac_pantalla_control")
2026-01-19 14:21:21,358 [INFO] sqlalchemy.engine.Engine: [raw sql] ()
2026-01-19 14:21:21,359 [INFO] sqlalchemy.engine.Engine: PRAGMA main.table_info("proceso_control")
2026-01-19 14:21:21,359 [INFO] sqlalchemy.engine.Engine: [raw sql] ()
2026-01-19 14:21:21,360 [INFO] sqlalchemy.engine.Engine: PRAGMA main.table_info("proceso_fase")
2026-01-19 14:21:21,361 [INFO] sqlalchemy.engine.Engine: [raw sql] ()
2026-01-19 14:21:21,361 [INFO] sqlalchemy.engine.Engine: PRAGMA main.table_info("proceso_fase_parametro")
2026-01-19 14:21:21,361 [INFO] sqlalchemy.engine.Engine: [raw sql] ()
2026-01-19 14:21:21,362 [INFO] sqlalchemy.engine.Engine: COMMIT
2026-01-19 14:21:21,558 [INFO] __main__: Iniciando la aplicación Autoclave...
2026-01-19 14:21:21,568 [INFO] autoclave: Iniciando SerialLink...
2026-01-19 14:21:21,569 [INFO] autoclave: SerialLink id: 1869153018144
2026-01-19 14:21:21,638 [INFO] src.autoclave.services.control_loop: Iniciando el bucle de control...
2026-01-19 14:21:21,639 [INFO] autoclave: SerialLink id: 1869153018144
2026-01-19 14:21:21,639 [INFO] src.autoclave.services.control_loop: Esperando conexión con ESP32...
2026-01-19 14:21:21,643 [INFO] autoclave: connected: True
2026-01-19 14:21:21,643 [INFO] autoclave: Conectado a ESP32 en COM3
2026-01-19 14:21:21,840 [INFO] autoclave: SerialLink id: 1869153018144
2026-01-19 14:21:21,840 [INFO] autoclave: SerialLink id: 1869153018144
2026-01-19 14:21:21,841 [INFO] src.autoclave.services.control_loop: Conexión establecida. Iniciando actualización de puertas...
2026-01-19 14:21:21,880 [INFO] src.autoclave.ui.ui_main.main_window: ✅ Interfaz creada correctamente.
2026-01-19 14:21:22,342 [WARNING] src.autoclave.devices.door: Estado inicial inconsistente: Puerta cerrada pero presión de empaque baja, iniciando cierre.
2026-01-19 14:21:22,343 [WARNING] src.autoclave.devices.door: Estado inicial inconsistente: Puerta cerrada pero presión de empaque baja, iniciando cierre.
2026-01-19 14:21:23,345 [INFO] src.autoclave.devices.door: Bomba de vacio encendida.
2026-01-19 14:21:23,347 [INFO] src.autoclave.devices.door: Desbloqueo de puerta activado.
2026-01-19 14:21:23,348 [INFO] src.autoclave.devices.door: Iniciando cierre de puerta.
2026-01-19 14:21:23,348 [INFO] src.autoclave.devices.door: Actuador de cierre desactivado.
2026-01-19 14:21:23,349 [INFO] src.autoclave.devices.door: Desbloqueo de puerta desactivado.
2026-01-19 14:21:23,350 [INFO] src.autoclave.devices.door: Bomba de vacio apagada.
2026-01-19 14:21:23,351 [INFO] src.autoclave.devices.door: Bloqueo de puerta activado.
2026-01-19 14:21:23,352 [INFO] src.autoclave.devices.door: Bloqueo de puerta desactivado.
2026-01-19 14:21:23,353 [ERROR] src.autoclave.devices.door: Error: Presión de empaque insuficiente al cerrar.
2026-01-19 14:21:23,353 [INFO] src.autoclave.devices.door: Bomba de vacio encendida.
2026-01-19 14:21:23,354 [INFO] src.autoclave.devices.door: Desbloqueo de puerta activado.
2026-01-19 14:21:23,354 [INFO] src.autoclave.devices.door: Iniciando cierre de puerta.
2026-01-19 14:21:23,355 [INFO] src.autoclave.devices.door: Actuador de cierre desactivado.
2026-01-19 14:21:23,356 [INFO] src.autoclave.devices.door: Desbloqueo de puerta desactivado.
2026-01-19 14:21:23,358 [INFO] src.autoclave.devices.door: Bomba de vacio apagada.
2026-01-19 14:21:23,359 [INFO] src.autoclave.devices.door: Bloqueo de puerta activado.
2026-01-19 14:21:23,359 [INFO] src.autoclave.devices.door: Bloqueo de puerta desactivado.
2026-01-19 14:21:23,360 [ERROR] src.autoclave.devices.door: Error: Presión de empaque insuficiente al cerrar.
2026-01-19 14:21:23,360 [INFO] __main__: Puerta Puerta 1: CERRANDO -> ERROR
2026-01-19 14:21:23,360 [ERROR] __main__: ¡Error en puerta Puerta 1!
2026-01-19 14:21:23,361 [INFO] __main__: Puerta Puerta 2: CERRANDO -> ERROR
2026-01-19 14:21:23,361 [ERROR] __main__: ¡Error en puerta Puerta 2!
2026-01-19 14:21:24,363 [INFO] src.autoclave.devices.door: Recuperación de error: Estado detectado CERRADO.
2026-01-19 14:21:24,365 [INFO] src.autoclave.devices.door: Recuperación de error: Estado detectado CERRADO.
2026-01-19 14:21:24,366 [INFO] __main__: Puerta Puerta 1: ERROR -> CERRADO
2026-01-19 14:21:24,367 [INFO] __main__: Puerta Puerta 1 cerrada.
2026-01-19 14:21:24,367 [INFO] __main__: Puerta Puerta 2: ERROR -> CERRADO
2026-01-19 14:21:24,368 [INFO] __main__: Puerta Puerta 2 cerrada.
2026-01-19 14:23:20,451 [INFO] sqlalchemy.engine.Engine: BEGIN (implicit)
2026-01-19 14:23:20,452 [INFO] sqlalchemy.engine.Engine: PRAGMA main.table_info("ac_puerto")
2026-01-19 14:23:20,452 [INFO] sqlalchemy.engine.Engine: [raw sql] ()
2026-01-19 14:23:20,453 [INFO] sqlalchemy.engine.Engine: PRAGMA main.table_info("ac_pantalla_control")
2026-01-19 14:23:20,454 [INFO] sqlalchemy.engine.Engine: [raw sql] ()
2026-01-19 14:23:20,454 [INFO] sqlalchemy.engine.Engine: PRAGMA main.table_info("proceso_control")
2026-01-19 14:23:20,454 [INFO] sqlalchemy.engine.Engine: [raw sql] ()
2026-01-19 14:23:20,455 [INFO] sqlalchemy.engine.Engine: PRAGMA main.table_info("proceso_fase")
2026-01-19 14:23:20,455 [INFO] sqlalchemy.engine.Engine: [raw sql] ()
2026-01-19 14:23:20,456 [INFO] sqlalchemy.engine.Engine: PRAGMA main.table_info("proceso_fase_parametro")
2026-01-19 14:23:20,456 [INFO] sqlalchemy.engine.Engine: [raw sql] ()
2026-01-19 14:23:20,456 [INFO] sqlalchemy.engine.Engine: COMMIT
2026-01-19 14:23:20,620 [INFO] __main__: Iniciando la aplicación Autoclave...
2026-01-19 14:23:20,633 [INFO] autoclave: Iniciando SerialLink...
2026-01-19 14:23:20,634 [INFO] autoclave: SerialLink id: 1612556918736
2026-01-19 14:23:20,703 [INFO] src.autoclave.services.control_loop: Iniciando el bucle de control...
2026-01-19 14:23:20,704 [INFO] autoclave: SerialLink id: 1612556918736
2026-01-19 14:23:20,704 [INFO] src.autoclave.services.control_loop: Esperando conexión con ESP32...
2026-01-19 14:23:20,709 [INFO] autoclave: connected: True
2026-01-19 14:23:20,709 [INFO] autoclave: Conectado a ESP32 en COM3
2026-01-19 14:23:20,905 [INFO] autoclave: SerialLink id: 1612556918736
2026-01-19 14:23:20,905 [INFO] autoclave: SerialLink id: 1612556918736
2026-01-19 14:23:20,905 [INFO] src.autoclave.services.control_loop: Conexión establecida. Iniciando actualización de puertas...
2026-01-19 14:23:20,968 [INFO] src.autoclave.ui.ui_main.main_window: ✅ Interfaz creada correctamente.
2026-01-19 14:23:21,406 [ERROR] src.autoclave.devices.door: Error: Estado inicial de puerta inconsistente .
2026-01-19 14:23:21,407 [ERROR] src.autoclave.devices.door: Error: Estado inicial de puerta inconsistente .
2026-01-19 14:23:22,708 [WARNING] src.autoclave.devices.door: Recuperación de error: Estado inconsistente, iniciando cierre.
2026-01-19 14:23:23,009 [WARNING] src.autoclave.devices.door: Recuperación de error: Estado inconsistente, iniciando cierre.
2026-01-19 14:23:23,010 [INFO] __main__: Puerta Puerta 1: ERROR -> CERRANDO
2026-01-19 14:23:23,010 [INFO] __main__: Puerta Puerta 1 cerrándose...
2026-01-19 14:23:23,010 [INFO] __main__: Puerta Puerta 2: ERROR -> CERRANDO
2026-01-19 14:23:23,011 [INFO] __main__: Puerta Puerta 2 cerrándose...
2026-01-19 14:23:24,012 [INFO] src.autoclave.devices.door: Bomba de vacio encendida.
2026-01-19 14:23:24,013 [INFO] src.autoclave.devices.door: Desbloqueo de puerta activado.
2026-01-19 14:23:24,013 [INFO] src.autoclave.devices.door: Iniciando cierre de puerta.
2026-01-19 14:23:24,014 [INFO] src.autoclave.devices.door: Actuador de cierre desactivado.
2026-01-19 14:23:24,015 [INFO] src.autoclave.devices.door: Desbloqueo de puerta desactivado.
2026-01-19 14:23:24,015 [INFO] src.autoclave.devices.door: Bomba de vacio apagada.
2026-01-19 14:23:24,016 [INFO] src.autoclave.devices.door: Bloqueo de puerta activado.
2026-01-19 14:23:24,017 [INFO] src.autoclave.devices.door: Bloqueo de puerta desactivado.
2026-01-19 14:23:24,018 [INFO] src.autoclave.devices.door: Puerta cerrada correctamente.
2026-01-19 14:23:24,019 [INFO] src.autoclave.devices.door: Bomba de vacio encendida.
2026-01-19 14:23:24,019 [INFO] src.autoclave.devices.door: Desbloqueo de puerta activado.
2026-01-19 14:23:24,020 [INFO] src.autoclave.devices.door: Iniciando cierre de puerta.
2026-01-19 14:23:24,021 [INFO] src.autoclave.devices.door: Actuador de cierre desactivado.
2026-01-19 14:23:24,021 [INFO] src.autoclave.devices.door: Desbloqueo de puerta desactivado.
2026-01-19 14:23:24,023 [INFO] src.autoclave.devices.door: Bomba de vacio apagada.
2026-01-19 14:23:24,024 [INFO] src.autoclave.devices.door: Bloqueo de puerta activado.
2026-01-19 14:23:24,025 [INFO] src.autoclave.devices.door: Bloqueo de puerta desactivado.
2026-01-19 14:23:24,025 [INFO] src.autoclave.devices.door: Puerta cerrada correctamente.
2026-01-19 14:23:24,026 [INFO] __main__: Puerta Puerta 1: CERRANDO -> CERRADO
2026-01-19 14:23:24,026 [INFO] __main__: Puerta Puerta 1 cerrada.
2026-01-19 14:23:24,027 [INFO] __main__: Puerta Puerta 2: CERRANDO -> CERRADO
2026-01-19 14:23:24,027 [INFO] __main__: Puerta Puerta 2 cerrada.
2026-01-19 14:25:19,296 [INFO] __main__: Comando de apertura de puerta enviado.
2026-01-19 14:25:20,184 [INFO] src.autoclave.devices.door: Bomba de vacio encendida.
2026-01-19 14:25:20,187 [INFO] src.autoclave.devices.door: Desbloqueo de puerta activado.
2026-01-19 14:25:20,189 [INFO] src.autoclave.devices.door: presion empaque: 320.77 kPa.
2026-01-19 14:25:20,190 [INFO] __main__: Puerta Puerta 1: CERRADO -> ABRIENDO
2026-01-19 14:25:20,191 [INFO] __main__: Puerta Puerta 1 abriéndose...
2026-01-19 14:25:21,193 [INFO] src.autoclave.devices.door: presion empaque: 318.59 kPa.
2026-01-19 14:25:22,195 [INFO] src.autoclave.devices.door: presion empaque: 320.8 kPa.
2026-01-19 14:25:23,196 [INFO] src.autoclave.devices.door: presion empaque: 323.62 kPa.
2026-01-19 14:25:24,198 [INFO] src.autoclave.devices.door: presion empaque: 323.72 kPa.
2026-01-19 14:25:25,200 [INFO] src.autoclave.devices.door: presion empaque: 321.18 kPa.
2026-01-19 14:25:26,202 [INFO] src.autoclave.devices.door: presion empaque: 320.94 kPa.
2026-01-19 14:25:27,205 [INFO] src.autoclave.devices.door: presion empaque: 323.05 kPa.
2026-01-19 14:25:28,209 [INFO] src.autoclave.devices.door: presion empaque: 320.8 kPa.
2026-01-19 14:25:29,211 [INFO] src.autoclave.devices.door: presion empaque: 321.69 kPa.
2026-01-19 14:25:30,214 [INFO] src.autoclave.devices.door: presion empaque: 320.4 kPa.
2026-01-19 14:25:31,216 [INFO] src.autoclave.devices.door: presion empaque: 319.12 kPa.
2026-01-19 14:25:32,218 [INFO] src.autoclave.devices.door: presion empaque: 279.64 kPa.
2026-01-19 14:25:33,220 [INFO] src.autoclave.devices.door: presion empaque: 248.05 kPa.
2026-01-19 14:25:34,223 [INFO] src.autoclave.devices.door: presion empaque: 237.47 kPa.
2026-01-19 14:25:35,225 [INFO] src.autoclave.devices.door: presion empaque: 197.21 kPa.
2026-01-19 14:25:36,227 [INFO] src.autoclave.devices.door: presion empaque: 150.06 kPa.
2026-01-19 14:25:37,230 [INFO] src.autoclave.devices.door: presion empaque: 125.63 kPa.
2026-01-19 14:25:38,233 [INFO] src.autoclave.devices.door: presion empaque: 111.09 kPa.
2026-01-19 14:25:39,234 [INFO] src.autoclave.devices.door: presion empaque: 100.61 kPa.
2026-01-19 14:25:40,236 [INFO] src.autoclave.devices.door: presion empaque: 98.98 kPa.
2026-01-19 14:25:40,237 [INFO] src.autoclave.devices.door: Actuador de apertura activado.
2026-01-19 14:25:41,239 [INFO] src.autoclave.devices.door: presion empaque: 91.46 kPa.
2026-01-19 14:25:41,240 [INFO] src.autoclave.devices.door: Actuador de apertura activado.
2026-01-19 14:25:42,242 [INFO] src.autoclave.devices.door: presion empaque: 92.72 kPa.
2026-01-19 14:25:42,243 [INFO] src.autoclave.devices.door: Actuador de apertura activado.
2026-01-19 14:25:43,245 [INFO] src.autoclave.devices.door: presion empaque: 93.69 kPa.
2026-01-19 14:25:43,246 [INFO] src.autoclave.devices.door: Actuador de apertura activado.
2026-01-19 14:25:44,247 [INFO] src.autoclave.devices.door: presion empaque: 91.32 kPa.
2026-01-19 14:25:44,248 [INFO] src.autoclave.devices.door: Actuador de apertura activado.
2026-01-19 14:25:45,250 [INFO] src.autoclave.devices.door: presion empaque: 91.78 kPa.
2026-01-19 14:25:45,251 [INFO] src.autoclave.devices.door: Actuador de apertura activado.
2026-01-19 14:25:46,253 [INFO] src.autoclave.devices.door: presion empaque: 94.28 kPa.
2026-01-19 14:25:46,255 [INFO] src.autoclave.devices.door: Actuador de apertura activado.
2026-01-19 14:25:47,257 [INFO] src.autoclave.devices.door: presion empaque: 93.79 kPa.
2026-01-19 14:25:47,258 [INFO] src.autoclave.devices.door: Actuador de apertura activado.
2026-01-19 14:25:48,260 [INFO] src.autoclave.devices.door: presion empaque: 91.46 kPa.
2026-01-19 14:25:48,264 [INFO] src.autoclave.devices.door: Actuador de apertura activado.
2026-01-19 14:25:49,266 [INFO] src.autoclave.devices.door: presion empaque: 92.02 kPa.
2026-01-19 14:25:49,267 [INFO] src.autoclave.devices.door: Actuador de apertura activado.
2026-01-19 14:25:50,269 [INFO] src.autoclave.devices.door: presion empaque: 91.82 kPa.
2026-01-19 14:25:50,270 [INFO] src.autoclave.devices.door: Actuador de apertura activado.
2026-01-19 14:25:51,272 [INFO] src.autoclave.devices.door: presion empaque: 94.06 kPa.
2026-01-19 14:25:51,273 [INFO] src.autoclave.devices.door: Actuador de apertura activado.
2026-01-19 14:25:52,275 [INFO] src.autoclave.devices.door: presion empaque: 92.9 kPa.
2026-01-19 14:25:52,276 [INFO] src.autoclave.devices.door: Actuador de apertura activado.
2026-01-19 14:25:52,276 [INFO] src.autoclave.devices.door: Actuador de apertura desactivado.
2026-01-19 14:25:52,277 [INFO] src.autoclave.devices.door: Bomba de vacio apagada.
2026-01-19 14:25:52,278 [INFO] src.autoclave.devices.door: Desbloqueo de puerta desactivado.
2026-01-19 14:25:52,279 [INFO] src.autoclave.devices.door: Puerta abierta correctamente.
2026-01-19 14:25:52,279 [INFO] __main__: Puerta Puerta 1: ABRIENDO -> ABIERTO
2026-01-19 14:25:52,280 [INFO] __main__: Puerta Puerta 1 abierta.
2026-01-19 14:26:33,669 [INFO] sqlalchemy.engine.Engine: BEGIN (implicit)
2026-01-19 14:26:33,670 [INFO] sqlalchemy.engine.Engine: PRAGMA main.table_info("ac_puerto")
2026-01-19 14:26:33,670 [INFO] sqlalchemy.engine.Engine: [raw sql] ()
2026-01-19 14:26:33,672 [INFO] sqlalchemy.engine.Engine: PRAGMA main.table_info("ac_pantalla_control")
2026-01-19 14:26:33,673 [INFO] sqlalchemy.engine.Engine: [raw sql] ()
2026-01-19 14:26:33,673 [INFO] sqlalchemy.engine.Engine: PRAGMA main.table_info("proceso_control")
2026-01-19 14:26:33,674 [INFO] sqlalchemy.engine.Engine: [raw sql] ()
2026-01-19 14:26:33,674 [INFO] sqlalchemy.engine.Engine: PRAGMA main.table_info("proceso_fase")
2026-01-19 14:26:33,674 [INFO] sqlalchemy.engine.Engine: [raw sql] ()
2026-01-19 14:26:33,676 [INFO] sqlalchemy.engine.Engine: PRAGMA main.table_info("proceso_fase_parametro")
2026-01-19 14:26:33,683 [INFO] sqlalchemy.engine.Engine: [raw sql] ()
2026-01-19 14:26:33,684 [INFO] sqlalchemy.engine.Engine: COMMIT
2026-01-19 14:26:33,855 [INFO] __main__: Iniciando la aplicación Autoclave...
2026-01-19 14:26:33,865 [INFO] autoclave: Iniciando SerialLink...
2026-01-19 14:26:33,866 [INFO] autoclave: SerialLink id: 2391919534368
2026-01-19 14:26:33,937 [INFO] src.autoclave.services.control_loop: Iniciando el bucle de control...
2026-01-19 14:26:33,938 [INFO] autoclave: SerialLink id: 2391919534368
2026-01-19 14:26:33,938 [INFO] src.autoclave.services.control_loop: Esperando conexión con ESP32...
2026-01-19 14:26:33,941 [INFO] autoclave: connected: True
2026-01-19 14:26:33,942 [INFO] autoclave: Conectado a ESP32 en COM3
2026-01-19 14:26:34,138 [INFO] autoclave: SerialLink id: 2391919534368
2026-01-19 14:26:34,139 [INFO] autoclave: SerialLink id: 2391919534368
2026-01-19 14:26:34,139 [INFO] src.autoclave.services.control_loop: Conexión establecida. Iniciando actualización de puertas...
2026-01-19 14:26:34,184 [INFO] src.autoclave.ui.ui_main.main_window: ✅ Interfaz creada correctamente.
2026-01-19 14:26:35,140 [INFO] src.autoclave.devices.door: Estado inicial detectado: ABIERTO.
2026-01-19 14:26:35,442 [WARNING] src.autoclave.devices.door: Estado inicial inconsistente: Puerta cerrada pero presión de empaque baja, iniciando cierre.
2026-01-19 14:26:36,945 [INFO] src.autoclave.devices.door: Bomba de vacio encendida.
2026-01-19 14:26:36,947 [INFO] src.autoclave.devices.door: Desbloqueo de puerta activado.
2026-01-19 14:26:36,948 [INFO] src.autoclave.devices.door: Iniciando cierre de puerta.
2026-01-19 14:26:36,948 [INFO] src.autoclave.devices.door: Actuador de cierre activado.
2026-01-19 14:26:36,949 [INFO] src.autoclave.devices.door: Actuador de cierre desactivado.
2026-01-19 14:26:36,950 [INFO] src.autoclave.devices.door: Desbloqueo de puerta desactivado.
2026-01-19 14:26:36,951 [INFO] src.autoclave.devices.door: Bomba de vacio apagada.
2026-01-19 14:26:36,952 [INFO] src.autoclave.devices.door: Bloqueo de puerta activado.
2026-01-19 14:26:36,954 [INFO] src.autoclave.devices.door: Bloqueo de puerta desactivado.
2026-01-19 14:26:36,955 [ERROR] src.autoclave.devices.door: Error: Presión de empaque insuficiente al cerrar.
2026-01-19 14:26:36,957 [INFO] __main__: Puerta Puerta 2: CERRANDO -> ERROR
2026-01-19 14:26:36,958 [ERROR] __main__: ¡Error en puerta Puerta 2!
2026-01-19 14:26:38,760 [WARNING] src.autoclave.devices.door: Recuperación de error: Estado inconsistente, iniciando cierre.
2026-01-19 14:26:38,760 [INFO] __main__: Puerta Puerta 2: ERROR -> CERRANDO
2026-01-19 14:26:38,762 [INFO] __main__: Puerta Puerta 2 cerrándose...
2026-01-19 14:26:40,264 [INFO] src.autoclave.devices.door: Bomba de vacio encendida.
2026-01-19 14:26:40,266 [INFO] src.autoclave.devices.door: Desbloqueo de puerta activado.
2026-01-19 14:26:40,267 [INFO] src.autoclave.devices.door: Iniciando cierre de puerta.
2026-01-19 14:26:40,268 [INFO] src.autoclave.devices.door: Actuador de cierre activado.
2026-01-19 14:26:40,269 [INFO] src.autoclave.devices.door: Actuador de cierre desactivado.
2026-01-19 14:26:40,270 [INFO] src.autoclave.devices.door: Desbloqueo de puerta desactivado.
2026-01-19 14:26:40,270 [INFO] src.autoclave.devices.door: Bomba de vacio apagada.
2026-01-19 14:26:40,276 [INFO] src.autoclave.devices.door: Bloqueo de puerta activado.
2026-01-19 14:26:40,279 [INFO] src.autoclave.devices.door: Bloqueo de puerta desactivado.
2026-01-19 14:26:40,281 [ERROR] src.autoclave.devices.door: Error: Presión de empaque insuficiente al cerrar.
2026-01-19 14:26:40,282 [INFO] __main__: Puerta Puerta 2: CERRANDO -> ERROR
2026-01-19 14:26:40,283 [ERROR] __main__: ¡Error en puerta Puerta 2!
2026-01-19 14:26:42,087 [WARNING] src.autoclave.devices.door: Recuperación de error: Estado inconsistente, iniciando cierre.
2026-01-19 14:26:42,089 [INFO] __main__: Puerta Puerta 2: ERROR -> CERRANDO
2026-01-19 14:26:42,090 [INFO] __main__: Puerta Puerta 2 cerrándose...
2026-01-19 14:26:43,595 [INFO] src.autoclave.devices.door: Bomba de vacio encendida.
2026-01-19 14:26:43,596 [INFO] src.autoclave.devices.door: Desbloqueo de puerta activado.
2026-01-19 14:26:43,596 [INFO] src.autoclave.devices.door: Iniciando cierre de puerta.
2026-01-19 14:26:43,596 [INFO] src.autoclave.devices.door: Actuador de cierre activado.
2026-01-19 14:26:43,597 [INFO] src.autoclave.devices.door: Actuador de cierre desactivado.
2026-01-19 14:26:43,598 [INFO] src.autoclave.devices.door: Desbloqueo de puerta desactivado.
2026-01-19 14:26:43,599 [INFO] src.autoclave.devices.door: Bomba de vacio apagada.
2026-01-19 14:26:43,600 [INFO] src.autoclave.devices.door: Bloqueo de puerta activado.
2026-01-19 14:26:43,601 [INFO] src.autoclave.devices.door: Bloqueo de puerta desactivado.
2026-01-19 14:26:43,602 [ERROR] src.autoclave.devices.door: Error: Presión de empaque insuficiente al cerrar.
2026-01-19 14:26:43,603 [INFO] __main__: Puerta Puerta 2: CERRANDO -> ERROR
2026-01-19 14:26:43,603 [ERROR] __main__: ¡Error en puerta Puerta 2!
2026-01-19 14:26:45,405 [WARNING] src.autoclave.devices.door: Recuperación de error: Estado inconsistente, iniciando cierre.
2026-01-19 14:26:45,406 [INFO] __main__: Puerta Puerta 2: ERROR -> CERRANDO
2026-01-19 14:26:45,407 [INFO] __main__: Puerta Puerta 2 cerrándose...
2026-01-19 14:26:46,909 [INFO] src.autoclave.devices.door: Bomba de vacio encendida.
2026-01-19 14:26:46,910 [INFO] src.autoclave.devices.door: Desbloqueo de puerta activado.
2026-01-19 14:26:46,911 [INFO] src.autoclave.devices.door: Iniciando cierre de puerta.
2026-01-19 14:26:46,911 [INFO] src.autoclave.devices.door: Actuador de cierre activado.
2026-01-19 14:26:46,912 [INFO] src.autoclave.devices.door: Actuador de cierre desactivado.
2026-01-19 14:26:46,913 [INFO] src.autoclave.devices.door: Desbloqueo de puerta desactivado.
2026-01-19 14:26:46,913 [INFO] src.autoclave.devices.door: Bomba de vacio apagada.
2026-01-19 14:26:46,915 [INFO] src.autoclave.devices.door: Bloqueo de puerta activado.
2026-01-19 14:26:46,916 [INFO] src.autoclave.devices.door: Bloqueo de puerta desactivado.
2026-01-19 14:26:46,916 [ERROR] src.autoclave.devices.door: Error: Presión de empaque insuficiente al cerrar.
2026-01-19 14:26:46,916 [INFO] __main__: Puerta Puerta 2: CERRANDO -> ERROR
2026-01-19 14:26:46,917 [ERROR] __main__: ¡Error en puerta Puerta 2!
2026-01-19 14:26:48,718 [WARNING] src.autoclave.devices.door: Recuperación de error: Estado inconsistente, iniciando cierre.
2026-01-19 14:26:48,719 [INFO] __main__: Puerta Puerta 2: ERROR -> CERRANDO
2026-01-19 14:26:48,720 [INFO] __main__: Puerta Puerta 2 cerrándose...
2026-01-19 14:26:50,222 [INFO] src.autoclave.devices.door: Bomba de vacio encendida.
2026-01-19 14:26:50,223 [INFO] src.autoclave.devices.door: Desbloqueo de puerta activado.
2026-01-19 14:26:50,224 [INFO] src.autoclave.devices.door: Iniciando cierre de puerta.
2026-01-19 14:26:50,225 [INFO] src.autoclave.devices.door: Actuador de cierre activado.
2026-01-19 14:26:50,226 [INFO] src.autoclave.devices.door: Actuador de cierre desactivado.
2026-01-19 14:26:50,226 [INFO] src.autoclave.devices.door: Desbloqueo de puerta desactivado.
2026-01-19 14:26:50,227 [INFO] src.autoclave.devices.door: Bomba de vacio apagada.
2026-01-19 14:26:50,228 [INFO] src.autoclave.devices.door: Bloqueo de puerta activado.
2026-01-19 14:26:50,229 [INFO] src.autoclave.devices.door: Bloqueo de puerta desactivado.
2026-01-19 14:26:50,229 [ERROR] src.autoclave.devices.door: Error: Presión de empaque insuficiente al cerrar.
2026-01-19 14:26:50,230 [INFO] __main__: Puerta Puerta 2: CERRANDO -> ERROR
2026-01-19 14:26:50,230 [ERROR] __main__: ¡Error en puerta Puerta 2!
2026-01-19 14:26:52,032 [WARNING] src.autoclave.devices.door: Recuperación de error: Estado inconsistente, iniciando cierre.
2026-01-19 14:26:52,033 [INFO] __main__: Puerta Puerta 2: ERROR -> CERRANDO
2026-01-19 14:26:52,034 [INFO] __main__: Puerta Puerta 2 cerrándose...
2026-01-19 14:26:53,537 [INFO] src.autoclave.devices.door: Bomba de vacio encendida.
2026-01-19 14:26:53,537 [INFO] src.autoclave.devices.door: Desbloqueo de puerta activado.
2026-01-19 14:26:53,538 [INFO] src.autoclave.devices.door: Iniciando cierre de puerta.
2026-01-19 14:26:53,539 [INFO] src.autoclave.devices.door: Actuador de cierre activado.
2026-01-19 14:26:53,540 [INFO] src.autoclave.devices.door: Actuador de cierre desactivado.
2026-01-19 14:26:53,540 [INFO] src.autoclave.devices.door: Desbloqueo de puerta desactivado.
2026-01-19 14:26:53,541 [INFO] src.autoclave.devices.door: Bomba de vacio apagada.
2026-01-19 14:26:53,542 [INFO] src.autoclave.devices.door: Bloqueo de puerta activado.
2026-01-19 14:26:53,543 [INFO] src.autoclave.devices.door: Bloqueo de puerta desactivado.
2026-01-19 14:26:53,545 [ERROR] src.autoclave.devices.door: Error: Presión de empaque insuficiente al cerrar.
2026-01-19 14:26:53,546 [INFO] __main__: Puerta Puerta 2: CERRANDO -> ERROR
2026-01-19 14:26:53,546 [ERROR] __main__: ¡Error en puerta Puerta 2!
2026-01-19 14:26:55,348 [WARNING] src.autoclave.devices.door: Recuperación de error: Estado inconsistente, iniciando cierre.
2026-01-19 14:26:55,348 [INFO] __main__: Puerta Puerta 2: ERROR -> CERRANDO
2026-01-19 14:26:55,349 [INFO] __main__: Puerta Puerta 2 cerrándose...
2026-01-19 14:26:56,851 [INFO] src.autoclave.devices.door: Bomba de vacio encendida.
2026-01-19 14:26:56,852 [INFO] src.autoclave.devices.door: Desbloqueo de puerta activado.
2026-01-19 14:26:56,853 [INFO] src.autoclave.devices.door: Iniciando cierre de puerta.
2026-01-19 14:26:56,854 [INFO] src.autoclave.devices.door: Actuador de cierre activado.
2026-01-19 14:26:56,855 [INFO] src.autoclave.devices.door: Actuador de cierre desactivado.
2026-01-19 14:26:56,856 [INFO] src.autoclave.devices.door: Desbloqueo de puerta desactivado.
2026-01-19 14:26:56,856 [INFO] src.autoclave.devices.door: Bomba de vacio apagada.
2026-01-19 14:26:56,857 [INFO] src.autoclave.devices.door: Bloqueo de puerta activado.
2026-01-19 14:26:56,858 [INFO] src.autoclave.devices.door: Bloqueo de puerta desactivado.
2026-01-19 14:26:56,859 [ERROR] src.autoclave.devices.door: Error: Presión de empaque insuficiente al cerrar.
2026-01-19 14:26:56,862 [INFO] __main__: Puerta Puerta 2: CERRANDO -> ERROR
2026-01-19 14:26:56,863 [ERROR] __main__: ¡Error en puerta Puerta 2!
2026-01-19 14:26:58,666 [WARNING] src.autoclave.devices.door: Recuperación de error: Estado inconsistente, iniciando cierre.
2026-01-19 14:26:58,666 [INFO] __main__: Puerta Puerta 2: ERROR -> CERRANDO
2026-01-19 14:26:58,667 [INFO] __main__: Puerta Puerta 2 cerrándose...
2026-01-19 14:27:00,169 [INFO] src.autoclave.devices.door: Bomba de vacio encendida.
2026-01-19 14:27:00,170 [INFO] src.autoclave.devices.door: Desbloqueo de puerta activado.
2026-01-19 14:27:00,172 [INFO] src.autoclave.devices.door: Iniciando cierre de puerta.
2026-01-19 14:27:00,172 [INFO] src.autoclave.devices.door: Actuador de cierre activado.
2026-01-19 14:27:00,173 [INFO] src.autoclave.devices.door: Actuador de cierre desactivado.
2026-01-19 14:27:00,173 [INFO] src.autoclave.devices.door: Desbloqueo de puerta desactivado.
2026-01-19 14:27:00,174 [INFO] src.autoclave.devices.door: Bomba de vacio apagada.
2026-01-19 14:27:00,175 [INFO] src.autoclave.devices.door: Bloqueo de puerta activado.
2026-01-19 14:27:00,177 [INFO] src.autoclave.devices.door: Bloqueo de puerta desactivado.
2026-01-19 14:27:00,177 [ERROR] src.autoclave.devices.door: Error: Presión de empaque insuficiente al cerrar.
2026-01-19 14:27:00,178 [INFO] __main__: Puerta Puerta 2: CERRANDO -> ERROR
2026-01-19 14:27:00,178 [ERROR] __main__: ¡Error en puerta Puerta 2!
2026-01-19 14:27:01,980 [WARNING] src.autoclave.devices.door: Recuperación de error: Estado inconsistente, iniciando cierre.
2026-01-19 14:27:01,981 [INFO] __main__: Puerta Puerta 2: ERROR -> CERRANDO
2026-01-19 14:27:01,982 [INFO] __main__: Puerta Puerta 2 cerrándose...
2026-01-19 14:27:03,484 [INFO] src.autoclave.devices.door: Bomba de vacio encendida.
2026-01-19 14:27:03,485 [INFO] src.autoclave.devices.door: Desbloqueo de puerta activado.
2026-01-19 14:27:03,486 [INFO] src.autoclave.devices.door: Iniciando cierre de puerta.
2026-01-19 14:27:03,487 [INFO] src.autoclave.devices.door: Actuador de cierre activado.
2026-01-19 14:27:03,488 [INFO] src.autoclave.devices.door: Actuador de cierre desactivado.
2026-01-19 14:27:03,489 [INFO] src.autoclave.devices.door: Desbloqueo de puerta desactivado.
2026-01-19 14:27:03,490 [INFO] src.autoclave.devices.door: Bomba de vacio apagada.
2026-01-19 14:27:03,490 [INFO] src.autoclave.devices.door: Bloqueo de puerta activado.
2026-01-19 14:27:03,492 [INFO] src.autoclave.devices.door: Bloqueo de puerta desactivado.
2026-01-19 14:27:03,493 [ERROR] src.autoclave.devices.door: Error: Presión de empaque insuficiente al cerrar.
2026-01-19 14:27:03,493 [INFO] __main__: Puerta Puerta 2: CERRANDO -> ERROR
2026-01-19 14:27:03,493 [ERROR] __main__: ¡Error en puerta Puerta 2!
2026-01-19 14:27:05,295 [WARNING] src.autoclave.devices.door: Recuperación de error: Estado inconsistente, iniciando cierre.
2026-01-19 14:27:05,297 [INFO] __main__: Puerta Puerta 2: ERROR -> CERRANDO
2026-01-19 14:27:05,298 [INFO] __main__: Puerta Puerta 2 cerrándose...
2026-01-19 14:27:06,799 [INFO] src.autoclave.devices.door: Bomba de vacio encendida.
2026-01-19 14:27:06,800 [INFO] src.autoclave.devices.door: Desbloqueo de puerta activado.
2026-01-19 14:27:06,801 [INFO] src.autoclave.devices.door: Iniciando cierre de puerta.
2026-01-19 14:27:06,801 [INFO] src.autoclave.devices.door: Actuador de cierre activado.
2026-01-19 14:27:06,802 [INFO] src.autoclave.devices.door: Actuador de cierre desactivado.
2026-01-19 14:27:06,802 [INFO] src.autoclave.devices.door: Desbloqueo de puerta desactivado.
2026-01-19 14:27:06,804 [INFO] src.autoclave.devices.door: Bomba de vacio apagada.
2026-01-19 14:27:06,805 [INFO] src.autoclave.devices.door: Bloqueo de puerta activado.
2026-01-19 14:27:06,806 [INFO] src.autoclave.devices.door: Bloqueo de puerta desactivado.
2026-01-19 14:27:06,807 [ERROR] src.autoclave.devices.door: Error: Presión de empaque insuficiente al cerrar.
2026-01-19 14:27:06,808 [INFO] __main__: Puerta Puerta 2: CERRANDO -> ERROR
2026-01-19 14:27:06,809 [ERROR] __main__: ¡Error en puerta Puerta 2!
2026-01-19 14:27:08,611 [WARNING] src.autoclave.devices.door: Recuperación de error: Estado inconsistente, iniciando cierre.
2026-01-19 14:27:08,613 [INFO] __main__: Puerta Puerta 2: ERROR -> CERRANDO
2026-01-19 14:27:08,614 [INFO] __main__: Puerta Puerta 2 cerrándose...
2026-01-19 14:27:10,116 [INFO] src.autoclave.devices.door: Bomba de vacio encendida.
2026-01-19 14:27:10,117 [INFO] src.autoclave.devices.door: Desbloqueo de puerta activado.
2026-01-19 14:27:10,117 [INFO] src.autoclave.devices.door: Iniciando cierre de puerta.
2026-01-19 14:27:10,118 [INFO] src.autoclave.devices.door: Actuador de cierre activado.
2026-01-19 14:27:10,119 [INFO] src.autoclave.devices.door: Actuador de cierre desactivado.
2026-01-19 14:27:10,120 [INFO] src.autoclave.devices.door: Desbloqueo de puerta desactivado.
2026-01-19 14:27:10,121 [INFO] src.autoclave.devices.door: Bomba de vacio apagada.
2026-01-19 14:27:10,121 [INFO] src.autoclave.devices.door: Bloqueo de puerta activado.
2026-01-19 14:27:10,123 [INFO] src.autoclave.devices.door: Bloqueo de puerta desactivado.
2026-01-19 14:27:10,123 [ERROR] src.autoclave.devices.door: Error: Presión de empaque insuficiente al cerrar.
2026-01-19 14:27:10,124 [INFO] __main__: Puerta Puerta 2: CERRANDO -> ERROR
2026-01-19 14:27:10,124 [ERROR] __main__: ¡Error en puerta Puerta 2!
2026-01-19 14:27:11,927 [WARNING] src.autoclave.devices.door: Recuperación de error: Estado inconsistente, iniciando cierre.
2026-01-19 14:27:11,928 [INFO] __main__: Puerta Puerta 2: ERROR -> CERRANDO
2026-01-19 14:27:11,929 [INFO] __main__: Puerta Puerta 2 cerrándose...
2026-01-19 14:27:13,431 [INFO] src.autoclave.devices.door: Bomba de vacio encendida.
2026-01-19 14:27:13,432 [INFO] src.autoclave.devices.door: Desbloqueo de puerta activado.
2026-01-19 14:27:13,432 [INFO] src.autoclave.devices.door: Iniciando cierre de puerta.
2026-01-19 14:27:13,433 [INFO] src.autoclave.devices.door: Actuador de cierre activado.
2026-01-19 14:27:13,433 [INFO] src.autoclave.devices.door: Actuador de cierre desactivado.
2026-01-19 14:27:13,434 [INFO] src.autoclave.devices.door: Desbloqueo de puerta desactivado.
2026-01-19 14:27:13,436 [INFO] src.autoclave.devices.door: Bomba de vacio apagada.
2026-01-19 14:27:13,436 [INFO] src.autoclave.devices.door: Bloqueo de puerta activado.
2026-01-19 14:27:13,438 [INFO] src.autoclave.devices.door: Bloqueo de puerta desactivado.
2026-01-19 14:27:13,438 [ERROR] src.autoclave.devices.door: Error: Presión de empaque insuficiente al cerrar.
2026-01-19 14:27:13,439 [INFO] __main__: Puerta Puerta 2: CERRANDO -> ERROR
2026-01-19 14:27:13,439 [ERROR] __main__: ¡Error en puerta Puerta 2!
2026-01-19 14:27:15,240 [WARNING] src.autoclave.devices.door: Recuperación de error: Estado inconsistente, iniciando cierre.
2026-01-19 14:27:15,243 [INFO] __main__: Puerta Puerta 2: ERROR -> CERRANDO
2026-01-19 14:27:15,245 [INFO] __main__: Puerta Puerta 2 cerrándose...
2026-01-19 14:27:16,748 [INFO] src.autoclave.devices.door: Bomba de vacio encendida.
2026-01-19 14:27:16,749 [INFO] src.autoclave.devices.door: Desbloqueo de puerta activado.
2026-01-19 14:27:16,750 [INFO] src.autoclave.devices.door: Iniciando cierre de puerta.
2026-01-19 14:27:16,751 [INFO] src.autoclave.devices.door: Actuador de cierre activado.
2026-01-19 14:27:16,752 [INFO] src.autoclave.devices.door: Actuador de cierre desactivado.
2026-01-19 14:27:16,753 [INFO] src.autoclave.devices.door: Desbloqueo de puerta desactivado.
2026-01-19 14:27:16,754 [INFO] src.autoclave.devices.door: Bomba de vacio apagada.
2026-01-19 14:27:16,755 [INFO] src.autoclave.devices.door: Bloqueo de puerta activado.
2026-01-19 14:27:16,755 [INFO] src.autoclave.devices.door: Bloqueo de puerta desactivado.
2026-01-19 14:27:16,756 [ERROR] src.autoclave.devices.door: Error: Presión de empaque insuficiente al cerrar.
2026-01-19 14:27:16,756 [INFO] __main__: Puerta Puerta 2: CERRANDO -> ERROR
2026-01-19 14:27:16,757 [ERROR] __main__: ¡Error en puerta Puerta 2!
2026-01-19 14:27:18,558 [WARNING] src.autoclave.devices.door: Recuperación de error: Estado inconsistente, iniciando cierre.
2026-01-19 14:27:18,559 [INFO] __main__: Puerta Puerta 2: ERROR -> CERRANDO
2026-01-19 14:27:18,560 [INFO] __main__: Puerta Puerta 2 cerrándose...
2026-01-19 14:27:20,062 [INFO] src.autoclave.devices.door: Bomba de vacio encendida.
2026-01-19 14:27:20,063 [INFO] src.autoclave.devices.door: Desbloqueo de puerta activado.
2026-01-19 14:27:20,064 [INFO] src.autoclave.devices.door: Iniciando cierre de puerta.
2026-01-19 14:27:20,064 [INFO] src.autoclave.devices.door: Actuador de cierre activado.
2026-01-19 14:27:20,065 [INFO] src.autoclave.devices.door: Actuador de cierre desactivado.
2026-01-19 14:27:20,065 [INFO] src.autoclave.devices.door: Desbloqueo de puerta desactivado.
2026-01-19 14:27:20,067 [INFO] src.autoclave.devices.door: Bomba de vacio apagada.
2026-01-19 14:27:20,074 [INFO] src.autoclave.devices.door: Bloqueo de puerta activado.
2026-01-19 14:27:20,075 [INFO] src.autoclave.devices.door: Bloqueo de puerta desactivado.
2026-01-19 14:27:20,076 [ERROR] src.autoclave.devices.door: Error: Presión de empaque insuficiente al cerrar.
2026-01-19 14:27:20,076 [INFO] __main__: Puerta Puerta 2: CERRANDO -> ERROR
2026-01-19 14:27:20,077 [ERROR] __main__: ¡Error en puerta Puerta 2!
2026-01-19 14:27:21,879 [WARNING] src.autoclave.devices.door: Recuperación de error: Estado inconsistente, iniciando cierre.
2026-01-19 14:27:21,879 [INFO] __main__: Puerta Puerta 2: ERROR -> CERRANDO
2026-01-19 14:27:21,880 [INFO] __main__: Puerta Puerta 2 cerrándose...
2026-01-19 14:27:23,382 [INFO] src.autoclave.devices.door: Bomba de vacio encendida.
2026-01-19 14:27:23,383 [INFO] src.autoclave.devices.door: Desbloqueo de puerta activado.
2026-01-19 14:27:23,383 [INFO] src.autoclave.devices.door: Iniciando cierre de puerta.
2026-01-19 14:27:23,384 [INFO] src.autoclave.devices.door: Actuador de cierre activado.
2026-01-19 14:27:23,385 [INFO] src.autoclave.devices.door: Actuador de cierre desactivado.
2026-01-19 14:27:23,385 [INFO] src.autoclave.devices.door: Desbloqueo de puerta desactivado.
2026-01-19 14:27:23,386 [INFO] src.autoclave.devices.door: Bomba de vacio apagada.
2026-01-19 14:27:23,387 [INFO] src.autoclave.devices.door: Bloqueo de puerta activado.
2026-01-19 14:27:23,388 [INFO] src.autoclave.devices.door: Bloqueo de puerta desactivado.
2026-01-19 14:27:23,389 [ERROR] src.autoclave.devices.door: Error: Presión de empaque insuficiente al cerrar.
2026-01-19 14:27:23,389 [INFO] __main__: Puerta Puerta 2: CERRANDO -> ERROR
2026-01-19 14:27:23,390 [ERROR] __main__: ¡Error en puerta Puerta 2!
2026-01-19 14:27:25,192 [WARNING] src.autoclave.devices.door: Recuperación de error: Estado inconsistente, iniciando cierre.
2026-01-19 14:27:25,192 [INFO] __main__: Puerta Puerta 2: ERROR -> CERRANDO
2026-01-19 14:27:25,193 [INFO] __main__: Puerta Puerta 2 cerrándose...
2026-01-19 14:27:26,695 [INFO] src.autoclave.devices.door: Bomba de vacio encendida.
2026-01-19 14:27:26,695 [INFO] src.autoclave.devices.door: Desbloqueo de puerta activado.
2026-01-19 14:27:26,696 [INFO] src.autoclave.devices.door: Iniciando cierre de puerta.
2026-01-19 14:27:26,696 [INFO] src.autoclave.devices.door: Actuador de cierre activado.
2026-01-19 14:27:26,697 [INFO] src.autoclave.devices.door: Actuador de cierre desactivado.
2026-01-19 14:27:26,698 [INFO] src.autoclave.devices.door: Desbloqueo de puerta desactivado.
2026-01-19 14:27:26,699 [INFO] src.autoclave.devices.door: Bomba de vacio apagada.
2026-01-19 14:27:26,700 [INFO] src.autoclave.devices.door: Bloqueo de puerta activado.
2026-01-19 14:27:26,701 [INFO] src.autoclave.devices.door: Bloqueo de puerta desactivado.
2026-01-19 14:27:26,701 [ERROR] src.autoclave.devices.door: Error: Presión de empaque insuficiente al cerrar.
2026-01-19 14:27:26,702 [INFO] __main__: Puerta Puerta 2: CERRANDO -> ERROR
2026-01-19 14:27:26,702 [ERROR] __main__: ¡Error en puerta Puerta 2!
2026-01-19 14:27:28,503 [WARNING] src.autoclave.devices.door: Recuperación de error: Estado inconsistente, iniciando cierre.
2026-01-19 14:27:28,504 [INFO] __main__: Puerta Puerta 2: ERROR -> CERRANDO
2026-01-19 14:27:28,505 [INFO] __main__: Puerta Puerta 2 cerrándose...
2026-01-19 14:27:30,007 [INFO] src.autoclave.devices.door: Bomba de vacio encendida.
2026-01-19 14:27:30,008 [INFO] src.autoclave.devices.door: Desbloqueo de puerta activado.
2026-01-19 14:27:30,009 [INFO] src.autoclave.devices.door: Iniciando cierre de puerta.
2026-01-19 14:27:30,010 [INFO] src.autoclave.devices.door: Actuador de cierre activado.
2026-01-19 14:27:30,011 [INFO] src.autoclave.devices.door: Actuador de cierre desactivado.
2026-01-19 14:27:30,012 [INFO] src.autoclave.devices.door: Desbloqueo de puerta desactivado.
2026-01-19 14:27:30,013 [INFO] src.autoclave.devices.door: Bomba de vacio apagada.
2026-01-19 14:27:30,013 [INFO] src.autoclave.devices.door: Bloqueo de puerta activado.
2026-01-19 14:27:30,014 [INFO] src.autoclave.devices.door: Bloqueo de puerta desactivado.
2026-01-19 14:27:30,015 [ERROR] src.autoclave.devices.door: Error: Presión de empaque insuficiente al cerrar.
2026-01-19 14:27:30,015 [INFO] __main__: Puerta Puerta 2: CERRANDO -> ERROR
2026-01-19 14:27:30,015 [ERROR] __main__: ¡Error en puerta Puerta 2!
2026-01-19 14:27:31,817 [WARNING] src.autoclave.devices.door: Recuperación de error: Estado inconsistente, iniciando cierre.
2026-01-19 14:27:31,818 [INFO] __main__: Puerta Puerta 2: ERROR -> CERRANDO
2026-01-19 14:27:31,818 [INFO] __main__: Puerta Puerta 2 cerrándose...
2026-01-19 14:27:33,320 [INFO] src.autoclave.devices.door: Bomba de vacio encendida.
2026-01-19 14:27:33,321 [INFO] src.autoclave.devices.door: Desbloqueo de puerta activado.
2026-01-19 14:27:33,322 [INFO] src.autoclave.devices.door: Iniciando cierre de puerta.
2026-01-19 14:27:33,322 [INFO] src.autoclave.devices.door: Actuador de cierre activado.
2026-01-19 14:27:33,323 [INFO] src.autoclave.devices.door: Actuador de cierre desactivado.
2026-01-19 14:27:33,324 [INFO] src.autoclave.devices.door: Desbloqueo de puerta desactivado.
2026-01-19 14:27:33,327 [INFO] src.autoclave.devices.door: Bomba de vacio apagada.
2026-01-19 14:27:33,331 [INFO] src.autoclave.devices.door: Bloqueo de puerta activado.
2026-01-19 14:27:33,335 [INFO] src.autoclave.devices.door: Bloqueo de puerta desactivado.
2026-01-19 14:27:33,336 [ERROR] src.autoclave.devices.door: Error: Presión de empaque insuficiente al cerrar.
2026-01-19 14:27:33,337 [INFO] __main__: Puerta Puerta 2: CERRANDO -> ERROR
2026-01-19 14:27:33,337 [ERROR] __main__: ¡Error en puerta Puerta 2!
2026-01-19 14:27:35,139 [WARNING] src.autoclave.devices.door: Recuperación de error: Estado inconsistente, iniciando cierre.
2026-01-19 14:27:35,140 [INFO] __main__: Puerta Puerta 2: ERROR -> CERRANDO
2026-01-19 14:27:35,141 [INFO] __main__: Puerta Puerta 2 cerrándose...
2026-01-19 14:27:36,643 [INFO] src.autoclave.devices.door: Bomba de vacio encendida.
2026-01-19 14:27:36,644 [INFO] src.autoclave.devices.door: Desbloqueo de puerta activado.
2026-01-19 14:27:36,645 [INFO] src.autoclave.devices.door: Iniciando cierre de puerta.
2026-01-19 14:27:36,646 [INFO] src.autoclave.devices.door: Actuador de cierre activado.
2026-01-19 14:27:36,647 [INFO] src.autoclave.devices.door: Actuador de cierre desactivado.
2026-01-19 14:27:36,647 [INFO] src.autoclave.devices.door: Desbloqueo de puerta desactivado.
2026-01-19 14:27:36,648 [INFO] src.autoclave.devices.door: Bomba de vacio apagada.
2026-01-19 14:27:36,649 [INFO] src.autoclave.devices.door: Bloqueo de puerta activado.
2026-01-19 14:27:36,650 [INFO] src.autoclave.devices.door: Bloqueo de puerta desactivado.
2026-01-19 14:27:36,652 [ERROR] src.autoclave.devices.door: Error: Presión de empaque insuficiente al cerrar.
2026-01-19 14:27:36,652 [INFO] __main__: Puerta Puerta 2: CERRANDO -> ERROR
2026-01-19 14:27:36,653 [ERROR] __main__: ¡Error en puerta Puerta 2!
2026-01-19 14:27:38,455 [WARNING] src.autoclave.devices.door: Recuperación de error: Estado inconsistente, iniciando cierre.
2026-01-19 14:27:38,457 [INFO] __main__: Puerta Puerta 2: ERROR -> CERRANDO
2026-01-19 14:27:38,458 [INFO] __main__: Puerta Puerta 2 cerrándose...
2026-01-19 14:27:39,960 [INFO] src.autoclave.devices.door: Bomba de vacio encendida.
2026-01-19 14:27:39,961 [INFO] src.autoclave.devices.door: Desbloqueo de puerta activado.
2026-01-19 14:27:39,962 [INFO] src.autoclave.devices.door: Iniciando cierre de puerta.
2026-01-19 14:27:39,963 [INFO] src.autoclave.devices.door: Actuador de cierre activado.
2026-01-19 14:27:39,964 [INFO] src.autoclave.devices.door: Actuador de cierre desactivado.
2026-01-19 14:27:39,964 [INFO] src.autoclave.devices.door: Desbloqueo de puerta desactivado.
2026-01-19 14:27:39,965 [INFO] src.autoclave.devices.door: Bomba de vacio apagada.
2026-01-19 14:27:39,966 [INFO] src.autoclave.devices.door: Bloqueo de puerta activado.
2026-01-19 14:27:39,967 [INFO] src.autoclave.devices.door: Bloqueo de puerta desactivado.
2026-01-19 14:27:39,968 [ERROR] src.autoclave.devices.door: Error: Presión de empaque insuficiente al cerrar.
2026-01-19 14:27:39,969 [INFO] __main__: Puerta Puerta 2: CERRANDO -> ERROR
2026-01-19 14:27:39,969 [ERROR] __main__: ¡Error en puerta Puerta 2!
2026-01-19 14:27:41,771 [WARNING] src.autoclave.devices.door: Recuperación de error: Estado inconsistente, iniciando cierre.
2026-01-19 14:27:41,773 [INFO] __main__: Puerta Puerta 2: ERROR -> CERRANDO
2026-01-19 14:27:41,773 [INFO] __main__: Puerta Puerta 2 cerrándose...
2026-01-19 14:27:43,276 [INFO] src.autoclave.devices.door: Bomba de vacio encendida.
2026-01-19 14:27:43,279 [INFO] src.autoclave.devices.door: Desbloqueo de puerta activado.
2026-01-19 14:27:43,279 [INFO] src.autoclave.devices.door: Iniciando cierre de puerta.
2026-01-19 14:27:43,280 [INFO] src.autoclave.devices.door: Actuador de cierre activado.
2026-01-19 14:27:43,281 [INFO] src.autoclave.devices.door: Actuador de cierre desactivado.
2026-01-19 14:27:43,282 [INFO] src.autoclave.devices.door: Desbloqueo de puerta desactivado.
2026-01-19 14:27:43,283 [INFO] src.autoclave.devices.door: Bomba de vacio apagada.
2026-01-19 14:27:43,286 [INFO] src.autoclave.devices.door: Bloqueo de puerta activado.
2026-01-19 14:27:43,288 [INFO] src.autoclave.devices.door: Bloqueo de puerta desactivado.
2026-01-19 14:27:43,288 [ERROR] src.autoclave.devices.door: Error: Presión de empaque insuficiente al cerrar.
2026-01-19 14:27:43,289 [INFO] __main__: Puerta Puerta 2: CERRANDO -> ERROR
2026-01-19 14:27:43,289 [ERROR] __main__: ¡Error en puerta Puerta 2!
2026-01-19 14:27:45,090 [WARNING] src.autoclave.devices.door: Recuperación de error: Estado inconsistente, iniciando cierre.
2026-01-19 14:27:45,091 [INFO] __main__: Puerta Puerta 2: ERROR -> CERRANDO
2026-01-19 14:27:45,091 [INFO] __main__: Puerta Puerta 2 cerrándose...
2026-01-19 14:27:46,593 [INFO] src.autoclave.devices.door: Bomba de vacio encendida.
2026-01-19 14:27:46,594 [INFO] src.autoclave.devices.door: Desbloqueo de puerta activado.
2026-01-19 14:27:46,595 [INFO] src.autoclave.devices.door: Iniciando cierre de puerta.
2026-01-19 14:27:46,595 [INFO] src.autoclave.devices.door: Actuador de cierre desactivado.
2026-01-19 14:27:46,596 [INFO] src.autoclave.devices.door: Desbloqueo de puerta desactivado.
2026-01-19 14:27:46,597 [INFO] src.autoclave.devices.door: Bomba de vacio apagada.
2026-01-19 14:27:46,598 [INFO] src.autoclave.devices.door: Bloqueo de puerta activado.
2026-01-19 14:27:46,599 [INFO] src.autoclave.devices.door: Bloqueo de puerta desactivado.
2026-01-19 14:27:46,599 [ERROR] src.autoclave.devices.door: Error: Presión de empaque insuficiente al cerrar.
2026-01-19 14:27:46,600 [INFO] __main__: Puerta Puerta 2: CERRANDO -> ERROR
2026-01-19 14:27:46,602 [ERROR] __main__: ¡Error en puerta Puerta 2!
2026-01-19 14:27:48,404 [WARNING] src.autoclave.devices.door: Recuperación de error: Estado inconsistente, iniciando cierre.
2026-01-19 14:27:48,405 [INFO] __main__: Puerta Puerta 2: ERROR -> CERRANDO
2026-01-19 14:27:48,406 [INFO] __main__: Puerta Puerta 2 cerrándose...
2026-01-19 14:27:49,908 [INFO] src.autoclave.devices.door: Bomba de vacio encendida.
2026-01-19 14:27:49,910 [INFO] src.autoclave.devices.door: Desbloqueo de puerta activado.
2026-01-19 14:27:49,912 [INFO] src.autoclave.devices.door: Iniciando cierre de puerta.
2026-01-19 14:27:49,913 [INFO] src.autoclave.devices.door: Actuador de cierre desactivado.
2026-01-19 14:27:49,914 [INFO] src.autoclave.devices.door: Desbloqueo de puerta desactivado.
2026-01-19 14:27:49,915 [INFO] src.autoclave.devices.door: Bomba de vacio apagada.
2026-01-19 14:27:49,917 [INFO] src.autoclave.devices.door: Bloqueo de puerta activado.
2026-01-19 14:27:49,917 [INFO] src.autoclave.devices.door: Bloqueo de puerta desactivado.
2026-01-19 14:27:49,918 [ERROR] src.autoclave.devices.door: Error: Presión de empaque insuficiente al cerrar.
2026-01-19 14:27:49,919 [INFO] __main__: Puerta Puerta 2: CERRANDO -> ERROR
2026-01-19 14:27:49,920 [ERROR] __main__: ¡Error en puerta Puerta 2!
2026-01-19 14:27:51,722 [WARNING] src.autoclave.devices.door: Recuperación de error: Estado inconsistente, iniciando cierre.
2026-01-19 14:27:51,723 [INFO] __main__: Puerta Puerta 2: ERROR -> CERRANDO
2026-01-19 14:27:51,724 [INFO] __main__: Puerta Puerta 2 cerrándose...
2026-01-19 14:27:53,226 [INFO] src.autoclave.devices.door: Bomba de vacio encendida.
2026-01-19 14:27:53,227 [INFO] src.autoclave.devices.door: Desbloqueo de puerta activado.
2026-01-19 14:27:53,227 [INFO] src.autoclave.devices.door: Iniciando cierre de puerta.
2026-01-19 14:27:53,228 [INFO] src.autoclave.devices.door: Actuador de cierre desactivado.
2026-01-19 14:27:53,229 [INFO] src.autoclave.devices.door: Desbloqueo de puerta desactivado.
2026-01-19 14:27:53,230 [INFO] src.autoclave.devices.door: Bomba de vacio apagada.
2026-01-19 14:27:53,231 [INFO] src.autoclave.devices.door: Bloqueo de puerta activado.
2026-01-19 14:27:53,232 [INFO] src.autoclave.devices.door: Bloqueo de puerta desactivado.
2026-01-19 14:27:53,233 [INFO] src.autoclave.devices.door: Puerta cerrada correctamente.
2026-01-19 14:27:53,234 [INFO] __main__: Puerta Puerta 2: CERRANDO -> CERRADO
2026-01-19 14:27:53,234 [INFO] __main__: Puerta Puerta 2 cerrada.
2026-01-19 14:29:08,599 [INFO] __main__: Comando de cierre de puerta enviado.
2026-01-19 14:29:09,784 [INFO] src.autoclave.devices.door: Bomba de vacio encendida.
2026-01-19 14:29:09,785 [INFO] src.autoclave.devices.door: Desbloqueo de puerta activado.
2026-01-19 14:29:09,785 [INFO] src.autoclave.devices.door: Iniciando cierre de puerta.
2026-01-19 14:29:09,785 [INFO] src.autoclave.devices.door: Actuador de cierre activado.
2026-01-19 14:29:09,786 [INFO] __main__: Puerta Puerta 1: ABIERTO -> CERRANDO
2026-01-19 14:29:09,786 [INFO] __main__: Puerta Puerta 1 cerrándose...
2026-01-19 14:29:11,288 [INFO] src.autoclave.devices.door: Actuador de cierre activado.
2026-01-19 14:29:12,789 [INFO] src.autoclave.devices.door: Actuador de cierre activado.
2026-01-19 14:29:14,291 [INFO] src.autoclave.devices.door: Actuador de cierre activado.
2026-01-19 14:29:15,793 [INFO] src.autoclave.devices.door: Actuador de cierre activado.
2026-01-19 14:29:17,295 [INFO] src.autoclave.devices.door: Actuador de cierre activado.
2026-01-19 14:29:17,296 [INFO] src.autoclave.devices.door: Actuador de cierre desactivado.
2026-01-19 14:29:17,296 [INFO] src.autoclave.devices.door: Desbloqueo de puerta desactivado.
2026-01-19 14:29:17,297 [INFO] src.autoclave.devices.door: Bomba de vacio apagada.
2026-01-19 14:29:17,298 [INFO] src.autoclave.devices.door: Bloqueo de puerta activado.
2026-01-19 14:29:17,299 [INFO] src.autoclave.devices.door: Bloqueo de puerta desactivado.
2026-01-19 14:29:17,300 [ERROR] src.autoclave.devices.door: Error: Presión de empaque insuficiente al cerrar.
2026-01-19 14:29:17,300 [INFO] __main__: Puerta Puerta 1: CERRANDO -> ERROR
2026-01-19 14:29:17,300 [ERROR] __main__: ¡Error en puerta Puerta 1!
2026-01-19 14:29:19,102 [WARNING] src.autoclave.devices.door: Recuperación de error: Estado inconsistente, iniciando cierre.
2026-01-19 14:29:19,102 [INFO] __main__: Puerta Puerta 1: ERROR -> CERRANDO
2026-01-19 14:29:19,103 [INFO] __main__: Puerta Puerta 1 cerrándose...
2026-01-19 14:29:20,605 [INFO] src.autoclave.devices.door: Bomba de vacio encendida.
2026-01-19 14:29:20,606 [INFO] src.autoclave.devices.door: Desbloqueo de puerta activado.
2026-01-19 14:29:20,607 [INFO] src.autoclave.devices.door: Iniciando cierre de puerta.
2026-01-19 14:29:20,608 [INFO] src.autoclave.devices.door: Actuador de cierre activado.
2026-01-19 14:29:20,609 [INFO] src.autoclave.devices.door: Actuador de cierre desactivado.
2026-01-19 14:29:20,609 [INFO] src.autoclave.devices.door: Desbloqueo de puerta desactivado.
2026-01-19 14:29:20,610 [INFO] src.autoclave.devices.door: Bomba de vacio apagada.
2026-01-19 14:29:20,613 [INFO] src.autoclave.devices.door: Bloqueo de puerta activado.
2026-01-19 14:29:20,614 [INFO] src.autoclave.devices.door: Bloqueo de puerta desactivado.
2026-01-19 14:29:20,615 [ERROR] src.autoclave.devices.door: Error: Presión de empaque insuficiente al cerrar.
2026-01-19 14:29:20,615 [INFO] __main__: Puerta Puerta 1: CERRANDO -> ERROR
2026-01-19 14:29:20,615 [ERROR] __main__: ¡Error en puerta Puerta 1!
2026-01-19 14:29:22,420 [WARNING] src.autoclave.devices.door: Recuperación de error: Estado inconsistente, iniciando cierre.
2026-01-19 14:29:22,420 [INFO] __main__: Puerta Puerta 1: ERROR -> CERRANDO
2026-01-19 14:29:22,421 [INFO] __main__: Puerta Puerta 1 cerrándose...
2026-01-19 14:29:23,923 [INFO] src.autoclave.devices.door: Bomba de vacio encendida.
2026-01-19 14:29:23,924 [INFO] src.autoclave.devices.door: Desbloqueo de puerta activado.
2026-01-19 14:29:23,925 [INFO] src.autoclave.devices.door: Iniciando cierre de puerta.
2026-01-19 14:29:23,926 [INFO] src.autoclave.devices.door: Actuador de cierre activado.
2026-01-19 14:29:23,926 [INFO] src.autoclave.devices.door: Actuador de cierre desactivado.
2026-01-19 14:29:23,927 [INFO] src.autoclave.devices.door: Desbloqueo de puerta desactivado.
2026-01-19 14:29:23,928 [INFO] src.autoclave.devices.door: Bomba de vacio apagada.
2026-01-19 14:29:23,929 [INFO] src.autoclave.devices.door: Bloqueo de puerta activado.
2026-01-19 14:29:23,930 [INFO] src.autoclave.devices.door: Bloqueo de puerta desactivado.
2026-01-19 14:29:23,931 [ERROR] src.autoclave.devices.door: Error: Presión de empaque insuficiente al cerrar.
2026-01-19 14:29:23,931 [INFO] __main__: Puerta Puerta 1: CERRANDO -> ERROR
2026-01-19 14:29:23,932 [ERROR] __main__: ¡Error en puerta Puerta 1!
2026-01-19 14:29:25,733 [WARNING] src.autoclave.devices.door: Recuperación de error: Estado inconsistente, iniciando cierre.
2026-01-19 14:29:25,735 [INFO] __main__: Puerta Puerta 1: ERROR -> CERRANDO
2026-01-19 14:29:25,736 [INFO] __main__: Puerta Puerta 1 cerrándose...
2026-01-19 14:29:27,240 [INFO] src.autoclave.devices.door: Bomba de vacio encendida.
2026-01-19 14:29:27,241 [INFO] src.autoclave.devices.door: Desbloqueo de puerta activado.
2026-01-19 14:29:27,242 [INFO] src.autoclave.devices.door: Iniciando cierre de puerta.
2026-01-19 14:29:27,244 [INFO] src.autoclave.devices.door: Actuador de cierre activado.
2026-01-19 14:29:27,246 [INFO] src.autoclave.devices.door: Actuador de cierre desactivado.
2026-01-19 14:29:27,247 [INFO] src.autoclave.devices.door: Desbloqueo de puerta desactivado.
2026-01-19 14:29:27,249 [INFO] src.autoclave.devices.door: Bomba de vacio apagada.
2026-01-19 14:29:27,250 [INFO] src.autoclave.devices.door: Bloqueo de puerta activado.
2026-01-19 14:29:27,251 [INFO] src.autoclave.devices.door: Bloqueo de puerta desactivado.
2026-01-19 14:29:27,252 [ERROR] src.autoclave.devices.door: Error: Presión de empaque insuficiente al cerrar.
2026-01-19 14:29:27,253 [INFO] __main__: Puerta Puerta 1: CERRANDO -> ERROR
2026-01-19 14:29:27,254 [ERROR] __main__: ¡Error en puerta Puerta 1!
2026-01-19 14:29:29,058 [WARNING] src.autoclave.devices.door: Recuperación de error: Estado inconsistente, iniciando cierre.
2026-01-19 14:29:29,058 [INFO] __main__: Puerta Puerta 1: ERROR -> CERRANDO
2026-01-19 14:29:29,059 [INFO] __main__: Puerta Puerta 1 cerrándose...
2026-01-19 14:29:30,561 [INFO] src.autoclave.devices.door: Bomba de vacio encendida.
2026-01-19 14:29:30,562 [INFO] src.autoclave.devices.door: Desbloqueo de puerta activado.
2026-01-19 14:29:30,563 [INFO] src.autoclave.devices.door: Iniciando cierre de puerta.
2026-01-19 14:29:30,564 [INFO] src.autoclave.devices.door: Actuador de cierre activado.
2026-01-19 14:29:30,565 [INFO] src.autoclave.devices.door: Actuador de cierre desactivado.
2026-01-19 14:29:30,566 [INFO] src.autoclave.devices.door: Desbloqueo de puerta desactivado.
2026-01-19 14:29:30,567 [INFO] src.autoclave.devices.door: Bomba de vacio apagada.
2026-01-19 14:29:30,568 [INFO] src.autoclave.devices.door: Bloqueo de puerta activado.
2026-01-19 14:29:30,570 [INFO] src.autoclave.devices.door: Bloqueo de puerta desactivado.
2026-01-19 14:29:30,570 [ERROR] src.autoclave.devices.door: Error: Presión de empaque insuficiente al cerrar.
2026-01-19 14:29:30,571 [INFO] __main__: Puerta Puerta 1: CERRANDO -> ERROR
2026-01-19 14:29:30,571 [ERROR] __main__: ¡Error en puerta Puerta 1!
2026-01-19 14:29:32,374 [WARNING] src.autoclave.devices.door: Recuperación de error: Estado inconsistente, iniciando cierre.
2026-01-19 14:29:32,375 [INFO] __main__: Puerta Puerta 1: ERROR -> CERRANDO
2026-01-19 14:29:32,375 [INFO] __main__: Puerta Puerta 1 cerrándose...
2026-01-19 14:29:33,877 [INFO] src.autoclave.devices.door: Bomba de vacio encendida.
2026-01-19 14:29:33,880 [INFO] src.autoclave.devices.door: Desbloqueo de puerta activado.
2026-01-19 14:29:33,880 [INFO] src.autoclave.devices.door: Iniciando cierre de puerta.
2026-01-19 14:29:33,881 [INFO] src.autoclave.devices.door: Actuador de cierre activado.
2026-01-19 14:29:33,881 [INFO] src.autoclave.devices.door: Actuador de cierre desactivado.
2026-01-19 14:29:33,882 [INFO] src.autoclave.devices.door: Desbloqueo de puerta desactivado.
2026-01-19 14:29:33,883 [INFO] src.autoclave.devices.door: Bomba de vacio apagada.
2026-01-19 14:29:33,884 [INFO] src.autoclave.devices.door: Bloqueo de puerta activado.
2026-01-19 14:29:33,886 [INFO] src.autoclave.devices.door: Bloqueo de puerta desactivado.
2026-01-19 14:29:33,886 [ERROR] src.autoclave.devices.door: Error: Presión de empaque insuficiente al cerrar.
2026-01-19 14:29:33,887 [INFO] __main__: Puerta Puerta 1: CERRANDO -> ERROR
2026-01-19 14:29:33,888 [ERROR] __main__: ¡Error en puerta Puerta 1!
2026-01-19 14:29:35,694 [WARNING] src.autoclave.devices.door: Recuperación de error: Estado inconsistente, iniciando cierre.
2026-01-19 14:29:35,695 [INFO] __main__: Puerta Puerta 1: ERROR -> CERRANDO
2026-01-19 14:29:35,696 [INFO] __main__: Puerta Puerta 1 cerrándose...
2026-01-19 14:29:37,197 [INFO] src.autoclave.devices.door: Bomba de vacio encendida.
2026-01-19 14:29:37,198 [INFO] src.autoclave.devices.door: Desbloqueo de puerta activado.
2026-01-19 14:29:37,199 [INFO] src.autoclave.devices.door: Iniciando cierre de puerta.
2026-01-19 14:29:37,199 [INFO] src.autoclave.devices.door: Actuador de cierre activado.
2026-01-19 14:29:37,200 [INFO] src.autoclave.devices.door: Actuador de cierre desactivado.
2026-01-19 14:29:37,200 [INFO] src.autoclave.devices.door: Desbloqueo de puerta desactivado.
2026-01-19 14:29:37,202 [INFO] src.autoclave.devices.door: Bomba de vacio apagada.
2026-01-19 14:29:37,203 [INFO] src.autoclave.devices.door: Bloqueo de puerta activado.
2026-01-19 14:29:37,204 [INFO] src.autoclave.devices.door: Bloqueo de puerta desactivado.
2026-01-19 14:29:37,205 [ERROR] src.autoclave.devices.door: Error: Presión de empaque insuficiente al cerrar.
2026-01-19 14:29:37,205 [INFO] __main__: Puerta Puerta 1: CERRANDO -> ERROR
2026-01-19 14:29:37,206 [ERROR] __main__: ¡Error en puerta Puerta 1!
2026-01-19 14:29:39,009 [WARNING] src.autoclave.devices.door: Recuperación de error: Estado inconsistente, iniciando cierre.
2026-01-19 14:29:39,010 [INFO] __main__: Puerta Puerta 1: ERROR -> CERRANDO
2026-01-19 14:29:39,011 [INFO] __main__: Puerta Puerta 1 cerrándose...
2026-01-19 14:29:40,515 [INFO] src.autoclave.devices.door: Bomba de vacio encendida.
2026-01-19 14:29:40,516 [INFO] src.autoclave.devices.door: Desbloqueo de puerta activado.
2026-01-19 14:29:40,517 [INFO] src.autoclave.devices.door: Iniciando cierre de puerta.
2026-01-19 14:29:40,519 [INFO] src.autoclave.devices.door: Actuador de cierre activado.
2026-01-19 14:29:40,520 [INFO] src.autoclave.devices.door: Actuador de cierre desactivado.
2026-01-19 14:29:40,522 [INFO] src.autoclave.devices.door: Desbloqueo de puerta desactivado.
2026-01-19 14:29:40,523 [INFO] src.autoclave.devices.door: Bomba de vacio apagada.
2026-01-19 14:29:40,523 [INFO] src.autoclave.devices.door: Bloqueo de puerta activado.
2026-01-19 14:29:40,524 [INFO] src.autoclave.devices.door: Bloqueo de puerta desactivado.
2026-01-19 14:29:40,525 [ERROR] src.autoclave.devices.door: Error: Presión de empaque insuficiente al cerrar.
2026-01-19 14:29:40,526 [INFO] __main__: Puerta Puerta 1: CERRANDO -> ERROR
2026-01-19 14:29:40,527 [ERROR] __main__: ¡Error en puerta Puerta 1!
2026-01-19 14:29:42,331 [INFO] src.autoclave.devices.door: Recuperación de error: Estado detectado CERRADO.
2026-01-19 14:29:42,333 [INFO] __main__: Puerta Puerta 1: ERROR -> CERRADO
2026-01-19 14:29:42,334 [INFO] __main__: Puerta Puerta 1 cerrada.
2026-01-19 14:38:32,487 [INFO] sqlalchemy.engine.Engine: BEGIN (implicit)
2026-01-19 14:38:32,488 [INFO] sqlalchemy.engine.Engine: PRAGMA main.table_info("ac_puerto")
2026-01-19 14:38:32,488 [INFO] sqlalchemy.engine.Engine: [raw sql] ()
2026-01-19 14:38:32,489 [INFO] sqlalchemy.engine.Engine: PRAGMA main.table_info("ac_pantalla_control")
2026-01-19 14:38:32,489 [INFO] sqlalchemy.engine.Engine: [raw sql] ()
2026-01-19 14:38:32,490 [INFO] sqlalchemy.engine.Engine: PRAGMA main.table_info("proceso_control")
2026-01-19 14:38:32,490 [INFO] sqlalchemy.engine.Engine: [raw sql] ()
2026-01-19 14:38:32,491 [INFO] sqlalchemy.engine.Engine: PRAGMA main.table_info("proceso_fase")
2026-01-19 14:38:32,491 [INFO] sqlalchemy.engine.Engine: [raw sql] ()
2026-01-19 14:38:32,492 [INFO] sqlalchemy.engine.Engine: PRAGMA main.table_info("proceso_fase_parametro")
2026-01-19 14:38:32,492 [INFO] sqlalchemy.engine.Engine: [raw sql] ()
2026-01-19 14:38:32,493 [INFO] sqlalchemy.engine.Engine: COMMIT
2026-01-19 14:38:32,672 [INFO] __main__: Iniciando la aplicación Autoclave...
2026-01-19 14:38:32,681 [INFO] autoclave: Iniciando SerialLink...
2026-01-19 14:38:32,683 [INFO] autoclave: SerialLink id: 1616126780352
2026-01-19 14:38:32,801 [INFO] src.autoclave.services.control_loop: Iniciando el bucle de control...
2026-01-19 14:38:32,801 [INFO] autoclave: SerialLink id: 1616126780352
2026-01-19 14:38:32,802 [INFO] src.autoclave.services.control_loop: Esperando conexión con ESP32...
2026-01-19 14:38:32,807 [INFO] autoclave: connected: True
2026-01-19 14:38:32,807 [INFO] autoclave: Conectado a ESP32 en COM3
2026-01-19 14:38:33,003 [INFO] autoclave: SerialLink id: 1616126780352
2026-01-19 14:38:33,003 [INFO] autoclave: SerialLink id: 1616126780352
2026-01-19 14:38:33,004 [INFO] src.autoclave.services.control_loop: Conexión establecida. Iniciando actualización de puertas...
2026-01-19 14:38:34,305 [WARNING] src.autoclave.devices.door: Estado inicial inconsistente: Puerta cerrada pero presión de empaque baja, iniciando cierre.
2026-01-19 14:38:34,606 [WARNING] src.autoclave.devices.door: Estado inicial inconsistente: Puerta cerrada pero presión de empaque baja, iniciando cierre.
2026-01-19 14:38:36,108 [INFO] src.autoclave.devices.door: Bomba de vacio encendida.
2026-01-19 14:38:36,109 [INFO] src.autoclave.devices.door: Desbloqueo de puerta activado.
2026-01-19 14:38:36,110 [INFO] src.autoclave.devices.door: Iniciando cierre de puerta.
2026-01-19 14:38:36,110 [INFO] src.autoclave.devices.door: Actuador de cierre desactivado.
2026-01-19 14:38:36,111 [INFO] src.autoclave.devices.door: Desbloqueo de puerta desactivado.
2026-01-19 14:38:36,112 [INFO] src.autoclave.devices.door: Bomba de vacio apagada.
2026-01-19 14:38:36,113 [INFO] src.autoclave.devices.door: Bloqueo de puerta activado.
2026-01-19 14:38:36,114 [INFO] src.autoclave.devices.door: Bloqueo de puerta desactivado.
2026-01-19 14:38:36,114 [INFO] src.autoclave.devices.door: Puerta cerrada correctamente.
2026-01-19 14:38:36,115 [INFO] src.autoclave.devices.door: Bomba de vacio encendida.
2026-01-19 14:38:36,116 [INFO] src.autoclave.devices.door: Desbloqueo de puerta activado.
2026-01-19 14:38:36,116 [INFO] src.autoclave.devices.door: Iniciando cierre de puerta.
2026-01-19 14:38:36,117 [INFO] src.autoclave.devices.door: Actuador de cierre desactivado.
2026-01-19 14:38:36,118 [INFO] src.autoclave.devices.door: Desbloqueo de puerta desactivado.
2026-01-19 14:38:36,119 [INFO] src.autoclave.devices.door: Bomba de vacio apagada.
2026-01-19 14:38:36,120 [INFO] src.autoclave.devices.door: Bloqueo de puerta activado.
2026-01-19 14:38:36,121 [INFO] src.autoclave.devices.door: Bloqueo de puerta desactivado.
2026-01-19 14:38:36,122 [INFO] src.autoclave.devices.door: Puerta cerrada correctamente.
2026-01-19 14:38:36,122 [INFO] __main__: Puerta Puerta 1: CERRANDO -> CERRADO
2026-01-19 14:38:36,122 [INFO] __main__: Puerta Puerta 1 cerrada.
2026-01-19 14:38:36,123 [INFO] __main__: Puerta Puerta 2: CERRANDO -> CERRADO
2026-01-19 14:38:36,123 [INFO] __main__: Puerta Puerta 2 cerrada.
2026-01-19 14:51:51,514 [INFO] sqlalchemy.engine.Engine: BEGIN (implicit)
2026-01-19 14:51:51,516 [INFO] sqlalchemy.engine.Engine: PRAGMA main.table_info("ac_puerto")
2026-01-19 14:51:51,516 [INFO] sqlalchemy.engine.Engine: [raw sql] ()
2026-01-19 14:51:51,518 [INFO] sqlalchemy.engine.Engine: PRAGMA main.table_info("ac_pantalla_control")
2026-01-19 14:51:51,519 [INFO] sqlalchemy.engine.Engine: [raw sql] ()
2026-01-19 14:51:51,520 [INFO] sqlalchemy.engine.Engine: PRAGMA main.table_info("proceso_control")
2026-01-19 14:51:51,520 [INFO] sqlalchemy.engine.Engine: [raw sql] ()
2026-01-19 14:51:51,521 [INFO] sqlalchemy.engine.Engine: PRAGMA main.table_info("proceso_fase")
2026-01-19 14:51:51,522 [INFO] sqlalchemy.engine.Engine: [raw sql] ()
2026-01-19 14:51:51,523 [INFO] sqlalchemy.engine.Engine: PRAGMA main.table_info("proceso_fase_parametro")
2026-01-19 14:51:51,524 [INFO] sqlalchemy.engine.Engine: [raw sql] ()
2026-01-19 14:51:51,525 [INFO] sqlalchemy.engine.Engine: COMMIT
2026-01-19 14:51:51,863 [INFO] __main__: Iniciando la aplicación Autoclave...
2026-01-19 14:51:51,889 [INFO] autoclave: Iniciando SerialLink...
2026-01-19 14:51:51,892 [INFO] autoclave: SerialLink id: 2949083734304
2026-01-19 14:51:52,127 [INFO] src.autoclave.services.control_loop: Iniciando el bucle de control...
2026-01-19 14:51:52,128 [INFO] autoclave: SerialLink id: 2949083734304
2026-01-19 14:51:52,129 [INFO] src.autoclave.services.control_loop: Esperando conexión con ESP32...
2026-01-19 14:51:52,136 [INFO] autoclave: connected: True
2026-01-19 14:51:52,136 [INFO] autoclave: Conectado a ESP32 en COM3
2026-01-19 14:51:52,330 [INFO] autoclave: SerialLink id: 2949083734304
2026-01-19 14:51:52,331 [INFO] autoclave: SerialLink id: 2949083734304
2026-01-19 14:51:52,331 [INFO] src.autoclave.services.control_loop: Conexión establecida. Iniciando actualización de puertas...
2026-01-19 14:51:53,331 [ERROR] src.autoclave.devices.door: Error: Estado inicial de puerta inconsistente .
2026-01-19 14:51:53,332 [ERROR] src.autoclave.devices.door: Error: Estado inicial de puerta inconsistente .
2026-01-19 14:51:55,135 [INFO] src.autoclave.devices.door: Recuperación de error: Estado detectado CERRADO.
2026-01-19 14:51:55,436 [INFO] src.autoclave.devices.door: Recuperación de error: Estado detectado CERRADO.
2026-01-19 14:51:55,436 [INFO] __main__: Puerta Puerta 1: ERROR -> CERRADO
2026-01-19 14:51:55,437 [INFO] __main__: Puerta Puerta 1 cerrada.
2026-01-19 14:51:55,437 [INFO] __main__: Puerta Puerta 2: ERROR -> CERRADO
2026-01-19 14:51:55,437 [INFO] __main__: Puerta Puerta 2 cerrada.
2026-01-19 14:52:04,447 [ERROR] src.autoclave.devices.door: Error: Inconsistencia detectada, puerta no está cerrada.
2026-01-19 14:52:04,447 [INFO] __main__: Puerta Puerta 1: CERRADO -> ERROR
2026-01-19 14:52:04,448 [ERROR] __main__: ¡Error en puerta Puerta 1!
2026-01-19 14:52:05,950 [ERROR] src.autoclave.devices.door: Error persistente: Estado de puerta inconsistente.
2026-01-19 14:52:07,451 [ERROR] src.autoclave.devices.door: Error persistente: Estado de puerta inconsistente.
2026-01-19 14:52:08,954 [ERROR] src.autoclave.devices.door: Error persistente: Estado de puerta inconsistente.
2026-01-19 14:52:10,456 [ERROR] src.autoclave.devices.door: Error persistente: Estado de puerta inconsistente.
2026-01-19 14:52:12,260 [INFO] src.autoclave.devices.door: Recuperación de error: Estado detectado CERRADO.
2026-01-19 14:52:12,261 [INFO] __main__: Puerta Puerta 1: ERROR -> CERRADO
2026-01-19 14:52:12,261 [INFO] __main__: Puerta Puerta 1 cerrada.
2026-01-19 14:52:21,272 [ERROR] src.autoclave.devices.door: Error: Inconsistencia detectada, presión de empaque insuficiente.
2026-01-19 14:52:21,275 [INFO] __main__: Puerta Puerta 1: CERRADO -> ERROR
2026-01-19 14:52:21,276 [ERROR] __main__: ¡Error en puerta Puerta 1!
2026-01-19 14:52:23,079 [WARNING] src.autoclave.devices.door: Recuperación de error: Estado inconsistente, iniciando cierre.
2026-01-19 14:52:23,080 [INFO] __main__: Puerta Puerta 1: ERROR -> CERRANDO
2026-01-19 14:52:23,081 [INFO] __main__: Puerta Puerta 1 cerrándose...
2026-01-19 14:52:24,583 [INFO] src.autoclave.devices.door: Bomba de vacio encendida.
2026-01-19 14:52:24,584 [INFO] src.autoclave.devices.door: Desbloqueo de puerta activado.
2026-01-19 14:52:24,585 [INFO] src.autoclave.devices.door: Iniciando cierre de puerta.
2026-01-19 14:52:24,585 [INFO] src.autoclave.devices.door: Actuador de cierre activado.
2026-01-19 14:52:24,586 [INFO] src.autoclave.devices.door: Actuador de cierre desactivado.
2026-01-19 14:52:24,587 [INFO] src.autoclave.devices.door: Desbloqueo de puerta desactivado.
2026-01-19 14:52:24,588 [INFO] src.autoclave.devices.door: Bomba de vacio apagada.
2026-01-19 14:52:24,589 [INFO] src.autoclave.devices.door: Bloqueo de puerta activado.
2026-01-19 14:52:24,590 [INFO] src.autoclave.devices.door: Bloqueo de puerta desactivado.
2026-01-19 14:52:24,591 [ERROR] src.autoclave.devices.door: Error: Presión de empaque insuficiente al cerrar.
2026-01-19 14:52:24,592 [INFO] __main__: Puerta Puerta 1: CERRANDO -> ERROR
2026-01-19 14:52:24,592 [ERROR] __main__: ¡Error en puerta Puerta 1!
2026-01-19 14:52:26,394 [WARNING] src.autoclave.devices.door: Recuperación de error: Estado inconsistente, iniciando cierre.
2026-01-19 14:52:26,396 [INFO] __main__: Puerta Puerta 1: ERROR -> CERRANDO
2026-01-19 14:52:26,397 [INFO] __main__: Puerta Puerta 1 cerrándose...
2026-01-19 14:52:27,898 [INFO] src.autoclave.devices.door: Bomba de vacio encendida.
2026-01-19 14:52:27,899 [INFO] src.autoclave.devices.door: Desbloqueo de puerta activado.
2026-01-19 14:52:27,900 [INFO] src.autoclave.devices.door: Iniciando cierre de puerta.
2026-01-19 14:52:27,901 [INFO] src.autoclave.devices.door: Actuador de cierre activado.
2026-01-19 14:52:27,902 [INFO] src.autoclave.devices.door: Actuador de cierre desactivado.
2026-01-19 14:52:27,903 [INFO] src.autoclave.devices.door: Desbloqueo de puerta desactivado.
2026-01-19 14:52:27,903 [INFO] src.autoclave.devices.door: Bomba de vacio apagada.
2026-01-19 14:52:27,904 [INFO] src.autoclave.devices.door: Bloqueo de puerta activado.
2026-01-19 14:52:27,905 [INFO] src.autoclave.devices.door: Bloqueo de puerta desactivado.
2026-01-19 14:52:27,905 [ERROR] src.autoclave.devices.door: Error: Presión de empaque insuficiente al cerrar.
2026-01-19 14:52:27,906 [INFO] __main__: Puerta Puerta 1: CERRANDO -> ERROR
2026-01-19 14:52:27,906 [ERROR] __main__: ¡Error en puerta Puerta 1!
2026-01-19 14:52:29,709 [WARNING] src.autoclave.devices.door: Recuperación de error: Estado inconsistente, iniciando cierre.
2026-01-19 14:52:29,711 [INFO] __main__: Puerta Puerta 1: ERROR -> CERRANDO
2026-01-19 14:52:29,713 [INFO] __main__: Puerta Puerta 1 cerrándose...
2026-01-19 14:52:31,215 [INFO] src.autoclave.devices.door: Bomba de vacio encendida.
2026-01-19 14:52:31,216 [INFO] src.autoclave.devices.door: Desbloqueo de puerta activado.
2026-01-19 14:52:31,216 [INFO] src.autoclave.devices.door: Iniciando cierre de puerta.
2026-01-19 14:52:31,217 [INFO] src.autoclave.devices.door: Actuador de cierre activado.
2026-01-19 14:52:31,218 [INFO] src.autoclave.devices.door: Actuador de cierre desactivado.
2026-01-19 14:52:31,219 [INFO] src.autoclave.devices.door: Desbloqueo de puerta desactivado.
2026-01-19 14:52:31,220 [INFO] src.autoclave.devices.door: Bomba de vacio apagada.
2026-01-19 14:52:31,220 [INFO] src.autoclave.devices.door: Bloqueo de puerta activado.
2026-01-19 14:52:31,222 [INFO] src.autoclave.devices.door: Bloqueo de puerta desactivado.
2026-01-19 14:52:31,222 [ERROR] src.autoclave.devices.door: Error: Presión de empaque insuficiente al cerrar.
2026-01-19 14:52:31,222 [INFO] __main__: Puerta Puerta 1: CERRANDO -> ERROR
2026-01-19 14:52:31,223 [ERROR] __main__: ¡Error en puerta Puerta 1!
2026-01-19 14:52:33,024 [WARNING] src.autoclave.devices.door: Recuperación de error: Estado inconsistente, iniciando cierre.
2026-01-19 14:52:33,025 [INFO] __main__: Puerta Puerta 1: ERROR -> CERRANDO
2026-01-19 14:52:33,025 [INFO] __main__: Puerta Puerta 1 cerrándose...
2026-01-19 14:52:34,526 [INFO] src.autoclave.devices.door: Bomba de vacio encendida.
2026-01-19 14:52:34,527 [INFO] src.autoclave.devices.door: Desbloqueo de puerta activado.
2026-01-19 14:52:34,528 [INFO] src.autoclave.devices.door: Iniciando cierre de puerta.
2026-01-19 14:52:34,529 [INFO] src.autoclave.devices.door: Actuador de cierre activado.
2026-01-19 14:52:34,529 [INFO] src.autoclave.devices.door: Actuador de cierre desactivado.
2026-01-19 14:52:34,530 [INFO] src.autoclave.devices.door: Desbloqueo de puerta desactivado.
2026-01-19 14:52:34,531 [INFO] src.autoclave.devices.door: Bomba de vacio apagada.
2026-01-19 14:52:34,532 [INFO] src.autoclave.devices.door: Bloqueo de puerta activado.
2026-01-19 14:52:34,533 [INFO] src.autoclave.devices.door: Bloqueo de puerta desactivado.
2026-01-19 14:52:34,534 [ERROR] src.autoclave.devices.door: Error: Presión de empaque insuficiente al cerrar.
2026-01-19 14:52:34,535 [INFO] __main__: Puerta Puerta 1: CERRANDO -> ERROR
2026-01-19 14:52:34,538 [ERROR] __main__: ¡Error en puerta Puerta 1!
2026-01-19 14:52:36,339 [WARNING] src.autoclave.devices.door: Recuperación de error: Estado inconsistente, iniciando cierre.
2026-01-19 14:52:36,343 [INFO] __main__: Puerta Puerta 1: ERROR -> CERRANDO
2026-01-19 14:52:36,344 [INFO] __main__: Puerta Puerta 1 cerrándose...
2026-01-19 14:52:37,847 [INFO] src.autoclave.devices.door: Bomba de vacio encendida.
2026-01-19 14:52:37,847 [INFO] src.autoclave.devices.door: Desbloqueo de puerta activado.
2026-01-19 14:52:37,848 [INFO] src.autoclave.devices.door: Iniciando cierre de puerta.
2026-01-19 14:52:37,849 [INFO] src.autoclave.devices.door: Actuador de cierre activado.
2026-01-19 14:52:37,849 [INFO] src.autoclave.devices.door: Actuador de cierre desactivado.
2026-01-19 14:52:37,850 [INFO] src.autoclave.devices.door: Desbloqueo de puerta desactivado.
2026-01-19 14:52:37,851 [INFO] src.autoclave.devices.door: Bomba de vacio apagada.
2026-01-19 14:52:37,852 [INFO] src.autoclave.devices.door: Bloqueo de puerta activado.
2026-01-19 14:52:37,853 [INFO] src.autoclave.devices.door: Bloqueo de puerta desactivado.
2026-01-19 14:52:37,854 [ERROR] src.autoclave.devices.door: Error: Presión de empaque insuficiente al cerrar.
2026-01-19 14:52:37,855 [INFO] __main__: Puerta Puerta 1: CERRANDO -> ERROR
2026-01-19 14:52:37,857 [ERROR] __main__: ¡Error en puerta Puerta 1!
2026-01-19 14:52:39,659 [WARNING] src.autoclave.devices.door: Recuperación de error: Estado inconsistente, iniciando cierre.
2026-01-19 14:52:39,660 [INFO] __main__: Puerta Puerta 1: ERROR -> CERRANDO
2026-01-19 14:52:39,660 [INFO] __main__: Puerta Puerta 1 cerrándose...
2026-01-19 14:52:41,161 [INFO] src.autoclave.devices.door: Bomba de vacio encendida.
2026-01-19 14:52:41,162 [INFO] src.autoclave.devices.door: Desbloqueo de puerta activado.
2026-01-19 14:52:41,163 [INFO] src.autoclave.devices.door: Iniciando cierre de puerta.
2026-01-19 14:52:41,163 [INFO] src.autoclave.devices.door: Actuador de cierre desactivado.
2026-01-19 14:52:41,164 [INFO] src.autoclave.devices.door: Desbloqueo de puerta desactivado.
2026-01-19 14:52:41,164 [INFO] src.autoclave.devices.door: Bomba de vacio apagada.
2026-01-19 14:52:41,165 [INFO] src.autoclave.devices.door: Bloqueo de puerta activado.
2026-01-19 14:52:41,167 [INFO] src.autoclave.devices.door: Bloqueo de puerta desactivado.
2026-01-19 14:52:41,167 [INFO] src.autoclave.devices.door: Puerta cerrada correctamente.
2026-01-19 14:52:41,167 [INFO] __main__: Puerta Puerta 1: CERRANDO -> CERRADO
2026-01-19 14:52:41,167 [INFO] __main__: Puerta Puerta 1 cerrada.
2026-01-19 14:55:07,145 [INFO] sqlalchemy.engine.Engine: BEGIN (implicit)
2026-01-19 14:55:07,145 [INFO] sqlalchemy.engine.Engine: PRAGMA main.table_info("ac_puerto")
2026-01-19 14:55:07,145 [INFO] sqlalchemy.engine.Engine: [raw sql] ()
2026-01-19 14:55:07,146 [INFO] sqlalchemy.engine.Engine: PRAGMA main.table_info("ac_pantalla_control")
2026-01-19 14:55:07,147 [INFO] sqlalchemy.engine.Engine: [raw sql] ()
2026-01-19 14:55:07,147 [INFO] sqlalchemy.engine.Engine: PRAGMA main.table_info("proceso_control")
2026-01-19 14:55:07,148 [INFO] sqlalchemy.engine.Engine: [raw sql] ()
2026-01-19 14:55:07,148 [INFO] sqlalchemy.engine.Engine: PRAGMA main.table_info("proceso_fase")
2026-01-19 14:55:07,149 [INFO] sqlalchemy.engine.Engine: [raw sql] ()
2026-01-19 14:55:07,149 [INFO] sqlalchemy.engine.Engine: PRAGMA main.table_info("proceso_fase_parametro")
2026-01-19 14:55:07,149 [INFO] sqlalchemy.engine.Engine: [raw sql] ()
2026-01-19 14:55:07,150 [INFO] sqlalchemy.engine.Engine: COMMIT
2026-01-19 14:55:07,405 [INFO] __main__: Iniciando la aplicación Autoclave...
2026-01-19 14:55:07,416 [INFO] autoclave: Iniciando SerialLink...
2026-01-19 14:55:07,417 [INFO] autoclave: SerialLink id: 1873162117072
2026-01-19 14:55:07,482 [INFO] src.autoclave.services.control_loop: Iniciando el bucle de control...
2026-01-19 14:55:07,482 [INFO] autoclave: SerialLink id: 1873162117072
2026-01-19 14:55:07,483 [INFO] src.autoclave.services.control_loop: Esperando conexión con ESP32...
2026-01-19 14:55:07,485 [INFO] autoclave: connected: True
2026-01-19 14:55:07,486 [INFO] autoclave: Conectado a ESP32 en COM3
2026-01-19 14:55:07,683 [INFO] autoclave: SerialLink id: 1873162117072
2026-01-19 14:55:07,684 [INFO] autoclave: SerialLink id: 1873162117072
2026-01-19 14:55:07,684 [INFO] src.autoclave.services.control_loop: Conexión establecida. Iniciando actualización de puertas...
2026-01-19 14:55:08,986 [ERROR] src.autoclave.devices.door: Error: Estado inicial de puerta inconsistente .
2026-01-19 14:55:09,288 [ERROR] src.autoclave.devices.door: Error: Estado inicial de puerta inconsistente .
2026-01-19 14:55:11,093 [INFO] src.autoclave.devices.door: Recuperación de error: Estado detectado CERRADO.
2026-01-19 14:55:11,394 [INFO] src.autoclave.devices.door: Recuperación de error: Estado detectado CERRADO.
2026-01-19 14:55:11,395 [INFO] __main__: Puerta Puerta 1: ERROR -> CERRADO
2026-01-19 14:55:11,396 [INFO] __main__: Puerta Puerta 1 cerrada.
2026-01-19 14:55:11,396 [INFO] __main__: Puerta Puerta 2: ERROR -> CERRADO
2026-01-19 14:55:11,397 [INFO] __main__: Puerta Puerta 2 cerrada.
2026-01-19 14:55:40,404 [INFO] sqlalchemy.engine.Engine: BEGIN (implicit)
2026-01-19 14:55:40,404 [INFO] sqlalchemy.engine.Engine: PRAGMA main.table_info("ac_puerto")
2026-01-19 14:55:40,404 [INFO] sqlalchemy.engine.Engine: [raw sql] ()
2026-01-19 14:55:40,406 [INFO] sqlalchemy.engine.Engine: PRAGMA main.table_info("ac_pantalla_control")
2026-01-19 14:55:40,406 [INFO] sqlalchemy.engine.Engine: [raw sql] ()
2026-01-19 14:55:40,407 [INFO] sqlalchemy.engine.Engine: PRAGMA main.table_info("proceso_control")
2026-01-19 14:55:40,407 [INFO] sqlalchemy.engine.Engine: [raw sql] ()
2026-01-19 14:55:40,407 [INFO] sqlalchemy.engine.Engine: PRAGMA main.table_info("proceso_fase")
2026-01-19 14:55:40,408 [INFO] sqlalchemy.engine.Engine: [raw sql] ()
2026-01-19 14:55:40,408 [INFO] sqlalchemy.engine.Engine: PRAGMA main.table_info("proceso_fase_parametro")
2026-01-19 14:55:40,408 [INFO] sqlalchemy.engine.Engine: [raw sql] ()
2026-01-19 14:55:40,409 [INFO] sqlalchemy.engine.Engine: COMMIT
2026-01-19 14:55:40,596 [INFO] __main__: Iniciando la aplicación Autoclave...
2026-01-19 14:55:40,606 [INFO] autoclave: Iniciando SerialLink...
2026-01-19 14:55:40,608 [INFO] autoclave: SerialLink id: 1868039692240
2026-01-19 14:55:40,691 [INFO] src.autoclave.services.control_loop: Iniciando el bucle de control...
2026-01-19 14:55:40,692 [INFO] autoclave: SerialLink id: 1868039692240
2026-01-19 14:55:40,692 [INFO] src.autoclave.services.control_loop: Esperando conexión con ESP32...
2026-01-19 14:55:40,697 [INFO] autoclave: connected: True
2026-01-19 14:55:40,697 [INFO] autoclave: Conectado a ESP32 en COM3
2026-01-19 14:55:40,893 [INFO] autoclave: SerialLink id: 1868039692240
2026-01-19 14:55:40,894 [INFO] autoclave: SerialLink id: 1868039692240
2026-01-19 14:55:40,895 [INFO] src.autoclave.services.control_loop: Conexión establecida. Iniciando actualización de puertas...
2026-01-19 14:55:42,197 [WARNING] src.autoclave.devices.door: Estado inicial inconsistente: Puerta cerrada pero presión de empaque baja, iniciando cierre.
2026-01-19 14:55:42,499 [WARNING] src.autoclave.devices.door: Estado inicial inconsistente: Puerta cerrada pero presión de empaque baja, iniciando cierre.
2026-01-19 14:55:44,001 [INFO] src.autoclave.devices.door: Bomba de vacio encendida.
2026-01-19 14:55:44,002 [INFO] src.autoclave.devices.door: Desbloqueo de puerta activado.
2026-01-19 14:55:44,003 [INFO] src.autoclave.devices.door: Iniciando cierre de puerta.
2026-01-19 14:55:44,003 [INFO] src.autoclave.devices.door: Actuador de cierre desactivado.
2026-01-19 14:55:44,004 [INFO] src.autoclave.devices.door: Desbloqueo de puerta desactivado.
2026-01-19 14:55:44,005 [INFO] src.autoclave.devices.door: Bomba de vacio apagada.
2026-01-19 14:55:44,006 [INFO] src.autoclave.devices.door: Bloqueo de puerta activado.
2026-01-19 14:55:44,007 [INFO] src.autoclave.devices.door: Bloqueo de puerta desactivado.
2026-01-19 14:55:44,008 [INFO] src.autoclave.devices.door: Puerta cerrada correctamente.
2026-01-19 14:55:44,009 [INFO] src.autoclave.devices.door: Bomba de vacio encendida.
2026-01-19 14:55:44,009 [INFO] src.autoclave.devices.door: Desbloqueo de puerta activado.
2026-01-19 14:55:44,010 [INFO] src.autoclave.devices.door: Iniciando cierre de puerta.
2026-01-19 14:55:44,010 [INFO] src.autoclave.devices.door: Actuador de cierre desactivado.
2026-01-19 14:55:44,011 [INFO] src.autoclave.devices.door: Desbloqueo de puerta desactivado.
2026-01-19 14:55:44,012 [INFO] src.autoclave.devices.door: Bomba de vacio apagada.
2026-01-19 14:55:44,013 [INFO] src.autoclave.devices.door: Bloqueo de puerta activado.
2026-01-19 14:55:44,014 [INFO] src.autoclave.devices.door: Bloqueo de puerta desactivado.
2026-01-19 14:55:44,018 [INFO] src.autoclave.devices.door: Puerta cerrada correctamente.
2026-01-19 14:55:44,019 [INFO] __main__: Puerta Puerta 1: CERRANDO -> CERRADO
2026-01-19 14:55:44,019 [INFO] __main__: Puerta Puerta 1 cerrada.
2026-01-19 14:55:44,020 [INFO] __main__: Puerta Puerta 2: CERRANDO -> CERRADO
2026-01-19 14:55:44,020 [INFO] __main__: Puerta Puerta 2 cerrada.
2026-01-19 14:58:24,331 [INFO] sqlalchemy.engine.Engine: BEGIN (implicit)
2026-01-19 14:58:24,332 [INFO] sqlalchemy.engine.Engine: PRAGMA main.table_info("ac_puerto")
2026-01-19 14:58:24,332 [INFO] sqlalchemy.engine.Engine: [raw sql] ()
2026-01-19 14:58:24,334 [INFO] sqlalchemy.engine.Engine: PRAGMA main.table_info("ac_pantalla_control")
2026-01-19 14:58:24,334 [INFO] sqlalchemy.engine.Engine: [raw sql] ()
2026-01-19 14:58:24,335 [INFO] sqlalchemy.engine.Engine: PRAGMA main.table_info("proceso_control")
2026-01-19 14:58:24,336 [INFO] sqlalchemy.engine.Engine: [raw sql] ()
2026-01-19 14:58:24,336 [INFO] sqlalchemy.engine.Engine: PRAGMA main.table_info("proceso_fase")
2026-01-19 14:58:24,337 [INFO] sqlalchemy.engine.Engine: [raw sql] ()
2026-01-19 14:58:24,337 [INFO] sqlalchemy.engine.Engine: PRAGMA main.table_info("proceso_fase_parametro")
2026-01-19 14:58:24,338 [INFO] sqlalchemy.engine.Engine: [raw sql] ()
2026-01-19 14:58:24,338 [INFO] sqlalchemy.engine.Engine: COMMIT
2026-01-19 14:58:24,588 [INFO] __main__: Iniciando la aplicación Autoclave...
2026-01-19 14:58:24,599 [INFO] autoclave: Iniciando SerialLink...
2026-01-19 14:58:24,600 [INFO] autoclave: SerialLink id: 1841085521872
2026-01-19 14:58:24,664 [INFO] src.autoclave.services.control_loop: Iniciando el bucle de control...
2026-01-19 14:58:24,664 [INFO] autoclave: SerialLink id: 1841085521872
2026-01-19 14:58:24,664 [INFO] src.autoclave.services.control_loop: Esperando conexión con ESP32...
2026-01-19 14:58:24,668 [INFO] autoclave: connected: True
2026-01-19 14:58:24,668 [INFO] autoclave: Conectado a ESP32 en COM3
2026-01-19 14:58:24,865 [INFO] autoclave: SerialLink id: 1841085521872
2026-01-19 14:58:24,866 [INFO] autoclave: SerialLink id: 1841085521872
2026-01-19 14:58:24,866 [INFO] src.autoclave.services.control_loop: Conexión establecida. Iniciando actualización de puertas...
2026-01-19 14:58:25,867 [ERROR] src.autoclave.devices.door: Error: Estado inicial de puerta inconsistente .
2026-01-19 14:58:25,868 [ERROR] src.autoclave.devices.door: Error: Estado inicial de puerta inconsistente .
2026-01-19 14:58:27,670 [INFO] src.autoclave.devices.door: Recuperación de error: Estado detectado CERRADO.
2026-01-19 14:58:27,972 [INFO] src.autoclave.devices.door: Recuperación de error: Estado detectado CERRADO.
2026-01-19 14:58:27,973 [INFO] __main__: Puerta Puerta 1: ERROR -> CERRADO
2026-01-19 14:58:27,974 [INFO] __main__: Puerta Puerta 1 cerrada.
2026-01-19 14:58:27,975 [INFO] __main__: Puerta Puerta 2: ERROR -> CERRADO
2026-01-19 14:58:27,976 [INFO] __main__: Puerta Puerta 2 cerrada.
2026-01-19 14:58:37,466 [INFO] sqlalchemy.engine.Engine: BEGIN (implicit)
2026-01-19 14:58:37,467 [INFO] sqlalchemy.engine.Engine: PRAGMA main.table_info("ac_puerto")
2026-01-19 14:58:37,467 [INFO] sqlalchemy.engine.Engine: [raw sql] ()
2026-01-19 14:58:37,468 [INFO] sqlalchemy.engine.Engine: PRAGMA main.table_info("ac_pantalla_control")
2026-01-19 14:58:37,469 [INFO] sqlalchemy.engine.Engine: [raw sql] ()
2026-01-19 14:58:37,469 [INFO] sqlalchemy.engine.Engine: PRAGMA main.table_info("proceso_control")
2026-01-19 14:58:37,469 [INFO] sqlalchemy.engine.Engine: [raw sql] ()
2026-01-19 14:58:37,470 [INFO] sqlalchemy.engine.Engine: PRAGMA main.table_info("proceso_fase")
2026-01-19 14:58:37,470 [INFO] sqlalchemy.engine.Engine: [raw sql] ()
2026-01-19 14:58:37,470 [INFO] sqlalchemy.engine.Engine: PRAGMA main.table_info("proceso_fase_parametro")
2026-01-19 14:58:37,471 [INFO] sqlalchemy.engine.Engine: [raw sql] ()
2026-01-19 14:58:37,471 [INFO] sqlalchemy.engine.Engine: COMMIT
2026-01-19 14:58:37,637 [INFO] __main__: Iniciando la aplicación Autoclave...
2026-01-19 14:58:37,646 [INFO] autoclave: Iniciando SerialLink...
2026-01-19 14:58:37,647 [INFO] autoclave: SerialLink id: 2301350617376
2026-01-19 14:58:37,721 [INFO] src.autoclave.services.control_loop: Iniciando el bucle de control...
2026-01-19 14:58:37,721 [INFO] autoclave: SerialLink id: 2301350617376
2026-01-19 14:58:37,721 [INFO] src.autoclave.services.control_loop: Esperando conexión con ESP32...
2026-01-19 14:58:37,725 [INFO] autoclave: connected: True
2026-01-19 14:58:37,725 [INFO] autoclave: Conectado a ESP32 en COM3
2026-01-19 14:58:37,922 [INFO] autoclave: SerialLink id: 2301350617376
2026-01-19 14:58:37,924 [INFO] autoclave: SerialLink id: 2301350617376
2026-01-19 14:58:37,925 [INFO] src.autoclave.services.control_loop: Conexión establecida. Iniciando actualización de puertas...
2026-01-19 14:58:38,927 [ERROR] src.autoclave.devices.door: Error: Estado inicial de puerta inconsistente .
2026-01-19 14:58:38,928 [ERROR] src.autoclave.devices.door: Error: Estado inicial de puerta inconsistente .
2026-01-19 14:58:40,730 [INFO] src.autoclave.devices.door: Recuperación de error: Estado detectado CERRADO.
2026-01-19 14:58:41,032 [INFO] src.autoclave.devices.door: Recuperación de error: Estado detectado CERRADO.
2026-01-19 14:58:41,034 [INFO] __main__: Puerta Puerta 1: ERROR -> CERRADO
2026-01-19 14:58:41,035 [INFO] __main__: Puerta Puerta 1 cerrada.
2026-01-19 14:58:41,036 [INFO] __main__: Puerta Puerta 2: ERROR -> CERRADO
2026-01-19 14:58:41,036 [INFO] __main__: Puerta Puerta 2 cerrada.
2026-01-19 15:00:32,420 [INFO] sqlalchemy.engine.Engine: BEGIN (implicit)
2026-01-19 15:00:32,421 [INFO] sqlalchemy.engine.Engine: PRAGMA main.table_info("ac_puerto")
2026-01-19 15:00:32,421 [INFO] sqlalchemy.engine.Engine: [raw sql] ()
2026-01-19 15:00:32,422 [INFO] sqlalchemy.engine.Engine: PRAGMA main.table_info("ac_pantalla_control")
2026-01-19 15:00:32,423 [INFO] sqlalchemy.engine.Engine: [raw sql] ()
2026-01-19 15:00:32,424 [INFO] sqlalchemy.engine.Engine: PRAGMA main.table_info("proceso_control")
2026-01-19 15:00:32,424 [INFO] sqlalchemy.engine.Engine: [raw sql] ()
2026-01-19 15:00:32,425 [INFO] sqlalchemy.engine.Engine: PRAGMA main.table_info("proceso_fase")
2026-01-19 15:00:32,425 [INFO] sqlalchemy.engine.Engine: [raw sql] ()
2026-01-19 15:00:32,426 [INFO] sqlalchemy.engine.Engine: PRAGMA main.table_info("proceso_fase_parametro")
2026-01-19 15:00:32,426 [INFO] sqlalchemy.engine.Engine: [raw sql] ()
2026-01-19 15:00:32,427 [INFO] sqlalchemy.engine.Engine: COMMIT
2026-01-19 15:00:32,579 [INFO] __main__: Iniciando la aplicación Autoclave...
2026-01-19 15:00:32,593 [INFO] autoclave: Iniciando SerialLink...
2026-01-19 15:00:32,595 [INFO] autoclave: SerialLink id: 2381494395168
2026-01-19 15:00:32,667 [INFO] src.autoclave.services.control_loop: Iniciando el bucle de control...
2026-01-19 15:00:32,667 [INFO] autoclave: SerialLink id: 2381494395168
2026-01-19 15:00:32,668 [INFO] src.autoclave.services.control_loop: Esperando conexión con ESP32...
2026-01-19 15:00:32,672 [INFO] autoclave: connected: True
2026-01-19 15:00:32,672 [INFO] autoclave: Conectado a ESP32 en COM3
2026-01-19 15:00:32,868 [INFO] autoclave: SerialLink id: 2381494395168
2026-01-19 15:00:32,869 [INFO] autoclave: SerialLink id: 2381494395168
2026-01-19 15:00:32,870 [INFO] src.autoclave.services.control_loop: Conexión establecida. Iniciando actualización de puertas...
2026-01-19 15:00:33,872 [ERROR] src.autoclave.devices.door: Error: Estado inicial de puerta inconsistente .
2026-01-19 15:00:33,873 [ERROR] src.autoclave.devices.door: Error: Estado inicial de puerta inconsistente .
2026-01-19 15:00:35,676 [WARNING] src.autoclave.devices.door: Recuperación de error: Estado inconsistente, iniciando cierre.
2026-01-19 15:00:35,977 [WARNING] src.autoclave.devices.door: Recuperación de error: Estado inconsistente, iniciando cierre.
2026-01-19 15:00:35,979 [INFO] __main__: Puerta Puerta 1: ERROR -> CERRANDO
2026-01-19 15:00:35,980 [INFO] __main__: Puerta Puerta 1 cerrándose...
2026-01-19 15:00:35,981 [INFO] __main__: Puerta Puerta 2: ERROR -> CERRANDO
2026-01-19 15:00:35,981 [INFO] __main__: Puerta Puerta 2 cerrándose...
2026-01-19 15:00:37,483 [INFO] src.autoclave.devices.door: Bomba de vacio encendida.
2026-01-19 15:00:37,483 [INFO] src.autoclave.devices.door: Desbloqueo de puerta activado.
2026-01-19 15:00:37,484 [INFO] src.autoclave.devices.door: Iniciando cierre de puerta.
2026-01-19 15:00:37,485 [INFO] src.autoclave.devices.door: Actuador de cierre activado.
2026-01-19 15:00:37,485 [INFO] src.autoclave.devices.door: Actuador de cierre desactivado.
2026-01-19 15:00:37,486 [INFO] src.autoclave.devices.door: Desbloqueo de puerta desactivado.
2026-01-19 15:00:37,487 [INFO] src.autoclave.devices.door: Bomba de vacio apagada.
2026-01-19 15:00:37,488 [INFO] src.autoclave.devices.door: Bloqueo de puerta activado.
2026-01-19 15:00:37,489 [INFO] src.autoclave.devices.door: Bloqueo de puerta desactivado.
2026-01-19 15:00:37,490 [ERROR] src.autoclave.devices.door: Error: Presión de empaque insuficiente al cerrar.
2026-01-19 15:00:37,491 [INFO] src.autoclave.devices.door: Bomba de vacio encendida.
2026-01-19 15:00:37,492 [INFO] src.autoclave.devices.door: Desbloqueo de puerta activado.
2026-01-19 15:00:37,492 [INFO] src.autoclave.devices.door: Iniciando cierre de puerta.
2026-01-19 15:00:37,493 [INFO] src.autoclave.devices.door: Actuador de cierre desactivado.
2026-01-19 15:00:37,494 [INFO] src.autoclave.devices.door: Desbloqueo de puerta desactivado.
2026-01-19 15:00:37,495 [INFO] src.autoclave.devices.door: Bomba de vacio apagada.
2026-01-19 15:00:37,495 [INFO] src.autoclave.devices.door: Bloqueo de puerta activado.
2026-01-19 15:00:37,498 [INFO] src.autoclave.devices.door: Bloqueo de puerta desactivado.
2026-01-19 15:00:37,498 [INFO] src.autoclave.devices.door: Puerta cerrada correctamente.
2026-01-19 15:00:37,499 [INFO] __main__: Puerta Puerta 1: CERRANDO -> ERROR
2026-01-19 15:00:37,499 [ERROR] __main__: ¡Error en puerta Puerta 1!
2026-01-19 15:00:37,500 [INFO] __main__: Puerta Puerta 2: CERRANDO -> CERRADO
2026-01-19 15:00:37,500 [INFO] __main__: Puerta Puerta 2 cerrada.
2026-01-19 15:00:39,302 [WARNING] src.autoclave.devices.door: Recuperación de error: Estado inconsistente, iniciando cierre.
2026-01-19 15:00:39,303 [INFO] __main__: Puerta Puerta 1: ERROR -> CERRANDO
2026-01-19 15:00:39,304 [INFO] __main__: Puerta Puerta 1 cerrándose...
2026-01-19 15:00:40,806 [INFO] src.autoclave.devices.door: Bomba de vacio encendida.
2026-01-19 15:00:40,808 [INFO] src.autoclave.devices.door: Desbloqueo de puerta activado.
2026-01-19 15:00:40,808 [INFO] src.autoclave.devices.door: Iniciando cierre de puerta.
2026-01-19 15:00:40,809 [INFO] src.autoclave.devices.door: Actuador de cierre activado.
2026-01-19 15:00:40,810 [INFO] src.autoclave.devices.door: Actuador de cierre desactivado.
2026-01-19 15:00:40,810 [INFO] src.autoclave.devices.door: Desbloqueo de puerta desactivado.
2026-01-19 15:00:40,811 [INFO] src.autoclave.devices.door: Bomba de vacio apagada.
2026-01-19 15:00:40,812 [INFO] src.autoclave.devices.door: Bloqueo de puerta activado.
2026-01-19 15:00:40,819 [INFO] src.autoclave.devices.door: Bloqueo de puerta desactivado.
2026-01-19 15:00:40,820 [ERROR] src.autoclave.devices.door: Error: Presión de empaque insuficiente al cerrar.
2026-01-19 15:00:40,821 [INFO] __main__: Puerta Puerta 1: CERRANDO -> ERROR
2026-01-19 15:00:40,822 [ERROR] __main__: ¡Error en puerta Puerta 1!
2026-01-19 15:00:42,625 [WARNING] src.autoclave.devices.door: Recuperación de error: Estado inconsistente, iniciando cierre.
2026-01-19 15:00:42,627 [INFO] __main__: Puerta Puerta 1: ERROR -> CERRANDO
2026-01-19 15:00:42,627 [INFO] __main__: Puerta Puerta 1 cerrándose...
2026-01-19 15:00:44,130 [INFO] src.autoclave.devices.door: Bomba de vacio encendida.
2026-01-19 15:00:44,131 [INFO] src.autoclave.devices.door: Desbloqueo de puerta activado.
2026-01-19 15:00:44,132 [INFO] src.autoclave.devices.door: Iniciando cierre de puerta.
2026-01-19 15:00:44,132 [INFO] src.autoclave.devices.door: Actuador de cierre activado.
2026-01-19 15:00:44,133 [INFO] src.autoclave.devices.door: Actuador de cierre desactivado.
2026-01-19 15:00:44,134 [INFO] src.autoclave.devices.door: Desbloqueo de puerta desactivado.
2026-01-19 15:00:44,135 [INFO] src.autoclave.devices.door: Bomba de vacio apagada.
2026-01-19 15:00:44,136 [INFO] src.autoclave.devices.door: Bloqueo de puerta activado.
2026-01-19 15:00:44,137 [INFO] src.autoclave.devices.door: Bloqueo de puerta desactivado.
2026-01-19 15:00:44,139 [ERROR] src.autoclave.devices.door: Error: Presión de empaque insuficiente al cerrar.
2026-01-19 15:00:44,142 [INFO] __main__: Puerta Puerta 1: CERRANDO -> ERROR
2026-01-19 15:00:44,142 [ERROR] __main__: ¡Error en puerta Puerta 1!
2026-01-19 15:00:45,944 [WARNING] src.autoclave.devices.door: Recuperación de error: Estado inconsistente, iniciando cierre.
2026-01-19 15:00:45,945 [INFO] __main__: Puerta Puerta 1: ERROR -> CERRANDO
2026-01-19 15:00:45,945 [INFO] __main__: Puerta Puerta 1 cerrándose...
2026-01-19 15:00:47,447 [INFO] src.autoclave.devices.door: Bomba de vacio encendida.
2026-01-19 15:00:47,449 [INFO] src.autoclave.devices.door: Desbloqueo de puerta activado.
2026-01-19 15:00:47,449 [INFO] src.autoclave.devices.door: Iniciando cierre de puerta.
2026-01-19 15:00:47,450 [INFO] src.autoclave.devices.door: Actuador de cierre activado.
2026-01-19 15:00:47,451 [INFO] src.autoclave.devices.door: Actuador de cierre desactivado.
2026-01-19 15:00:47,452 [INFO] src.autoclave.devices.door: Desbloqueo de puerta desactivado.
2026-01-19 15:00:47,453 [INFO] src.autoclave.devices.door: Bomba de vacio apagada.
2026-01-19 15:00:47,454 [INFO] src.autoclave.devices.door: Bloqueo de puerta activado.
2026-01-19 15:00:47,455 [INFO] src.autoclave.devices.door: Bloqueo de puerta desactivado.
2026-01-19 15:00:47,455 [ERROR] src.autoclave.devices.door: Error: Presión de empaque insuficiente al cerrar.
2026-01-19 15:00:47,457 [INFO] __main__: Puerta Puerta 1: CERRANDO -> ERROR
2026-01-19 15:00:47,457 [ERROR] __main__: ¡Error en puerta Puerta 1!
2026-01-19 15:00:49,259 [WARNING] src.autoclave.devices.door: Recuperación de error: Estado inconsistente, iniciando cierre.
2026-01-19 15:00:49,261 [INFO] __main__: Puerta Puerta 1: ERROR -> CERRANDO
2026-01-19 15:00:49,261 [INFO] __main__: Puerta Puerta 1 cerrándose...
2026-01-19 15:00:50,764 [INFO] src.autoclave.devices.door: Bomba de vacio encendida.
2026-01-19 15:00:50,765 [INFO] src.autoclave.devices.door: Desbloqueo de puerta activado.
2026-01-19 15:00:50,765 [INFO] src.autoclave.devices.door: Iniciando cierre de puerta.
2026-01-19 15:00:50,766 [INFO] src.autoclave.devices.door: Actuador de cierre activado.
2026-01-19 15:00:50,766 [INFO] src.autoclave.devices.door: Actuador de cierre desactivado.
2026-01-19 15:00:50,767 [INFO] src.autoclave.devices.door: Desbloqueo de puerta desactivado.
2026-01-19 15:00:50,768 [INFO] src.autoclave.devices.door: Bomba de vacio apagada.
2026-01-19 15:00:50,769 [INFO] src.autoclave.devices.door: Bloqueo de puerta activado.
2026-01-19 15:00:50,770 [INFO] src.autoclave.devices.door: Bloqueo de puerta desactivado.
2026-01-19 15:00:50,772 [ERROR] src.autoclave.devices.door: Error: Presión de empaque insuficiente al cerrar.
2026-01-19 15:00:50,775 [INFO] __main__: Puerta Puerta 1: CERRANDO -> ERROR
2026-01-19 15:00:50,775 [ERROR] __main__: ¡Error en puerta Puerta 1!
2026-01-19 15:00:52,577 [WARNING] src.autoclave.devices.door: Recuperación de error: Estado inconsistente, iniciando cierre.
2026-01-19 15:00:52,578 [INFO] __main__: Puerta Puerta 1: ERROR -> CERRANDO
2026-01-19 15:00:52,578 [INFO] __main__: Puerta Puerta 1 cerrándose...
2026-01-19 15:00:54,081 [INFO] src.autoclave.devices.door: Bomba de vacio encendida.
2026-01-19 15:00:54,082 [INFO] src.autoclave.devices.door: Desbloqueo de puerta activado.
2026-01-19 15:00:54,083 [INFO] src.autoclave.devices.door: Iniciando cierre de puerta.
2026-01-19 15:00:54,084 [INFO] src.autoclave.devices.door: Actuador de cierre activado.
2026-01-19 15:00:54,085 [INFO] src.autoclave.devices.door: Actuador de cierre desactivado.
2026-01-19 15:00:54,086 [INFO] src.autoclave.devices.door: Desbloqueo de puerta desactivado.
2026-01-19 15:00:54,087 [INFO] src.autoclave.devices.door: Bomba de vacio apagada.
2026-01-19 15:00:54,088 [INFO] src.autoclave.devices.door: Bloqueo de puerta activado.
2026-01-19 15:00:54,091 [INFO] src.autoclave.devices.door: Bloqueo de puerta desactivado.
2026-01-19 15:00:54,091 [ERROR] src.autoclave.devices.door: Error: Presión de empaque insuficiente al cerrar.
2026-01-19 15:00:54,092 [INFO] __main__: Puerta Puerta 1: CERRANDO -> ERROR
2026-01-19 15:00:54,093 [ERROR] __main__: ¡Error en puerta Puerta 1!
2026-01-19 15:00:55,895 [WARNING] src.autoclave.devices.door: Recuperación de error: Estado inconsistente, iniciando cierre.
2026-01-19 15:00:55,896 [INFO] __main__: Puerta Puerta 1: ERROR -> CERRANDO
2026-01-19 15:00:55,897 [INFO] __main__: Puerta Puerta 1 cerrándose...
2026-01-19 15:00:57,399 [INFO] src.autoclave.devices.door: Bomba de vacio encendida.
2026-01-19 15:00:57,401 [INFO] src.autoclave.devices.door: Desbloqueo de puerta activado.
2026-01-19 15:00:57,401 [INFO] src.autoclave.devices.door: Iniciando cierre de puerta.
2026-01-19 15:00:57,402 [INFO] src.autoclave.devices.door: Actuador de cierre activado.
2026-01-19 15:00:57,403 [INFO] src.autoclave.devices.door: Actuador de cierre desactivado.
2026-01-19 15:00:57,404 [INFO] src.autoclave.devices.door: Desbloqueo de puerta desactivado.
2026-01-19 15:00:57,405 [INFO] src.autoclave.devices.door: Bomba de vacio apagada.
2026-01-19 15:00:57,407 [INFO] src.autoclave.devices.door: Bloqueo de puerta activado.
2026-01-19 15:00:57,407 [INFO] src.autoclave.devices.door: Bloqueo de puerta desactivado.
2026-01-19 15:00:57,408 [ERROR] src.autoclave.devices.door: Error: Presión de empaque insuficiente al cerrar.
2026-01-19 15:00:57,409 [INFO] __main__: Puerta Puerta 1: CERRANDO -> ERROR
2026-01-19 15:00:57,409 [ERROR] __main__: ¡Error en puerta Puerta 1!
2026-01-19 15:00:59,211 [WARNING] src.autoclave.devices.door: Recuperación de error: Estado inconsistente, iniciando cierre.
2026-01-19 15:00:59,213 [INFO] __main__: Puerta Puerta 1: ERROR -> CERRANDO
2026-01-19 15:00:59,214 [INFO] __main__: Puerta Puerta 1 cerrándose...
2026-01-19 15:01:00,716 [INFO] src.autoclave.devices.door: Bomba de vacio encendida.
2026-01-19 15:01:00,718 [INFO] src.autoclave.devices.door: Desbloqueo de puerta activado.
2026-01-19 15:01:00,718 [INFO] src.autoclave.devices.door: Iniciando cierre de puerta.
2026-01-19 15:01:00,719 [INFO] src.autoclave.devices.door: Actuador de cierre activado.
2026-01-19 15:01:00,720 [INFO] src.autoclave.devices.door: Actuador de cierre desactivado.
2026-01-19 15:01:00,720 [INFO] src.autoclave.devices.door: Desbloqueo de puerta desactivado.
2026-01-19 15:01:00,721 [INFO] src.autoclave.devices.door: Bomba de vacio apagada.
2026-01-19 15:01:00,722 [INFO] src.autoclave.devices.door: Bloqueo de puerta activado.
2026-01-19 15:01:00,723 [INFO] src.autoclave.devices.door: Bloqueo de puerta desactivado.
2026-01-19 15:01:00,725 [ERROR] src.autoclave.devices.door: Error: Presión de empaque insuficiente al cerrar.
2026-01-19 15:01:00,726 [INFO] __main__: Puerta Puerta 1: CERRANDO -> ERROR
2026-01-19 15:01:00,728 [ERROR] __main__: ¡Error en puerta Puerta 1!
2026-01-19 15:01:02,530 [INFO] src.autoclave.devices.door: Recuperación de error: Estado detectado CERRADO.
2026-01-19 15:01:02,531 [INFO] __main__: Puerta Puerta 1: ERROR -> CERRADO
2026-01-19 15:01:02,531 [INFO] __main__: Puerta Puerta 1 cerrada.
2026-01-19 15:14:09,399 [INFO] sqlalchemy.engine.Engine: BEGIN (implicit)
2026-01-19 15:14:09,400 [INFO] sqlalchemy.engine.Engine: PRAGMA main.table_info("ac_puerto")
2026-01-19 15:14:09,400 [INFO] sqlalchemy.engine.Engine: [raw sql] ()
2026-01-19 15:14:09,402 [INFO] sqlalchemy.engine.Engine: PRAGMA main.table_info("ac_pantalla_control")
2026-01-19 15:14:09,402 [INFO] sqlalchemy.engine.Engine: [raw sql] ()
2026-01-19 15:14:09,403 [INFO] sqlalchemy.engine.Engine: PRAGMA main.table_info("proceso_control")
2026-01-19 15:14:09,403 [INFO] sqlalchemy.engine.Engine: [raw sql] ()
2026-01-19 15:14:09,404 [INFO] sqlalchemy.engine.Engine: PRAGMA main.table_info("proceso_fase")
2026-01-19 15:14:09,405 [INFO] sqlalchemy.engine.Engine: [raw sql] ()
2026-01-19 15:14:09,405 [INFO] sqlalchemy.engine.Engine: PRAGMA main.table_info("proceso_fase_parametro")
2026-01-19 15:14:09,405 [INFO] sqlalchemy.engine.Engine: [raw sql] ()
2026-01-19 15:14:09,406 [INFO] sqlalchemy.engine.Engine: COMMIT
2026-01-19 15:14:09,686 [INFO] __main__: Iniciando la aplicación Autoclave...
2026-01-19 15:14:09,703 [INFO] autoclave: Iniciando SerialLink...
2026-01-19 15:14:09,704 [INFO] autoclave: SerialLink id: 2282295697696
2026-01-19 15:14:09,873 [INFO] src.autoclave.services.control_loop: Iniciando el bucle de control...
2026-01-19 15:14:09,874 [INFO] autoclave: SerialLink id: 2282295697696
2026-01-19 15:14:09,875 [INFO] src.autoclave.services.control_loop: Esperando conexión con ESP32...
2026-01-19 15:14:09,883 [INFO] autoclave: connected: True
2026-01-19 15:14:09,884 [INFO] autoclave: Conectado a ESP32 en COM3
2026-01-19 15:14:10,076 [INFO] autoclave: SerialLink id: 2282295697696
2026-01-19 15:14:10,078 [INFO] autoclave: SerialLink id: 2282295697696
2026-01-19 15:14:10,078 [INFO] src.autoclave.services.control_loop: Conexión establecida. Iniciando actualización de puertas...
2026-01-19 15:14:10,243 [INFO] src.autoclave.ui.ui_main.main_window: ✅ Interfaz creada correctamente.
2026-01-19 15:14:11,079 [ERROR] src.autoclave.devices.door: Error: Estado inicial de puerta inconsistente .
2026-01-19 15:14:11,080 [ERROR] src.autoclave.devices.door: Error: Estado inicial de puerta inconsistente .
2026-01-19 15:14:12,882 [WARNING] src.autoclave.devices.door: Recuperación de error: Estado inconsistente, iniciando cierre.
2026-01-19 15:14:13,183 [WARNING] src.autoclave.devices.door: Recuperación de error: Estado inconsistente, iniciando cierre.
2026-01-19 15:14:13,184 [INFO] __main__: Puerta Puerta 1: ERROR -> CERRANDO
2026-01-19 15:14:13,184 [INFO] __main__: Puerta Puerta 1 cerrándose...
2026-01-19 15:14:13,185 [INFO] __main__: Puerta Puerta 2: ERROR -> CERRANDO
2026-01-19 15:14:13,185 [INFO] __main__: Puerta Puerta 2 cerrándose...
2026-01-19 15:14:14,688 [INFO] src.autoclave.devices.door: Bomba de vacio encendida.
2026-01-19 15:14:14,690 [INFO] src.autoclave.devices.door: Desbloqueo de puerta activado.
2026-01-19 15:14:14,690 [INFO] src.autoclave.devices.door: Iniciando cierre de puerta.
2026-01-19 15:14:14,692 [INFO] src.autoclave.devices.door: Actuador de cierre desactivado.
2026-01-19 15:14:14,693 [INFO] src.autoclave.devices.door: Desbloqueo de puerta desactivado.
2026-01-19 15:14:14,694 [INFO] src.autoclave.devices.door: Bomba de vacio apagada.
2026-01-19 15:14:14,695 [INFO] src.autoclave.devices.door: Bloqueo de puerta activado.
2026-01-19 15:14:14,696 [INFO] src.autoclave.devices.door: Bloqueo de puerta desactivado.
2026-01-19 15:14:14,697 [INFO] src.autoclave.devices.door: Puerta cerrada correctamente.
2026-01-19 15:14:14,698 [INFO] src.autoclave.devices.door: Bomba de vacio encendida.
2026-01-19 15:14:14,698 [INFO] src.autoclave.devices.door: Desbloqueo de puerta activado.
2026-01-19 15:14:14,699 [INFO] src.autoclave.devices.door: Iniciando cierre de puerta.
2026-01-19 15:14:14,700 [INFO] src.autoclave.devices.door: Actuador de cierre desactivado.
2026-01-19 15:14:14,702 [INFO] src.autoclave.devices.door: Desbloqueo de puerta desactivado.
2026-01-19 15:14:14,703 [INFO] src.autoclave.devices.door: Bomba de vacio apagada.
2026-01-19 15:14:14,705 [INFO] src.autoclave.devices.door: Bloqueo de puerta activado.
2026-01-19 15:14:14,706 [INFO] src.autoclave.devices.door: Bloqueo de puerta desactivado.
2026-01-19 15:14:14,708 [INFO] src.autoclave.devices.door: Puerta cerrada correctamente.
2026-01-19 15:14:14,709 [INFO] __main__: Puerta Puerta 1: CERRANDO -> CERRADO
2026-01-19 15:14:14,710 [INFO] __main__: Puerta Puerta 1 cerrada.
2026-01-19 15:14:14,710 [INFO] __main__: Puerta Puerta 2: CERRANDO -> CERRADO
2026-01-19 15:14:14,711 [INFO] __main__: Puerta Puerta 2 cerrada.
2026-01-19 15:15:29,852 [INFO] sqlalchemy.engine.Engine: BEGIN (implicit)
2026-01-19 15:15:29,853 [INFO] sqlalchemy.engine.Engine: PRAGMA main.table_info("ac_puerto")
2026-01-19 15:15:29,854 [INFO] sqlalchemy.engine.Engine: [raw sql] ()
2026-01-19 15:15:29,856 [INFO] sqlalchemy.engine.Engine: PRAGMA main.table_info("ac_pantalla_control")
2026-01-19 15:15:29,857 [INFO] sqlalchemy.engine.Engine: [raw sql] ()
2026-01-19 15:15:29,858 [INFO] sqlalchemy.engine.Engine: PRAGMA main.table_info("proceso_control")
2026-01-19 15:15:29,859 [INFO] sqlalchemy.engine.Engine: [raw sql] ()
2026-01-19 15:15:29,859 [INFO] sqlalchemy.engine.Engine: PRAGMA main.table_info("proceso_fase")
2026-01-19 15:15:29,860 [INFO] sqlalchemy.engine.Engine: [raw sql] ()
2026-01-19 15:15:29,861 [INFO] sqlalchemy.engine.Engine: PRAGMA main.table_info("proceso_fase_parametro")
2026-01-19 15:15:29,861 [INFO] sqlalchemy.engine.Engine: [raw sql] ()
2026-01-19 15:15:29,862 [INFO] sqlalchemy.engine.Engine: COMMIT
2026-01-19 15:15:30,061 [INFO] __main__: Iniciando la aplicación Autoclave...
2026-01-19 15:15:30,074 [INFO] autoclave: Iniciando SerialLink...
2026-01-19 15:15:30,076 [INFO] autoclave: SerialLink id: 1612477915424
2026-01-19 15:15:30,189 [INFO] src.autoclave.services.control_loop: Iniciando el bucle de control...
2026-01-19 15:15:30,190 [INFO] autoclave: SerialLink id: 1612477915424
2026-01-19 15:15:30,191 [INFO] src.autoclave.services.control_loop: Esperando conexión con ESP32...
2026-01-19 15:15:30,195 [INFO] autoclave: connected: True
2026-01-19 15:15:30,195 [INFO] autoclave: Conectado a ESP32 en COM3
2026-01-19 15:15:30,391 [INFO] autoclave: SerialLink id: 1612477915424
2026-01-19 15:15:30,392 [INFO] autoclave: SerialLink id: 1612477915424
2026-01-19 15:15:30,392 [INFO] src.autoclave.services.control_loop: Conexión establecida. Iniciando actualización de puertas...
2026-01-19 15:15:30,443 [INFO] src.autoclave.ui.ui_main.main_window: ✅ Interfaz creada correctamente.
2026-01-19 15:15:31,393 [ERROR] src.autoclave.devices.door: Error: Estado inicial de puerta inconsistente .
2026-01-19 15:15:31,393 [ERROR] src.autoclave.devices.door: Error: Estado inicial de puerta inconsistente .
2026-01-19 15:15:33,195 [WARNING] src.autoclave.devices.door: Recuperación de error: Estado inconsistente, iniciando cierre.
2026-01-19 15:15:33,496 [WARNING] src.autoclave.devices.door: Recuperación de error: Estado inconsistente, iniciando cierre.
2026-01-19 15:15:33,498 [INFO] __main__: Puerta Puerta 1: ERROR -> CERRANDO
2026-01-19 15:15:33,499 [INFO] __main__: Puerta Puerta 1 cerrándose...
2026-01-19 15:15:33,499 [INFO] __main__: Puerta Puerta 2: ERROR -> CERRANDO
2026-01-19 15:15:33,500 [INFO] __main__: Puerta Puerta 2 cerrándose...
2026-01-19 15:15:35,002 [INFO] src.autoclave.devices.door: Bomba de vacio encendida.
2026-01-19 15:15:35,004 [INFO] src.autoclave.devices.door: Desbloqueo de puerta activado.
2026-01-19 15:15:35,005 [INFO] src.autoclave.devices.door: Iniciando cierre de puerta.
2026-01-19 15:15:35,005 [INFO] src.autoclave.devices.door: Actuador de cierre desactivado.
2026-01-19 15:15:35,006 [INFO] src.autoclave.devices.door: Desbloqueo de puerta desactivado.
2026-01-19 15:15:35,015 [INFO] src.autoclave.devices.door: Bomba de vacio apagada.
2026-01-19 15:15:35,020 [INFO] src.autoclave.devices.door: Bloqueo de puerta activado.
2026-01-19 15:15:35,023 [INFO] src.autoclave.devices.door: Bloqueo de puerta desactivado.
2026-01-19 15:15:35,024 [INFO] src.autoclave.devices.door: Puerta cerrada correctamente.
2026-01-19 15:15:35,025 [INFO] src.autoclave.devices.door: Bomba de vacio encendida.
2026-01-19 15:15:35,026 [INFO] src.autoclave.devices.door: Desbloqueo de puerta activado.
2026-01-19 15:15:35,027 [INFO] src.autoclave.devices.door: Iniciando cierre de puerta.
2026-01-19 15:15:35,027 [INFO] src.autoclave.devices.door: Actuador de cierre desactivado.
2026-01-19 15:15:35,028 [INFO] src.autoclave.devices.door: Desbloqueo de puerta desactivado.
2026-01-19 15:15:35,029 [INFO] src.autoclave.devices.door: Bomba de vacio apagada.
2026-01-19 15:15:35,033 [INFO] src.autoclave.devices.door: Bloqueo de puerta activado.
2026-01-19 15:15:35,033 [INFO] src.autoclave.devices.door: Bloqueo de puerta desactivado.
2026-01-19 15:15:35,034 [INFO] src.autoclave.devices.door: Puerta cerrada correctamente.
2026-01-19 15:15:35,035 [INFO] __main__: Puerta Puerta 1: CERRANDO -> CERRADO
2026-01-19 15:15:35,035 [INFO] __main__: Puerta Puerta 1 cerrada.
2026-01-19 15:15:35,036 [INFO] __main__: Puerta Puerta 2: CERRANDO -> CERRADO
2026-01-19 15:15:35,036 [INFO] __main__: Puerta Puerta 2 cerrada.
2026-01-19 15:15:52,062 [INFO] __main__: Comando de apertura de puerta enviado.
2026-01-19 15:15:53,058 [INFO] src.autoclave.devices.door: Bomba de vacio encendida.
2026-01-19 15:15:53,061 [INFO] src.autoclave.devices.door: Desbloqueo de puerta activado.
2026-01-19 15:15:53,062 [INFO] src.autoclave.devices.door: presion empaque: 304.39 kPa.
2026-01-19 15:15:53,062 [INFO] __main__: Puerta Puerta 1: CERRADO -> ABRIENDO
2026-01-19 15:15:53,063 [INFO] __main__: Puerta Puerta 1 abriéndose...
2026-01-19 15:15:54,564 [INFO] src.autoclave.devices.door: presion empaque: 305.95 kPa.
2026-01-19 15:15:56,066 [INFO] src.autoclave.devices.door: presion empaque: 305.4 kPa.
2026-01-19 15:15:57,569 [INFO] src.autoclave.devices.door: presion empaque: 302.89 kPa.
2026-01-19 15:15:59,073 [INFO] src.autoclave.devices.door: presion empaque: 304.54 kPa.
2026-01-19 15:16:00,575 [INFO] src.autoclave.devices.door: presion empaque: 307.4 kPa.
2026-01-19 15:16:02,076 [INFO] src.autoclave.devices.door: presion empaque: 305.11 kPa.
2026-01-19 15:16:03,579 [INFO] src.autoclave.devices.door: presion empaque: 306.36 kPa.
2026-01-19 15:16:05,080 [INFO] src.autoclave.devices.door: presion empaque: 304.42 kPa.
2026-01-19 15:16:06,582 [INFO] src.autoclave.devices.door: presion empaque: 105.19 kPa.
2026-01-19 15:16:08,085 [INFO] src.autoclave.devices.door: presion empaque: 4.24 kPa.
2026-01-19 15:16:08,085 [INFO] src.autoclave.devices.door: Actuador de apertura activado.
2026-01-19 15:16:09,586 [INFO] src.autoclave.devices.door: presion empaque: 0.12 kPa.
2026-01-19 15:16:09,587 [INFO] src.autoclave.devices.door: Actuador de apertura activado.
2026-01-19 15:16:11,089 [INFO] src.autoclave.devices.door: presion empaque: 0.0 kPa.
2026-01-19 15:16:11,091 [INFO] src.autoclave.devices.door: Actuador de apertura activado.
2026-01-19 15:16:12,592 [INFO] src.autoclave.devices.door: presion empaque: 0.0 kPa.
2026-01-19 15:16:12,593 [INFO] src.autoclave.devices.door: Actuador de apertura activado.
2026-01-19 15:16:14,094 [INFO] src.autoclave.devices.door: presion empaque: 0.0 kPa.
2026-01-19 15:16:14,095 [INFO] src.autoclave.devices.door: Actuador de apertura activado.
2026-01-19 15:16:15,596 [INFO] src.autoclave.devices.door: presion empaque: 0.0 kPa.
2026-01-19 15:16:15,598 [INFO] src.autoclave.devices.door: Actuador de apertura activado.
2026-01-19 15:16:17,099 [INFO] src.autoclave.devices.door: presion empaque: 0.0 kPa.
2026-01-19 15:16:17,100 [INFO] src.autoclave.devices.door: Actuador de apertura activado.
2026-01-19 15:16:18,602 [INFO] src.autoclave.devices.door: presion empaque: 0.0 kPa.
2026-01-19 15:16:18,604 [INFO] src.autoclave.devices.door: Actuador de apertura activado.
2026-01-19 15:16:20,105 [INFO] src.autoclave.devices.door: presion empaque: 0.0 kPa.
2026-01-19 15:16:20,107 [INFO] src.autoclave.devices.door: Actuador de apertura activado.
2026-01-19 15:16:21,608 [INFO] src.autoclave.devices.door: presion empaque: 0.0 kPa.
2026-01-19 15:16:21,609 [INFO] src.autoclave.devices.door: Actuador de apertura activado.
2026-01-19 15:16:23,111 [INFO] src.autoclave.devices.door: presion empaque: 0.0 kPa.
2026-01-19 15:16:23,112 [INFO] src.autoclave.devices.door: Actuador de apertura activado.
2026-01-19 15:16:24,614 [INFO] src.autoclave.devices.door: presion empaque: 0.0 kPa.
2026-01-19 15:16:24,615 [INFO] src.autoclave.devices.door: Actuador de apertura activado.
2026-01-19 15:16:26,116 [INFO] src.autoclave.devices.door: presion empaque: 0.0 kPa.
2026-01-19 15:16:26,118 [INFO] src.autoclave.devices.door: Actuador de apertura activado.
2026-01-19 15:16:27,620 [INFO] src.autoclave.devices.door: presion empaque: 0.0 kPa.
2026-01-19 15:16:27,621 [INFO] src.autoclave.devices.door: Actuador de apertura activado.
2026-01-19 15:16:29,123 [INFO] src.autoclave.devices.door: presion empaque: 0.0 kPa.
2026-01-19 15:16:29,124 [INFO] src.autoclave.devices.door: Actuador de apertura activado.
2026-01-19 15:16:30,625 [INFO] src.autoclave.devices.door: presion empaque: 0.0 kPa.
2026-01-19 15:16:30,626 [INFO] src.autoclave.devices.door: Actuador de apertura activado.
2026-01-19 15:16:32,127 [INFO] src.autoclave.devices.door: presion empaque: 0.0 kPa.
2026-01-19 15:16:32,129 [INFO] src.autoclave.devices.door: Actuador de apertura activado.
2026-01-19 15:16:33,630 [INFO] src.autoclave.devices.door: presion empaque: 0.0 kPa.
2026-01-19 15:16:33,631 [INFO] src.autoclave.devices.door: Actuador de apertura activado.
2026-01-19 15:16:35,133 [INFO] src.autoclave.devices.door: presion empaque: 0.0 kPa.
2026-01-19 15:16:35,136 [INFO] src.autoclave.devices.door: Actuador de apertura activado.
2026-01-19 15:16:36,638 [INFO] src.autoclave.devices.door: presion empaque: 0.0 kPa.
2026-01-19 15:16:36,638 [INFO] src.autoclave.devices.door: Actuador de apertura activado.
2026-01-19 15:16:38,140 [INFO] src.autoclave.devices.door: presion empaque: 0.0 kPa.
2026-01-19 15:16:38,141 [INFO] src.autoclave.devices.door: Actuador de apertura activado.
2026-01-19 15:16:39,642 [INFO] src.autoclave.devices.door: presion empaque: 0.0 kPa.
2026-01-19 15:16:39,643 [INFO] src.autoclave.devices.door: Actuador de apertura activado.
2026-01-19 15:16:39,643 [INFO] src.autoclave.devices.door: Actuador de apertura desactivado.
2026-01-19 15:16:39,644 [INFO] src.autoclave.devices.door: Bomba de vacio apagada.
2026-01-19 15:16:39,645 [INFO] src.autoclave.devices.door: Desbloqueo de puerta desactivado.
2026-01-19 15:16:39,645 [INFO] src.autoclave.devices.door: Puerta abierta correctamente.
2026-01-19 15:16:39,645 [INFO] __main__: Puerta Puerta 1: ABRIENDO -> ABIERTO
2026-01-19 15:16:39,646 [INFO] __main__: Puerta Puerta 1 abierta.
2026-01-19 15:16:47,951 [INFO] __main__: Comando de cierre de puerta enviado.
2026-01-19 15:16:48,665 [INFO] src.autoclave.devices.door: Bomba de vacio encendida.
2026-01-19 15:16:48,667 [INFO] src.autoclave.devices.door: Desbloqueo de puerta activado.
2026-01-19 15:16:48,667 [INFO] src.autoclave.devices.door: Iniciando cierre de puerta.
2026-01-19 15:16:48,667 [INFO] src.autoclave.devices.door: Actuador de cierre activado.
2026-01-19 15:16:48,668 [INFO] __main__: Puerta Puerta 1: ABIERTO -> CERRANDO
2026-01-19 15:16:48,669 [INFO] __main__: Puerta Puerta 1 cerrándose...
2026-01-19 15:16:50,174 [INFO] src.autoclave.devices.door: Actuador de cierre activado.
2026-01-19 15:16:51,677 [INFO] src.autoclave.devices.door: Actuador de cierre activado.
2026-01-19 15:16:53,179 [INFO] src.autoclave.devices.door: Actuador de cierre activado.
2026-01-19 15:16:54,681 [INFO] src.autoclave.devices.door: Actuador de cierre activado.
2026-01-19 15:16:56,184 [INFO] src.autoclave.devices.door: Actuador de cierre activado.
2026-01-19 15:16:57,686 [INFO] src.autoclave.devices.door: Actuador de cierre activado.
2026-01-19 15:16:59,189 [INFO] src.autoclave.devices.door: Actuador de cierre activado.
2026-01-19 15:17:00,691 [INFO] src.autoclave.devices.door: Actuador de cierre activado.
2026-01-19 15:17:02,194 [INFO] src.autoclave.devices.door: Actuador de cierre activado.
2026-01-19 15:17:03,698 [INFO] src.autoclave.devices.door: Actuador de cierre activado.
2026-01-19 15:17:05,200 [INFO] src.autoclave.devices.door: Actuador de cierre activado.
2026-01-19 15:17:06,702 [INFO] src.autoclave.devices.door: Actuador de cierre activado.
2026-01-19 15:17:08,206 [INFO] src.autoclave.devices.door: Actuador de cierre activado.
2026-01-19 15:17:08,207 [INFO] src.autoclave.devices.door: Actuador de cierre desactivado.
2026-01-19 15:17:08,208 [INFO] src.autoclave.devices.door: Desbloqueo de puerta desactivado.
2026-01-19 15:17:08,208 [INFO] src.autoclave.devices.door: Bomba de vacio apagada.
2026-01-19 15:17:08,209 [INFO] src.autoclave.devices.door: Bloqueo de puerta activado.
2026-01-19 15:17:08,211 [INFO] src.autoclave.devices.door: Bloqueo de puerta desactivado.
2026-01-19 15:17:08,211 [ERROR] src.autoclave.devices.door: Error: Presión de empaque insuficiente al cerrar.
2026-01-19 15:17:08,212 [INFO] __main__: Puerta Puerta 1: CERRANDO -> ERROR
2026-01-19 15:17:08,212 [ERROR] __main__: ¡Error en puerta Puerta 1!
2026-01-19 15:17:10,013 [WARNING] src.autoclave.devices.door: Recuperación de error: Estado inconsistente, iniciando cierre.
2026-01-19 15:17:10,015 [INFO] __main__: Puerta Puerta 1: ERROR -> CERRANDO
2026-01-19 15:17:10,015 [INFO] __main__: Puerta Puerta 1 cerrándose...
2026-01-19 15:17:11,518 [INFO] src.autoclave.devices.door: Bomba de vacio encendida.
2026-01-19 15:17:11,520 [INFO] src.autoclave.devices.door: Desbloqueo de puerta activado.
2026-01-19 15:17:11,520 [INFO] src.autoclave.devices.door: Iniciando cierre de puerta.
2026-01-19 15:17:11,521 [INFO] src.autoclave.devices.door: Actuador de cierre desactivado.
2026-01-19 15:17:11,522 [INFO] src.autoclave.devices.door: Desbloqueo de puerta desactivado.
2026-01-19 15:17:11,523 [INFO] src.autoclave.devices.door: Bomba de vacio apagada.
2026-01-19 15:17:11,524 [INFO] src.autoclave.devices.door: Bloqueo de puerta activado.
2026-01-19 15:17:11,525 [INFO] src.autoclave.devices.door: Bloqueo de puerta desactivado.
2026-01-19 15:17:11,525 [INFO] src.autoclave.devices.door: Puerta cerrada correctamente.
2026-01-19 15:17:11,526 [INFO] __main__: Puerta Puerta 1: CERRANDO -> CERRADO
2026-01-19 15:17:11,526 [INFO] __main__: Puerta Puerta 1 cerrada.
2026-01-19 15:17:29,554 [ERROR] src.autoclave.devices.door: Error: Inconsistencia detectada, puerta no está cerrada.
2026-01-19 15:17:29,555 [INFO] __main__: Puerta Puerta 1: CERRADO -> ERROR
2026-01-19 15:17:29,556 [ERROR] __main__: ¡Error en puerta Puerta 1!
2026-01-19 15:17:31,058 [ERROR] src.autoclave.devices.door: Error persistente: Estado de puerta inconsistente.
2026-01-19 15:17:32,559 [ERROR] src.autoclave.devices.door: Error persistente: Estado de puerta inconsistente.
2026-01-19 15:17:34,061 [INFO] src.autoclave.devices.door: Recuperación de error: Estado detectado ABIERTO.
2026-01-19 15:17:34,062 [INFO] __main__: Puerta Puerta 1: ERROR -> ABIERTO
2026-01-19 15:17:34,062 [INFO] __main__: Puerta Puerta 1 abierta.
2026-01-19 15:21:04,225 [ERROR] src.autoclave.devices.door: Error: Inconsistencia detectada, presión de empaque insuficiente.
2026-01-19 15:21:04,228 [INFO] __main__: Puerta Puerta 2: CERRADO -> ERROR
2026-01-19 15:21:04,228 [ERROR] __main__: ¡Error en puerta Puerta 2!
2026-01-19 15:21:06,030 [INFO] src.autoclave.devices.door: Recuperación de error: Estado detectado CERRADO.
2026-01-19 15:21:06,031 [INFO] __main__: Puerta Puerta 2: ERROR -> CERRADO
2026-01-19 15:21:06,032 [INFO] __main__: Puerta Puerta 2 cerrada.
2026-01-19 15:21:48,061 [INFO] sqlalchemy.engine.Engine: BEGIN (implicit)
2026-01-19 15:21:48,063 [INFO] sqlalchemy.engine.Engine: PRAGMA main.table_info("ac_puerto")
2026-01-19 15:21:48,064 [INFO] sqlalchemy.engine.Engine: [raw sql] ()
2026-01-19 15:21:48,066 [INFO] sqlalchemy.engine.Engine: PRAGMA main.table_info("ac_pantalla_control")
2026-01-19 15:21:48,066 [INFO] sqlalchemy.engine.Engine: [raw sql] ()
2026-01-19 15:21:48,067 [INFO] sqlalchemy.engine.Engine: PRAGMA main.table_info("proceso_control")
2026-01-19 15:21:48,068 [INFO] sqlalchemy.engine.Engine: [raw sql] ()
2026-01-19 15:21:48,069 [INFO] sqlalchemy.engine.Engine: PRAGMA main.table_info("proceso_fase")
2026-01-19 15:21:48,070 [INFO] sqlalchemy.engine.Engine: [raw sql] ()
2026-01-19 15:21:48,071 [INFO] sqlalchemy.engine.Engine: PRAGMA main.table_info("proceso_fase_parametro")
2026-01-19 15:21:48,072 [INFO] sqlalchemy.engine.Engine: [raw sql] ()
2026-01-19 15:21:48,073 [INFO] sqlalchemy.engine.Engine: COMMIT
2026-01-19 15:21:48,297 [INFO] __main__: Iniciando la aplicación Autoclave...
2026-01-19 15:21:48,311 [INFO] autoclave: Iniciando SerialLink...
2026-01-19 15:21:48,313 [INFO] autoclave: SerialLink id: 2276640153888
2026-01-19 15:21:48,448 [INFO] src.autoclave.services.control_loop: Iniciando el bucle de control...
2026-01-19 15:21:48,449 [INFO] autoclave: SerialLink id: 2276640153888
2026-01-19 15:21:48,450 [INFO] src.autoclave.services.control_loop: Esperando conexión con ESP32...
2026-01-19 15:21:48,456 [INFO] autoclave: connected: True
2026-01-19 15:21:48,457 [INFO] autoclave: Conectado a ESP32 en COM3
2026-01-19 15:21:48,650 [INFO] autoclave: SerialLink id: 2276640153888
2026-01-19 15:21:48,651 [INFO] autoclave: SerialLink id: 2276640153888
2026-01-19 15:21:48,651 [INFO] src.autoclave.services.control_loop: Conexión establecida. Iniciando actualización de puertas...
2026-01-19 15:21:48,746 [INFO] src.autoclave.ui.ui_main.main_window: ✅ Interfaz creada correctamente.
2026-01-19 15:21:49,652 [ERROR] src.autoclave.devices.door: Error: Estado inicial de puerta inconsistente .
2026-01-19 15:21:49,953 [WARNING] src.autoclave.devices.door: Estado inicial inconsistente: Puerta cerrada pero presión de empaque baja, iniciando cierre.
2026-01-19 15:21:51,455 [ERROR] src.autoclave.devices.door: Error persistente: Estado de puerta inconsistente.
2026-01-19 15:21:51,456 [INFO] src.autoclave.devices.door: Bomba de vacio encendida.
2026-01-19 15:21:51,457 [INFO] src.autoclave.devices.door: Desbloqueo de puerta activado.
2026-01-19 15:21:51,457 [INFO] src.autoclave.devices.door: Iniciando cierre de puerta.
2026-01-19 15:21:51,458 [INFO] src.autoclave.devices.door: Actuador de cierre desactivado.
2026-01-19 15:21:51,458 [INFO] src.autoclave.devices.door: Desbloqueo de puerta desactivado.
2026-01-19 15:21:51,459 [INFO] src.autoclave.devices.door: Bomba de vacio apagada.
2026-01-19 15:21:51,460 [INFO] src.autoclave.devices.door: Bloqueo de puerta activado.
2026-01-19 15:21:51,462 [INFO] src.autoclave.devices.door: Bloqueo de puerta desactivado.
2026-01-19 15:21:51,462 [ERROR] src.autoclave.devices.door: Error: Presión de empaque insuficiente al cerrar.
2026-01-19 15:21:51,463 [INFO] __main__: Puerta Puerta 2: CERRANDO -> ERROR
2026-01-19 15:21:51,465 [ERROR] __main__: ¡Error en puerta Puerta 2!
2026-01-19 15:21:52,968 [ERROR] src.autoclave.devices.door: Error persistente: Estado de puerta inconsistente.
2026-01-19 15:21:53,269 [INFO] src.autoclave.devices.door: Recuperación de error: Estado detectado CERRADO.
2026-01-19 15:21:53,271 [INFO] __main__: Puerta Puerta 2: ERROR -> CERRADO
2026-01-19 15:21:53,271 [INFO] __main__: Puerta Puerta 2 cerrada.
2026-01-19 15:21:54,772 [ERROR] src.autoclave.devices.door: Error persistente: Estado de puerta inconsistente.
2026-01-19 15:21:56,274 [ERROR] src.autoclave.devices.door: Error persistente: Estado de puerta inconsistente.
2026-01-19 15:21:57,776 [ERROR] src.autoclave.devices.door: Error persistente: Estado de puerta inconsistente.
2026-01-19 15:21:59,278 [ERROR] src.autoclave.devices.door: Error persistente: Estado de puerta inconsistente.
2026-01-19 15:22:00,780 [ERROR] src.autoclave.devices.door: Error persistente: Estado de puerta inconsistente.
2026-01-19 15:22:02,282 [ERROR] src.autoclave.devices.door: Error persistente: Estado de puerta inconsistente.
2026-01-19 15:22:03,784 [ERROR] src.autoclave.devices.door: Error persistente: Estado de puerta inconsistente.
2026-01-19 15:22:05,287 [ERROR] src.autoclave.devices.door: Error persistente: Estado de puerta inconsistente.
2026-01-19 15:22:06,790 [ERROR] src.autoclave.devices.door: Error persistente: Estado de puerta inconsistente.
2026-01-19 15:22:08,596 [INFO] src.autoclave.devices.door: Recuperación de error: Estado detectado CERRADO.
2026-01-19 15:22:08,597 [INFO] __main__: Puerta Puerta 1: ERROR -> CERRADO
2026-01-19 15:22:08,597 [INFO] __main__: Puerta Puerta 1 cerrada.
2026-01-19 15:22:20,604 [ERROR] src.autoclave.devices.door: Error: Inconsistencia detectada, puerta no está cerrada.
2026-01-19 15:22:20,605 [INFO] __main__: Puerta Puerta 2: CERRADO -> ERROR
2026-01-19 15:22:20,605 [ERROR] __main__: ¡Error en puerta Puerta 2!
2026-01-19 15:22:22,107 [ERROR] src.autoclave.devices.door: Error persistente: Estado de puerta inconsistente.
2026-01-19 15:22:23,609 [ERROR] src.autoclave.devices.door: Error persistente: Estado de puerta inconsistente.
2026-01-19 15:22:25,422 [INFO] src.autoclave.devices.door: Recuperación de error: Estado detectado CERRADO.
2026-01-19 15:22:25,424 [INFO] __main__: Puerta Puerta 2: ERROR -> CERRADO
2026-01-19 15:22:25,424 [INFO] __main__: Puerta Puerta 2 cerrada.
2026-01-19 15:23:08,956 [ERROR] src.autoclave.devices.door: Error: Inconsistencia detectada, presión de empaque insuficiente.
2026-01-19 15:23:08,957 [INFO] __main__: Puerta Puerta 1: CERRADO -> ERROR
2026-01-19 15:23:08,957 [ERROR] __main__: ¡Error en puerta Puerta 1!
2026-01-19 15:23:10,759 [INFO] src.autoclave.devices.door: Recuperación de error: Estado detectado CERRADO.
2026-01-19 15:23:10,760 [INFO] __main__: Puerta Puerta 1: ERROR -> CERRADO
2026-01-19 15:23:10,761 [INFO] __main__: Puerta Puerta 1 cerrada.
2026-01-19 15:23:36,276 [ERROR] src.autoclave.devices.door: Error: Inconsistencia detectada, presión de empaque insuficiente.
2026-01-19 15:23:36,276 [INFO] __main__: Puerta Puerta 1: CERRADO -> ERROR
2026-01-19 15:23:36,277 [ERROR] __main__: ¡Error en puerta Puerta 1!
2026-01-19 15:23:38,078 [INFO] src.autoclave.devices.door: Recuperación de error: Estado detectado CERRADO.
2026-01-19 15:23:38,079 [INFO] __main__: Puerta Puerta 1: ERROR -> CERRADO
2026-01-19 15:23:38,080 [INFO] __main__: Puerta Puerta 1 cerrada.
2026-01-19 15:23:47,085 [ERROR] src.autoclave.devices.door: Error: Inconsistencia detectada, presión de empaque insuficiente.
2026-01-19 15:23:47,088 [INFO] __main__: Puerta Puerta 2: CERRADO -> ERROR
2026-01-19 15:23:47,089 [ERROR] __main__: ¡Error en puerta Puerta 2!
2026-01-19 15:23:48,893 [INFO] src.autoclave.devices.door: Recuperación de error: Estado detectado CERRADO.
2026-01-19 15:23:48,894 [INFO] __main__: Puerta Puerta 2: ERROR -> CERRADO
2026-01-19 15:23:48,895 [INFO] __main__: Puerta Puerta 2 cerrada.
2026-01-19 15:23:51,897 [ERROR] src.autoclave.devices.door: Error: Inconsistencia detectada, presión de empaque insuficiente.
2026-01-19 15:23:51,898 [INFO] __main__: Puerta Puerta 1: CERRADO -> ERROR
2026-01-19 15:23:51,899 [ERROR] __main__: ¡Error en puerta Puerta 1!
2026-01-19 15:23:53,701 [INFO] src.autoclave.devices.door: Recuperación de error: Estado detectado CERRADO.
2026-01-19 15:23:53,702 [INFO] __main__: Puerta Puerta 1: ERROR -> CERRADO
2026-01-19 15:23:53,703 [INFO] __main__: Puerta Puerta 1 cerrada.
2026-01-19 15:24:01,234 [ERROR] src.autoclave.devices.door: Error: Inconsistencia detectada, presión de empaque insuficiente.
2026-01-19 15:24:01,242 [INFO] __main__: Puerta Puerta 2: CERRADO -> ERROR
2026-01-19 15:24:01,248 [ERROR] __main__: ¡Error en puerta Puerta 2!
2026-01-19 15:24:03,050 [INFO] src.autoclave.devices.door: Recuperación de error: Estado detectado CERRADO.
2026-01-19 15:24:03,051 [INFO] __main__: Puerta Puerta 2: ERROR -> CERRADO
2026-01-19 15:24:03,051 [INFO] __main__: Puerta Puerta 2 cerrada.
2026-01-19 15:24:04,553 [ERROR] src.autoclave.devices.door: Error: Inconsistencia detectada, presión de empaque insuficiente.
2026-01-19 15:24:04,554 [INFO] __main__: Puerta Puerta 2: CERRADO -> ERROR
2026-01-19 15:24:04,555 [ERROR] __main__: ¡Error en puerta Puerta 2!
2026-01-19 15:24:06,358 [INFO] src.autoclave.devices.door: Recuperación de error: Estado detectado CERRADO.
2026-01-19 15:24:06,358 [INFO] __main__: Puerta Puerta 2: ERROR -> CERRADO
2026-01-19 15:24:06,359 [INFO] __main__: Puerta Puerta 2 cerrada.
2026-01-19 15:24:24,371 [ERROR] src.autoclave.devices.door: Error: Inconsistencia detectada, presión de empaque insuficiente.
2026-01-19 15:24:24,372 [INFO] __main__: Puerta Puerta 2: CERRADO -> ERROR
2026-01-19 15:24:24,372 [ERROR] __main__: ¡Error en puerta Puerta 2!
2026-01-19 15:24:26,176 [INFO] src.autoclave.devices.door: Recuperación de error: Estado detectado CERRADO.
2026-01-19 15:24:26,177 [INFO] __main__: Puerta Puerta 2: ERROR -> CERRADO
2026-01-19 15:24:26,177 [INFO] __main__: Puerta Puerta 2 cerrada.
2026-01-19 15:24:27,679 [ERROR] src.autoclave.devices.door: Error: Inconsistencia detectada, presión de empaque insuficiente.
2026-01-19 15:24:27,680 [INFO] __main__: Puerta Puerta 1: CERRADO -> ERROR
2026-01-19 15:24:27,681 [ERROR] __main__: ¡Error en puerta Puerta 1!
2026-01-19 15:24:29,483 [INFO] src.autoclave.devices.door: Recuperación de error: Estado detectado CERRADO.
2026-01-19 15:24:29,485 [INFO] __main__: Puerta Puerta 1: ERROR -> CERRADO
2026-01-19 15:24:29,486 [INFO] __main__: Puerta Puerta 1 cerrada.
2026-01-19 15:24:32,489 [ERROR] src.autoclave.devices.door: Error: Inconsistencia detectada, presión de empaque insuficiente.
2026-01-19 15:24:32,490 [INFO] __main__: Puerta Puerta 2: CERRADO -> ERROR
2026-01-19 15:24:32,491 [ERROR] __main__: ¡Error en puerta Puerta 2!
2026-01-19 15:24:34,293 [WARNING] src.autoclave.devices.door: Recuperación de error: Estado inconsistente, iniciando cierre.
2026-01-19 15:24:34,295 [INFO] __main__: Puerta Puerta 2: ERROR -> CERRANDO
2026-01-19 15:24:34,296 [INFO] __main__: Puerta Puerta 2 cerrándose...
2026-01-19 15:24:35,800 [INFO] src.autoclave.devices.door: Bomba de vacio encendida.
2026-01-19 15:24:35,803 [INFO] src.autoclave.devices.door: Desbloqueo de puerta activado.
2026-01-19 15:24:35,803 [INFO] src.autoclave.devices.door: Iniciando cierre de puerta.
2026-01-19 15:24:35,804 [INFO] src.autoclave.devices.door: Actuador de cierre desactivado.
2026-01-19 15:24:35,804 [INFO] src.autoclave.devices.door: Desbloqueo de puerta desactivado.
2026-01-19 15:24:35,805 [INFO] src.autoclave.devices.door: Bomba de vacio apagada.
2026-01-19 15:24:35,807 [INFO] src.autoclave.devices.door: Bloqueo de puerta activado.
2026-01-19 15:24:35,808 [INFO] src.autoclave.devices.door: Bloqueo de puerta desactivado.
2026-01-19 15:24:35,808 [INFO] src.autoclave.devices.door: Puerta cerrada correctamente.
2026-01-19 15:24:35,808 [INFO] __main__: Puerta Puerta 2: CERRANDO -> CERRADO
2026-01-19 15:24:35,809 [INFO] __main__: Puerta Puerta 2 cerrada.
2026-01-19 15:24:38,813 [ERROR] src.autoclave.devices.door: Error: Inconsistencia detectada, presión de empaque insuficiente.
2026-01-19 15:24:38,813 [INFO] __main__: Puerta Puerta 1: CERRADO -> ERROR
2026-01-19 15:24:38,814 [ERROR] __main__: ¡Error en puerta Puerta 1!
2026-01-19 15:24:40,616 [WARNING] src.autoclave.devices.door: Recuperación de error: Estado inconsistente, iniciando cierre.
2026-01-19 15:24:40,617 [INFO] __main__: Puerta Puerta 1: ERROR -> CERRANDO
2026-01-19 15:24:40,618 [INFO] __main__: Puerta Puerta 1 cerrándose...
2026-01-19 15:24:42,121 [INFO] src.autoclave.devices.door: Bomba de vacio encendida.
2026-01-19 15:24:42,123 [INFO] src.autoclave.devices.door: Desbloqueo de puerta activado.
2026-01-19 15:24:42,124 [INFO] src.autoclave.devices.door: Iniciando cierre de puerta.
2026-01-19 15:24:42,126 [INFO] src.autoclave.devices.door: Actuador de cierre desactivado.
2026-01-19 15:24:42,126 [INFO] src.autoclave.devices.door: Desbloqueo de puerta desactivado.
2026-01-19 15:24:42,127 [INFO] src.autoclave.devices.door: Bomba de vacio apagada.
2026-01-19 15:24:42,128 [INFO] src.autoclave.devices.door: Bloqueo de puerta activado.
2026-01-19 15:24:42,129 [INFO] src.autoclave.devices.door: Bloqueo de puerta desactivado.
2026-01-19 15:24:42,129 [INFO] src.autoclave.devices.door: Puerta cerrada correctamente.
2026-01-19 15:24:42,130 [INFO] __main__: Puerta Puerta 1: CERRANDO -> CERRADO
2026-01-19 15:24:42,130 [INFO] __main__: Puerta Puerta 1 cerrada.
2026-01-19 15:24:49,636 [ERROR] src.autoclave.devices.door: Error: Inconsistencia detectada, presión de empaque insuficiente.
2026-01-19 15:24:49,637 [INFO] __main__: Puerta Puerta 1: CERRADO -> ERROR
2026-01-19 15:24:49,638 [ERROR] __main__: ¡Error en puerta Puerta 1!
2026-01-19 15:24:51,442 [INFO] src.autoclave.devices.door: Recuperación de error: Estado detectado CERRADO.
2026-01-19 15:24:51,442 [INFO] __main__: Puerta Puerta 1: ERROR -> CERRADO
2026-01-19 15:24:51,443 [INFO] __main__: Puerta Puerta 1 cerrada.
2026-01-19 15:24:52,945 [ERROR] src.autoclave.devices.door: Error: Inconsistencia detectada, presión de empaque insuficiente.
2026-01-19 15:24:52,946 [INFO] __main__: Puerta Puerta 1: CERRADO -> ERROR
2026-01-19 15:24:52,947 [ERROR] __main__: ¡Error en puerta Puerta 1!
2026-01-19 15:24:54,749 [WARNING] src.autoclave.devices.door: Recuperación de error: Estado inconsistente, iniciando cierre.
2026-01-19 15:24:54,750 [INFO] __main__: Puerta Puerta 1: ERROR -> CERRANDO
2026-01-19 15:24:54,750 [INFO] __main__: Puerta Puerta 1 cerrándose...
2026-01-19 15:24:56,252 [INFO] src.autoclave.devices.door: Bomba de vacio encendida.
2026-01-19 15:24:56,253 [INFO] src.autoclave.devices.door: Desbloqueo de puerta activado.
2026-01-19 15:24:56,253 [INFO] src.autoclave.devices.door: Iniciando cierre de puerta.
2026-01-19 15:24:56,254 [INFO] src.autoclave.devices.door: Actuador de cierre desactivado.
2026-01-19 15:24:56,254 [INFO] src.autoclave.devices.door: Desbloqueo de puerta desactivado.
2026-01-19 15:24:56,255 [INFO] src.autoclave.devices.door: Bomba de vacio apagada.
2026-01-19 15:24:56,256 [INFO] src.autoclave.devices.door: Bloqueo de puerta activado.
2026-01-19 15:24:56,258 [INFO] src.autoclave.devices.door: Bloqueo de puerta desactivado.
2026-01-19 15:24:56,258 [INFO] src.autoclave.devices.door: Puerta cerrada correctamente.
2026-01-19 15:24:56,259 [INFO] __main__: Puerta Puerta 1: CERRANDO -> CERRADO
2026-01-19 15:24:56,259 [INFO] __main__: Puerta Puerta 1 cerrada.
2026-01-19 15:24:59,261 [ERROR] src.autoclave.devices.door: Error: Inconsistencia detectada, presión de empaque insuficiente.
2026-01-19 15:24:59,262 [ERROR] src.autoclave.devices.door: Error: Inconsistencia detectada, presión de empaque insuficiente.
2026-01-19 15:24:59,263 [INFO] __main__: Puerta Puerta 1: CERRADO -> ERROR
2026-01-19 15:24:59,264 [ERROR] __main__: ¡Error en puerta Puerta 1!
2026-01-19 15:24:59,265 [INFO] __main__: Puerta Puerta 2: CERRADO -> ERROR
2026-01-19 15:24:59,265 [ERROR] __main__: ¡Error en puerta Puerta 2!
2026-01-19 15:25:01,067 [WARNING] src.autoclave.devices.door: Recuperación de error: Estado inconsistente, iniciando cierre.
2026-01-19 15:25:01,369 [INFO] src.autoclave.devices.door: Recuperación de error: Estado detectado CERRADO.
2026-01-19 15:25:01,370 [INFO] __main__: Puerta Puerta 1: ERROR -> CERRANDO
2026-01-19 15:25:01,371 [INFO] __main__: Puerta Puerta 1 cerrándose...
2026-01-19 15:25:01,371 [INFO] __main__: Puerta Puerta 2: ERROR -> CERRADO
2026-01-19 15:25:01,372 [INFO] __main__: Puerta Puerta 2 cerrada.
2026-01-19 15:25:02,874 [INFO] src.autoclave.devices.door: Bomba de vacio encendida.
2026-01-19 15:25:02,877 [INFO] src.autoclave.devices.door: Desbloqueo de puerta activado.
2026-01-19 15:25:02,878 [INFO] src.autoclave.devices.door: Iniciando cierre de puerta.
2026-01-19 15:25:02,879 [INFO] src.autoclave.devices.door: Actuador de cierre desactivado.
2026-01-19 15:25:02,880 [INFO] src.autoclave.devices.door: Desbloqueo de puerta desactivado.
2026-01-19 15:25:02,880 [INFO] src.autoclave.devices.door: Bomba de vacio apagada.
2026-01-19 15:25:02,881 [INFO] src.autoclave.devices.door: Bloqueo de puerta activado.
2026-01-19 15:25:02,882 [INFO] src.autoclave.devices.door: Bloqueo de puerta desactivado.
2026-01-19 15:25:02,882 [INFO] src.autoclave.devices.door: Puerta cerrada correctamente.
2026-01-19 15:25:02,883 [INFO] __main__: Puerta Puerta 1: CERRANDO -> CERRADO
2026-01-19 15:25:02,883 [INFO] __main__: Puerta Puerta 1 cerrada.
2026-01-19 15:25:05,885 [ERROR] src.autoclave.devices.door: Error: Inconsistencia detectada, presión de empaque insuficiente.
2026-01-19 15:25:05,886 [INFO] __main__: Puerta Puerta 1: CERRADO -> ERROR
2026-01-19 15:25:05,887 [ERROR] __main__: ¡Error en puerta Puerta 1!
2026-01-19 15:25:07,689 [INFO] src.autoclave.devices.door: Recuperación de error: Estado detectado CERRADO.
2026-01-19 15:25:07,690 [INFO] __main__: Puerta Puerta 1: ERROR -> CERRADO
2026-01-19 15:25:07,691 [INFO] __main__: Puerta Puerta 1 cerrada.
2026-01-19 15:25:16,698 [ERROR] src.autoclave.devices.door: Error: Inconsistencia detectada, presión de empaque insuficiente.
2026-01-19 15:25:16,699 [INFO] __main__: Puerta Puerta 1: CERRADO -> ERROR
2026-01-19 15:25:16,700 [ERROR] __main__: ¡Error en puerta Puerta 1!
2026-01-19 15:25:18,502 [INFO] src.autoclave.devices.door: Recuperación de error: Estado detectado CERRADO.
2026-01-19 15:25:18,503 [INFO] __main__: Puerta Puerta 1: ERROR -> CERRADO
2026-01-19 15:25:18,504 [INFO] __main__: Puerta Puerta 1 cerrada.
2026-01-19 15:25:20,005 [ERROR] src.autoclave.devices.door: Error: Inconsistencia detectada, presión de empaque insuficiente.
2026-01-19 15:25:20,006 [INFO] __main__: Puerta Puerta 1: CERRADO -> ERROR
2026-01-19 15:25:20,006 [ERROR] __main__: ¡Error en puerta Puerta 1!
2026-01-19 15:25:21,808 [INFO] src.autoclave.devices.door: Recuperación de error: Estado detectado CERRADO.
2026-01-19 15:25:21,809 [ERROR] src.autoclave.devices.door: Error: Inconsistencia detectada, presión de empaque insuficiente.
2026-01-19 15:25:21,809 [INFO] __main__: Puerta Puerta 1: ERROR -> CERRADO
2026-01-19 15:25:21,809 [INFO] __main__: Puerta Puerta 1 cerrada.
2026-01-19 15:25:21,810 [INFO] __main__: Puerta Puerta 2: CERRADO -> ERROR
2026-01-19 15:25:21,810 [ERROR] __main__: ¡Error en puerta Puerta 2!
2026-01-19 15:25:23,311 [ERROR] src.autoclave.devices.door: Error: Inconsistencia detectada, presión de empaque insuficiente.
2026-01-19 15:25:23,612 [INFO] src.autoclave.devices.door: Recuperación de error: Estado detectado CERRADO.
2026-01-19 15:25:23,613 [INFO] __main__: Puerta Puerta 1: CERRADO -> ERROR
2026-01-19 15:25:23,613 [ERROR] __main__: ¡Error en puerta Puerta 1!
2026-01-19 15:25:23,614 [INFO] __main__: Puerta Puerta 2: ERROR -> CERRADO
2026-01-19 15:25:23,614 [INFO] __main__: Puerta Puerta 2 cerrada.
2026-01-19 15:25:25,416 [INFO] src.autoclave.devices.door: Recuperación de error: Estado detectado CERRADO.
2026-01-19 15:25:25,417 [INFO] __main__: Puerta Puerta 1: ERROR -> CERRADO
2026-01-19 15:25:25,418 [INFO] __main__: Puerta Puerta 1 cerrada.
2026-01-19 15:25:26,920 [ERROR] src.autoclave.devices.door: Error: Inconsistencia detectada, presión de empaque insuficiente.
2026-01-19 15:25:26,921 [INFO] __main__: Puerta Puerta 1: CERRADO -> ERROR
2026-01-19 15:25:26,922 [ERROR] __main__: ¡Error en puerta Puerta 1!
2026-01-19 15:25:28,724 [INFO] src.autoclave.devices.door: Recuperación de error: Estado detectado CERRADO.
2026-01-19 15:25:28,724 [INFO] __main__: Puerta Puerta 1: ERROR -> CERRADO
2026-01-19 15:25:28,725 [INFO] __main__: Puerta Puerta 1 cerrada.
2026-01-19 15:25:37,735 [ERROR] src.autoclave.devices.door: Error: Inconsistencia detectada, presión de empaque insuficiente.
2026-01-19 15:25:37,736 [INFO] __main__: Puerta Puerta 1: CERRADO -> ERROR
2026-01-19 15:25:37,736 [ERROR] __main__: ¡Error en puerta Puerta 1!
2026-01-19 15:25:39,538 [INFO] src.autoclave.devices.door: Recuperación de error: Estado detectado CERRADO.
2026-01-19 15:25:39,539 [INFO] __main__: Puerta Puerta 1: ERROR -> CERRADO
2026-01-19 15:25:39,539 [INFO] __main__: Puerta Puerta 1 cerrada.
2026-01-19 15:25:44,043 [ERROR] src.autoclave.devices.door: Error: Inconsistencia detectada, presión de empaque insuficiente.
2026-01-19 15:25:44,044 [INFO] __main__: Puerta Puerta 2: CERRADO -> ERROR
2026-01-19 15:25:44,044 [ERROR] __main__: ¡Error en puerta Puerta 2!
2026-01-19 15:25:45,848 [INFO] src.autoclave.devices.door: Recuperación de error: Estado detectado CERRADO.
2026-01-19 15:25:45,849 [INFO] __main__: Puerta Puerta 2: ERROR -> CERRADO
2026-01-19 15:25:45,849 [INFO] __main__: Puerta Puerta 2 cerrada.
2026-01-19 15:25:50,354 [ERROR] src.autoclave.devices.door: Error: Inconsistencia detectada, presión de empaque insuficiente.
2026-01-19 15:25:50,355 [INFO] __main__: Puerta Puerta 1: CERRADO -> ERROR
2026-01-19 15:25:50,355 [ERROR] __main__: ¡Error en puerta Puerta 1!
2026-01-19 15:25:52,157 [INFO] src.autoclave.devices.door: Recuperación de error: Estado detectado CERRADO.
2026-01-19 15:25:52,157 [INFO] __main__: Puerta Puerta 1: ERROR -> CERRADO
2026-01-19 15:25:52,158 [INFO] __main__: Puerta Puerta 1 cerrada.
2026-01-19 15:25:53,659 [ERROR] src.autoclave.devices.door: Error: Inconsistencia detectada, presión de empaque insuficiente.
2026-01-19 15:25:53,660 [INFO] __main__: Puerta Puerta 1: CERRADO -> ERROR
2026-01-19 15:25:53,660 [ERROR] __main__: ¡Error en puerta Puerta 1!
2026-01-19 15:25:55,462 [INFO] src.autoclave.devices.door: Recuperación de error: Estado detectado CERRADO.
2026-01-19 15:25:55,463 [INFO] __main__: Puerta Puerta 1: ERROR -> CERRADO
2026-01-19 15:25:55,464 [INFO] __main__: Puerta Puerta 1 cerrada.
2026-01-19 15:25:58,467 [ERROR] src.autoclave.devices.door: Error: Inconsistencia detectada, presión de empaque insuficiente.
2026-01-19 15:25:58,468 [INFO] __main__: Puerta Puerta 2: CERRADO -> ERROR
2026-01-19 15:25:58,469 [ERROR] __main__: ¡Error en puerta Puerta 2!
2026-01-19 15:26:00,275 [INFO] src.autoclave.devices.door: Recuperación de error: Estado detectado CERRADO.
2026-01-19 15:26:00,276 [INFO] __main__: Puerta Puerta 2: ERROR -> CERRADO
2026-01-19 15:26:00,278 [INFO] __main__: Puerta Puerta 2 cerrada.
2026-01-19 15:26:01,779 [ERROR] src.autoclave.devices.door: Error: Inconsistencia detectada, presión de empaque insuficiente.
2026-01-19 15:26:01,780 [INFO] __main__: Puerta Puerta 1: CERRADO -> ERROR
2026-01-19 15:26:01,782 [ERROR] __main__: ¡Error en puerta Puerta 1!
2026-01-19 15:26:03,584 [WARNING] src.autoclave.devices.door: Recuperación de error: Estado inconsistente, iniciando cierre.
2026-01-19 15:26:03,586 [INFO] __main__: Puerta Puerta 1: ERROR -> CERRANDO
2026-01-19 15:26:03,586 [INFO] __main__: Puerta Puerta 1 cerrándose...
2026-01-19 15:26:05,088 [INFO] src.autoclave.devices.door: Bomba de vacio encendida.
2026-01-19 15:26:05,088 [INFO] src.autoclave.devices.door: Desbloqueo de puerta activado.
2026-01-19 15:26:05,089 [INFO] src.autoclave.devices.door: Iniciando cierre de puerta.
2026-01-19 15:26:05,089 [INFO] src.autoclave.devices.door: Actuador de cierre desactivado.
2026-01-19 15:26:05,090 [INFO] src.autoclave.devices.door: Desbloqueo de puerta desactivado.
2026-01-19 15:26:05,091 [INFO] src.autoclave.devices.door: Bomba de vacio apagada.
2026-01-19 15:26:05,092 [INFO] src.autoclave.devices.door: Bloqueo de puerta activado.
2026-01-19 15:26:05,093 [INFO] src.autoclave.devices.door: Bloqueo de puerta desactivado.
2026-01-19 15:26:05,093 [ERROR] src.autoclave.devices.door: Error: Presión de empaque insuficiente al cerrar.
2026-01-19 15:26:05,093 [INFO] __main__: Puerta Puerta 1: CERRANDO -> ERROR
2026-01-19 15:26:05,094 [ERROR] __main__: ¡Error en puerta Puerta 1!
2026-01-19 15:26:06,895 [WARNING] src.autoclave.devices.door: Recuperación de error: Estado inconsistente, iniciando cierre.
2026-01-19 15:26:06,896 [INFO] __main__: Puerta Puerta 1: ERROR -> CERRANDO
2026-01-19 15:26:06,896 [INFO] __main__: Puerta Puerta 1 cerrándose...
2026-01-19 15:26:08,398 [INFO] src.autoclave.devices.door: Bomba de vacio encendida.
2026-01-19 15:26:08,398 [INFO] src.autoclave.devices.door: Desbloqueo de puerta activado.
2026-01-19 15:26:08,399 [INFO] src.autoclave.devices.door: Iniciando cierre de puerta.
2026-01-19 15:26:08,400 [INFO] src.autoclave.devices.door: Actuador de cierre desactivado.
2026-01-19 15:26:08,401 [INFO] src.autoclave.devices.door: Desbloqueo de puerta desactivado.
2026-01-19 15:26:08,403 [INFO] src.autoclave.devices.door: Bomba de vacio apagada.
2026-01-19 15:26:08,404 [INFO] src.autoclave.devices.door: Bloqueo de puerta activado.
2026-01-19 15:26:08,406 [INFO] src.autoclave.devices.door: Bloqueo de puerta desactivado.
2026-01-19 15:26:08,408 [ERROR] src.autoclave.devices.door: Error: Presión de empaque insuficiente al cerrar.
2026-01-19 15:26:08,409 [INFO] __main__: Puerta Puerta 1: CERRANDO -> ERROR
2026-01-19 15:26:08,410 [ERROR] __main__: ¡Error en puerta Puerta 1!
2026-01-19 15:26:10,212 [WARNING] src.autoclave.devices.door: Recuperación de error: Estado inconsistente, iniciando cierre.
2026-01-19 15:26:10,213 [INFO] __main__: Puerta Puerta 1: ERROR -> CERRANDO
2026-01-19 15:26:10,213 [INFO] __main__: Puerta Puerta 1 cerrándose...
2026-01-19 15:26:11,715 [INFO] src.autoclave.devices.door: Bomba de vacio encendida.
2026-01-19 15:26:11,716 [INFO] src.autoclave.devices.door: Desbloqueo de puerta activado.
2026-01-19 15:26:11,717 [INFO] src.autoclave.devices.door: Iniciando cierre de puerta.
2026-01-19 15:26:11,718 [INFO] src.autoclave.devices.door: Actuador de cierre desactivado.
2026-01-19 15:26:11,719 [INFO] src.autoclave.devices.door: Desbloqueo de puerta desactivado.
2026-01-19 15:26:11,720 [INFO] src.autoclave.devices.door: Bomba de vacio apagada.
2026-01-19 15:26:11,721 [INFO] src.autoclave.devices.door: Bloqueo de puerta activado.
2026-01-19 15:26:11,722 [INFO] src.autoclave.devices.door: Bloqueo de puerta desactivado.
2026-01-19 15:26:11,723 [INFO] src.autoclave.devices.door: Puerta cerrada correctamente.
2026-01-19 15:26:11,724 [INFO] __main__: Puerta Puerta 1: CERRANDO -> CERRADO
2026-01-19 15:26:11,724 [INFO] __main__: Puerta Puerta 1 cerrada.
2026-01-19 15:26:22,233 [ERROR] src.autoclave.devices.door: Error: Inconsistencia detectada, presión de empaque insuficiente.
2026-01-19 15:26:22,233 [INFO] __main__: Puerta Puerta 1: CERRADO -> ERROR
2026-01-19 15:26:22,234 [ERROR] __main__: ¡Error en puerta Puerta 1!
2026-01-19 15:26:24,037 [INFO] src.autoclave.devices.door: Recuperación de error: Estado detectado CERRADO.
2026-01-19 15:26:24,037 [INFO] __main__: Puerta Puerta 1: ERROR -> CERRADO
2026-01-19 15:26:24,038 [INFO] __main__: Puerta Puerta 1 cerrada.
2026-01-19 15:26:27,040 [ERROR] src.autoclave.devices.door: Error: Inconsistencia detectada, presión de empaque insuficiente.
2026-01-19 15:26:27,041 [INFO] __main__: Puerta Puerta 1: CERRADO -> ERROR
2026-01-19 15:26:27,042 [ERROR] __main__: ¡Error en puerta Puerta 1!
2026-01-19 15:26:28,843 [WARNING] src.autoclave.devices.door: Recuperación de error: Estado inconsistente, iniciando cierre.
2026-01-19 15:26:28,844 [INFO] __main__: Puerta Puerta 1: ERROR -> CERRANDO
2026-01-19 15:26:28,844 [INFO] __main__: Puerta Puerta 1 cerrándose...
2026-01-19 15:26:30,346 [INFO] src.autoclave.devices.door: Bomba de vacio encendida.
2026-01-19 15:26:30,347 [INFO] src.autoclave.devices.door: Desbloqueo de puerta activado.
2026-01-19 15:26:30,348 [INFO] src.autoclave.devices.door: Iniciando cierre de puerta.
2026-01-19 15:26:30,349 [INFO] src.autoclave.devices.door: Actuador de cierre desactivado.
2026-01-19 15:26:30,349 [INFO] src.autoclave.devices.door: Desbloqueo de puerta desactivado.
2026-01-19 15:26:30,350 [INFO] src.autoclave.devices.door: Bomba de vacio apagada.
2026-01-19 15:26:30,351 [INFO] src.autoclave.devices.door: Bloqueo de puerta activado.
2026-01-19 15:26:30,352 [INFO] src.autoclave.devices.door: Bloqueo de puerta desactivado.
2026-01-19 15:26:30,352 [ERROR] src.autoclave.devices.door: Error: Presión de empaque insuficiente al cerrar.
2026-01-19 15:26:30,353 [ERROR] src.autoclave.devices.door: Error: Inconsistencia detectada, presión de empaque insuficiente.
2026-01-19 15:26:30,355 [INFO] __main__: Puerta Puerta 1: CERRANDO -> ERROR
2026-01-19 15:26:30,355 [ERROR] __main__: ¡Error en puerta Puerta 1!
2026-01-19 15:26:30,357 [INFO] __main__: Puerta Puerta 2: CERRADO -> ERROR
2026-01-19 15:26:30,358 [ERROR] __main__: ¡Error en puerta Puerta 2!
2026-01-19 15:26:32,160 [WARNING] src.autoclave.devices.door: Recuperación de error: Estado inconsistente, iniciando cierre.
2026-01-19 15:26:32,461 [INFO] src.autoclave.devices.door: Recuperación de error: Estado detectado CERRADO.
2026-01-19 15:26:32,462 [INFO] __main__: Puerta Puerta 1: ERROR -> CERRANDO
2026-01-19 15:26:32,462 [INFO] __main__: Puerta Puerta 1 cerrándose...
2026-01-19 15:26:32,463 [INFO] __main__: Puerta Puerta 2: ERROR -> CERRADO
2026-01-19 15:26:32,463 [INFO] __main__: Puerta Puerta 2 cerrada.
2026-01-19 15:26:33,965 [INFO] src.autoclave.devices.door: Bomba de vacio encendida.
2026-01-19 15:26:33,965 [INFO] src.autoclave.devices.door: Desbloqueo de puerta activado.
2026-01-19 15:26:33,966 [INFO] src.autoclave.devices.door: Iniciando cierre de puerta.
2026-01-19 15:26:33,966 [INFO] src.autoclave.devices.door: Actuador de cierre desactivado.
2026-01-19 15:26:33,967 [INFO] src.autoclave.devices.door: Desbloqueo de puerta desactivado.
2026-01-19 15:26:33,968 [INFO] src.autoclave.devices.door: Bomba de vacio apagada.
2026-01-19 15:26:33,969 [INFO] src.autoclave.devices.door: Bloqueo de puerta activado.
2026-01-19 15:26:33,970 [INFO] src.autoclave.devices.door: Bloqueo de puerta desactivado.
2026-01-19 15:26:33,970 [INFO] src.autoclave.devices.door: Puerta cerrada correctamente.
2026-01-19 15:26:33,971 [INFO] __main__: Puerta Puerta 1: CERRANDO -> CERRADO
2026-01-19 15:26:33,971 [INFO] __main__: Puerta Puerta 1 cerrada.
2026-01-19 15:30:25,133 [ERROR] src.autoclave.devices.door: Error: Inconsistencia detectada, puerta no está cerrada.
2026-01-19 15:30:25,135 [INFO] __main__: Puerta Puerta 1: CERRADO -> ERROR
2026-01-19 15:30:25,136 [ERROR] __main__: ¡Error en puerta Puerta 1!
2026-01-19 15:30:26,637 [ERROR] src.autoclave.devices.door: Error persistente: Estado de puerta inconsistente.
2026-01-19 15:30:28,138 [ERROR] src.autoclave.devices.door: Error persistente: Estado de puerta inconsistente.
2026-01-19 15:30:29,940 [INFO] src.autoclave.devices.door: Recuperación de error: Estado detectado CERRADO.
2026-01-19 15:30:29,942 [INFO] __main__: Puerta Puerta 1: ERROR -> CERRADO
2026-01-19 15:30:29,942 [INFO] __main__: Puerta Puerta 1 cerrada.
2026-01-19 15:41:29,248 [INFO] sqlalchemy.engine.Engine: BEGIN (implicit)
2026-01-19 15:41:29,249 [INFO] sqlalchemy.engine.Engine: PRAGMA main.table_info("ac_puerto")
2026-01-19 15:41:29,249 [INFO] sqlalchemy.engine.Engine: [raw sql] ()
2026-01-19 15:41:29,250 [INFO] sqlalchemy.engine.Engine: PRAGMA main.table_info("ac_pantalla_control")
2026-01-19 15:41:29,251 [INFO] sqlalchemy.engine.Engine: [raw sql] ()
2026-01-19 15:41:29,251 [INFO] sqlalchemy.engine.Engine: PRAGMA main.table_info("proceso_control")
2026-01-19 15:41:29,252 [INFO] sqlalchemy.engine.Engine: [raw sql] ()
2026-01-19 15:41:29,252 [INFO] sqlalchemy.engine.Engine: PRAGMA main.table_info("proceso_fase")
2026-01-19 15:41:29,253 [INFO] sqlalchemy.engine.Engine: [raw sql] ()
2026-01-19 15:41:29,253 [INFO] sqlalchemy.engine.Engine: PRAGMA main.table_info("proceso_fase_parametro")
2026-01-19 15:41:29,254 [INFO] sqlalchemy.engine.Engine: [raw sql] ()
2026-01-19 15:41:29,255 [INFO] sqlalchemy.engine.Engine: COMMIT
2026-01-19 15:41:29,556 [INFO] __main__: Iniciando la aplicación Autoclave...
2026-01-19 15:41:29,570 [INFO] autoclave: Iniciando SerialLink...
2026-01-19 15:41:29,572 [INFO] autoclave: SerialLink id: 2772639539152
2026-01-19 15:41:29,682 [INFO] src.autoclave.services.control_loop: Iniciando el bucle de control...
2026-01-19 15:41:29,683 [INFO] autoclave: SerialLink id: 2772639539152
2026-01-19 15:41:29,684 [INFO] src.autoclave.services.control_loop: Esperando conexión con ESP32...
2026-01-19 15:41:29,688 [INFO] autoclave: connected: True
2026-01-19 15:41:29,688 [INFO] autoclave: Conectado a ESP32 en COM3
2026-01-19 15:41:29,884 [INFO] autoclave: SerialLink id: 2772639539152
2026-01-19 15:41:29,884 [INFO] autoclave: SerialLink id: 2772639539152
2026-01-19 15:41:29,885 [INFO] src.autoclave.services.control_loop: Conexión establecida. Iniciando actualización de puertas...
2026-01-19 15:41:29,995 [INFO] src.autoclave.ui.ui_main.main_window: ✅ Interfaz creada correctamente.
2026-01-19 15:41:30,886 [ERROR] src.autoclave.devices.door: Error: Estado inicial de puerta inconsistente .
2026-01-19 15:41:30,886 [ERROR] src.autoclave.devices.door: Error: Estado inicial de puerta inconsistente .
2026-01-19 15:41:32,688 [INFO] src.autoclave.devices.door: Recuperación de error: Estado detectado CERRADO.
2026-01-19 15:41:32,989 [INFO] src.autoclave.devices.door: Recuperación de error: Estado detectado CERRADO.
2026-01-19 15:41:32,990 [INFO] __main__: Puerta Puerta 1: ERROR -> CERRADO
2026-01-19 15:41:32,990 [INFO] __main__: Puerta Puerta 1 cerrada.
2026-01-19 15:41:32,990 [INFO] __main__: Puerta Puerta 2: ERROR -> CERRADO
2026-01-19 15:41:32,991 [INFO] __main__: Puerta Puerta 2 cerrada.
2026-01-19 15:42:21,025 [ERROR] src.autoclave.devices.door: Error: Inconsistencia detectada, presión de empaque insuficiente.
2026-01-19 15:42:21,025 [INFO] __main__: Puerta Puerta 1: CERRADO -> ERROR
2026-01-19 15:42:21,026 [ERROR] __main__: ¡Error en puerta Puerta 1!
2026-01-19 15:42:54,941 [INFO] __main__: Comando de apertura de puerta enviado.
2026-01-19 15:42:54,955 [INFO] src.autoclave.devices.door: Bomba de vacio encendida.
2026-01-19 15:42:54,956 [INFO] src.autoclave.devices.door: Desbloqueo de puerta activado.
2026-01-19 15:42:54,957 [INFO] src.autoclave.devices.door: presion empaque: 0.0 kPa.
2026-01-19 15:42:54,958 [INFO] src.autoclave.devices.door: Actuador de apertura activado.
2026-01-19 15:42:54,961 [INFO] __main__: Puerta Puerta 1: ERROR -> ABRIENDO
2026-01-19 15:42:54,961 [INFO] __main__: Puerta Puerta 1 abriéndose...
2026-01-19 15:42:56,463 [INFO] src.autoclave.devices.door: presion empaque: 0.0 kPa.
2026-01-19 15:42:56,464 [INFO] src.autoclave.devices.door: Actuador de apertura activado.
2026-01-19 15:42:57,965 [INFO] src.autoclave.devices.door: presion empaque: 0.0 kPa.
2026-01-19 15:42:57,968 [INFO] src.autoclave.devices.door: Actuador de apertura activado.
2026-01-19 15:42:59,469 [INFO] src.autoclave.devices.door: presion empaque: 0.0 kPa.
2026-01-19 15:42:59,470 [INFO] src.autoclave.devices.door: Actuador de apertura activado.
2026-01-19 15:43:00,972 [INFO] src.autoclave.devices.door: presion empaque: 0.0 kPa.
2026-01-19 15:43:00,973 [INFO] src.autoclave.devices.door: Actuador de apertura activado.
2026-01-19 15:43:02,474 [INFO] src.autoclave.devices.door: presion empaque: 0.0 kPa.
2026-01-19 15:43:02,475 [INFO] src.autoclave.devices.door: Actuador de apertura activado.
2026-01-19 15:43:03,977 [INFO] src.autoclave.devices.door: presion empaque: 0.0 kPa.
2026-01-19 15:43:03,978 [INFO] src.autoclave.devices.door: Actuador de apertura activado.
2026-01-19 15:43:05,479 [INFO] src.autoclave.devices.door: presion empaque: 0.0 kPa.
2026-01-19 15:43:05,480 [INFO] src.autoclave.devices.door: Actuador de apertura activado.
2026-01-19 15:43:06,981 [INFO] src.autoclave.devices.door: presion empaque: 0.0 kPa.
2026-01-19 15:43:06,982 [INFO] src.autoclave.devices.door: Actuador de apertura activado.
2026-01-19 15:43:08,483 [INFO] src.autoclave.devices.door: presion empaque: 0.0 kPa.
2026-01-19 15:43:08,485 [INFO] src.autoclave.devices.door: Actuador de apertura activado.
2026-01-19 15:43:09,986 [INFO] src.autoclave.devices.door: presion empaque: 0.0 kPa.
2026-01-19 15:43:09,987 [INFO] src.autoclave.devices.door: Actuador de apertura activado.
2026-01-19 15:43:11,488 [INFO] src.autoclave.devices.door: presion empaque: 0.0 kPa.
2026-01-19 15:43:11,489 [INFO] src.autoclave.devices.door: Actuador de apertura activado.
2026-01-19 15:43:12,991 [INFO] src.autoclave.devices.door: presion empaque: 267.8 kPa.
2026-01-19 15:43:14,493 [INFO] src.autoclave.devices.door: presion empaque: 342.73 kPa.
2026-01-19 15:43:15,997 [INFO] src.autoclave.devices.door: presion empaque: 344.55 kPa.
2026-01-19 15:43:17,500 [INFO] src.autoclave.devices.door: presion empaque: 346.79 kPa.
2026-01-19 15:43:19,003 [INFO] src.autoclave.devices.door: presion empaque: 346.78 kPa.
2026-01-19 15:43:20,506 [INFO] src.autoclave.devices.door: presion empaque: 345.93 kPa.
2026-01-19 15:43:22,007 [INFO] src.autoclave.devices.door: presion empaque: 344.7 kPa.
2026-01-19 15:45:00,654 [INFO] sqlalchemy.engine.Engine: BEGIN (implicit)
2026-01-19 15:45:00,681 [INFO] sqlalchemy.engine.Engine: PRAGMA main.table_info("ac_puerto")
2026-01-19 15:45:00,688 [INFO] sqlalchemy.engine.Engine: [raw sql] ()
2026-01-19 15:45:00,697 [INFO] sqlalchemy.engine.Engine: PRAGMA main.table_info("ac_pantalla_control")
2026-01-19 15:45:00,697 [INFO] sqlalchemy.engine.Engine: [raw sql] ()
2026-01-19 15:45:00,698 [INFO] sqlalchemy.engine.Engine: PRAGMA main.table_info("proceso_control")
2026-01-19 15:45:00,699 [INFO] sqlalchemy.engine.Engine: [raw sql] ()
2026-01-19 15:45:00,700 [INFO] sqlalchemy.engine.Engine: PRAGMA main.table_info("proceso_fase")
2026-01-19 15:45:00,700 [INFO] sqlalchemy.engine.Engine: [raw sql] ()
2026-01-19 15:45:00,701 [INFO] sqlalchemy.engine.Engine: PRAGMA main.table_info("proceso_fase_parametro")
2026-01-19 15:45:00,701 [INFO] sqlalchemy.engine.Engine: [raw sql] ()
2026-01-19 15:45:00,702 [INFO] sqlalchemy.engine.Engine: COMMIT
2026-01-19 15:45:00,903 [INFO] __main__: Iniciando la aplicación Autoclave...
2026-01-19 15:45:00,918 [INFO] autoclave: Iniciando SerialLink...
2026-01-19 15:45:00,920 [INFO] autoclave: SerialLink id: 3093453922592
2026-01-19 15:45:01,029 [INFO] src.autoclave.services.control_loop: Iniciando el bucle de control...
2026-01-19 15:45:01,029 [INFO] autoclave: SerialLink id: 3093453922592
2026-01-19 15:45:01,030 [INFO] src.autoclave.services.control_loop: Esperando conexión con ESP32...
2026-01-19 15:45:01,039 [INFO] autoclave: connected: True
2026-01-19 15:45:01,039 [INFO] autoclave: Conectado a ESP32 en COM3
2026-01-19 15:45:01,230 [INFO] autoclave: SerialLink id: 3093453922592
2026-01-19 15:45:01,231 [INFO] autoclave: SerialLink id: 3093453922592
2026-01-19 15:45:01,232 [INFO] src.autoclave.services.control_loop: Conexión establecida. Iniciando actualización de puertas...
2026-01-19 15:45:01,321 [INFO] src.autoclave.ui.ui_main.main_window: ✅ Interfaz creada correctamente.
2026-01-19 15:45:02,234 [ERROR] src.autoclave.devices.door: Error: Estado inicial de puerta inconsistente .
2026-01-19 15:45:02,234 [ERROR] src.autoclave.devices.door: Error: Estado inicial de puerta inconsistente .
2026-01-19 15:45:04,037 [INFO] src.autoclave.devices.door: Recuperación de error: Estado detectado CERRADO.
2026-01-19 15:45:04,338 [INFO] src.autoclave.devices.door: Recuperación de error: Estado detectado CERRADO.
2026-01-19 15:45:04,339 [INFO] __main__: Puerta Puerta 1: ERROR -> CERRADO
2026-01-19 15:45:04,339 [INFO] __main__: Puerta Puerta 1 cerrada.
2026-01-19 15:45:04,339 [INFO] __main__: Puerta Puerta 2: ERROR -> CERRADO
2026-01-19 15:45:04,340 [INFO] __main__: Puerta Puerta 2 cerrada.
2026-01-19 15:45:16,084 [INFO] __main__: Comando de apertura de puerta enviado.
2026-01-19 15:45:16,348 [INFO] src.autoclave.devices.door: Bomba de vacio encendida.
2026-01-19 15:45:16,350 [INFO] src.autoclave.devices.door: Desbloqueo de puerta activado.
2026-01-19 15:45:16,352 [INFO] src.autoclave.devices.door: presion empaque: 345.74 kPa.
2026-01-19 15:45:16,352 [INFO] __main__: Puerta Puerta 1: CERRADO -> ABRIENDO
2026-01-19 15:45:16,353 [INFO] __main__: Puerta Puerta 1 abriéndose...
2026-01-19 15:45:17,854 [INFO] src.autoclave.devices.door: presion empaque: 342.26 kPa.
2026-01-19 15:45:19,357 [INFO] src.autoclave.devices.door: presion empaque: 342.63 kPa.
2026-01-19 15:45:20,859 [INFO] src.autoclave.devices.door: presion empaque: 346.03 kPa.
2026-01-19 15:45:22,361 [INFO] src.autoclave.devices.door: presion empaque: 346.87 kPa.
2026-01-19 15:45:23,863 [INFO] src.autoclave.devices.door: presion empaque: 342.29 kPa.
2026-01-19 15:45:25,366 [INFO] src.autoclave.devices.door: presion empaque: 344.54 kPa.
2026-01-19 15:45:26,867 [INFO] src.autoclave.devices.door: presion empaque: 345.36 kPa.
2026-01-19 15:45:28,369 [INFO] src.autoclave.devices.door: presion empaque: 346.32 kPa.
2026-01-19 15:45:29,871 [INFO] src.autoclave.devices.door: presion empaque: 345.51 kPa.
2026-01-19 15:45:31,373 [INFO] src.autoclave.devices.door: presion empaque: 344.35 kPa.
2026-01-19 15:45:32,874 [INFO] src.autoclave.devices.door: presion empaque: 346.76 kPa.
2026-01-19 15:45:34,376 [INFO] src.autoclave.devices.door: presion empaque: 347.08 kPa.
2026-01-19 15:45:35,877 [INFO] src.autoclave.devices.door: presion empaque: 345.99 kPa.
2026-01-19 15:45:37,379 [INFO] src.autoclave.devices.door: presion empaque: 345.19 kPa.
2026-01-19 15:45:38,880 [INFO] src.autoclave.devices.door: presion empaque: 345.5 kPa.
2026-01-19 15:45:40,382 [INFO] src.autoclave.devices.door: presion empaque: 345.6 kPa.
2026-01-19 15:45:41,884 [INFO] src.autoclave.devices.door: presion empaque: 341.07 kPa.
2026-01-19 15:45:43,386 [INFO] src.autoclave.devices.door: presion empaque: 40.6 kPa.
2026-01-19 15:45:43,387 [INFO] src.autoclave.devices.door: Actuador de apertura activado.
2026-01-19 15:45:44,889 [INFO] src.autoclave.devices.door: presion empaque: 1.15 kPa.
2026-01-19 15:45:44,889 [INFO] src.autoclave.devices.door: Actuador de apertura activado.
2026-01-19 15:45:46,390 [INFO] src.autoclave.devices.door: presion empaque: 0.03 kPa.
2026-01-19 15:45:46,391 [INFO] src.autoclave.devices.door: Actuador de apertura activado.
2026-01-19 15:45:47,893 [INFO] src.autoclave.devices.door: presion empaque: 0.0 kPa.
2026-01-19 15:45:47,895 [INFO] src.autoclave.devices.door: Actuador de apertura activado.
2026-01-19 15:45:49,396 [INFO] src.autoclave.devices.door: presion empaque: 0.0 kPa.
2026-01-19 15:45:49,397 [INFO] src.autoclave.devices.door: Actuador de apertura activado.
2026-01-19 15:45:50,898 [INFO] src.autoclave.devices.door: presion empaque: 0.0 kPa.
2026-01-19 15:45:50,900 [INFO] src.autoclave.devices.door: Actuador de apertura activado.
2026-01-19 15:45:52,401 [INFO] src.autoclave.devices.door: presion empaque: 0.0 kPa.
2026-01-19 15:45:52,402 [INFO] src.autoclave.devices.door: Actuador de apertura activado.
2026-01-19 15:45:53,904 [INFO] src.autoclave.devices.door: presion empaque: 0.0 kPa.
2026-01-19 15:45:53,905 [INFO] src.autoclave.devices.door: Actuador de apertura activado.
2026-01-19 15:45:55,408 [INFO] src.autoclave.devices.door: presion empaque: 0.0 kPa.
2026-01-19 15:45:55,409 [INFO] src.autoclave.devices.door: Actuador de apertura activado.
2026-01-19 15:45:56,910 [INFO] src.autoclave.devices.door: presion empaque: 0.0 kPa.
2026-01-19 15:45:56,911 [INFO] src.autoclave.devices.door: Actuador de apertura activado.
2026-01-19 15:45:56,912 [INFO] src.autoclave.devices.door: Actuador de apertura desactivado.
2026-01-19 15:45:56,912 [INFO] src.autoclave.devices.door: Bomba de vacio apagada.
2026-01-19 15:45:56,914 [INFO] src.autoclave.devices.door: Desbloqueo de puerta desactivado.
2026-01-19 15:45:56,914 [INFO] src.autoclave.devices.door: Puerta abierta correctamente.
2026-01-19 15:45:56,914 [INFO] __main__: Puerta Puerta 1: ABRIENDO -> ABIERTO
2026-01-19 15:45:56,914 [INFO] __main__: Puerta Puerta 1 abierta.
2026-01-19 15:46:11,546 [INFO] __main__: Comando de cierre de puerta enviado.
2026-01-19 15:46:11,924 [INFO] src.autoclave.devices.door: Bomba de vacio encendida.
2026-01-19 15:46:11,924 [INFO] src.autoclave.devices.door: Desbloqueo de puerta activado.
2026-01-19 15:46:11,925 [INFO] src.autoclave.devices.door: Iniciando cierre de puerta.
2026-01-19 15:46:11,925 [INFO] __main__: Puerta Puerta 1: ABIERTO -> CERRANDO
2026-01-19 15:46:11,925 [INFO] __main__: Puerta Puerta 1 cerrándose...
2026-01-19 15:46:28,438 [INFO] src.autoclave.devices.door: Actuador de cierre activado.
2026-01-19 15:46:29,941 [INFO] src.autoclave.devices.door: Actuador de cierre activado.
2026-01-19 15:46:31,444 [INFO] src.autoclave.devices.door: Actuador de cierre activado.
2026-01-19 15:46:32,946 [INFO] src.autoclave.devices.door: Actuador de cierre activado.
2026-01-19 15:46:34,448 [INFO] src.autoclave.devices.door: Actuador de cierre activado.
2026-01-19 15:46:35,950 [INFO] src.autoclave.devices.door: Actuador de cierre activado.
2026-01-19 15:46:37,452 [INFO] src.autoclave.devices.door: Actuador de cierre activado.
2026-01-19 15:46:38,954 [INFO] src.autoclave.devices.door: Actuador de cierre activado.
2026-01-19 15:46:40,456 [INFO] src.autoclave.devices.door: Actuador de cierre activado.
2026-01-19 15:46:41,958 [INFO] src.autoclave.devices.door: Actuador de cierre activado.
2026-01-19 15:46:43,461 [INFO] src.autoclave.devices.door: Actuador de cierre activado.
2026-01-19 15:46:44,962 [INFO] src.autoclave.devices.door: Actuador de cierre activado.
2026-01-19 15:46:46,464 [INFO] src.autoclave.devices.door: Actuador de cierre activado.
2026-01-19 15:46:46,466 [INFO] src.autoclave.devices.door: Actuador de cierre desactivado.
2026-01-19 15:46:46,467 [INFO] src.autoclave.devices.door: Desbloqueo de puerta desactivado.
2026-01-19 15:46:46,468 [INFO] src.autoclave.devices.door: Bomba de vacio apagada.
2026-01-19 15:46:46,469 [INFO] src.autoclave.devices.door: Bloqueo de puerta activado.
2026-01-19 15:46:46,470 [INFO] src.autoclave.devices.door: Bloqueo de puerta desactivado.
2026-01-19 15:46:46,470 [ERROR] src.autoclave.devices.door: Error: Presión de empaque insuficiente al cerrar.
2026-01-19 15:46:46,471 [INFO] __main__: Puerta Puerta 1: CERRANDO -> ERROR
2026-01-19 15:46:46,471 [ERROR] __main__: ¡Error en puerta Puerta 1!
2026-01-19 15:46:50,074 [INFO] src.autoclave.devices.door: Recuperación de error: Estado detectado CERRADO.
2026-01-19 15:46:50,075 [INFO] __main__: Puerta Puerta 1: ERROR -> CERRADO
2026-01-19 15:46:50,075 [INFO] __main__: Puerta Puerta 1 cerrada.
2026-01-19 16:05:14,871 [ERROR] src.autoclave.devices.door: Error: Inconsistencia detectada, puerta no está cerrada.
2026-01-19 16:05:14,878 [INFO] __main__: Puerta Puerta 2: CERRADO -> ERROR
2026-01-19 16:05:14,879 [ERROR] __main__: ¡Error en puerta Puerta 2!
2026-01-19 16:05:16,682 [INFO] src.autoclave.devices.door: Recuperación de error: Estado detectado CERRADO.
2026-01-19 16:05:16,683 [INFO] __main__: Puerta Puerta 2: ERROR -> CERRADO
2026-01-19 16:05:16,683 [INFO] __main__: Puerta Puerta 2 cerrada.
2026-01-19 16:13:14,705 [INFO] __main__: Comando de apertura de puerta enviado.
2026-01-19 16:13:15,500 [INFO] src.autoclave.devices.door: Bomba de vacio encendida.
2026-01-19 16:13:15,501 [INFO] src.autoclave.devices.door: Desbloqueo de puerta activado.
2026-01-19 16:13:15,502 [INFO] src.autoclave.devices.door: presion empaque: 333.28 kPa.
2026-01-19 16:13:15,502 [INFO] __main__: Puerta Puerta 1: CERRADO -> ABRIENDO
2026-01-19 16:13:15,503 [INFO] __main__: Puerta Puerta 1 abriéndose...
2026-01-19 16:13:17,004 [INFO] src.autoclave.devices.door: presion empaque: 331.31 kPa.
2026-01-19 16:13:18,507 [INFO] src.autoclave.devices.door: presion empaque: 334.46 kPa.
2026-01-19 16:13:20,010 [INFO] src.autoclave.devices.door: presion empaque: 333.79 kPa.
2026-01-19 16:13:21,514 [INFO] src.autoclave.devices.door: presion empaque: 333.95 kPa.
2026-01-19 16:13:23,016 [INFO] src.autoclave.devices.door: presion empaque: 332.28 kPa.
2026-01-19 16:13:24,519 [INFO] src.autoclave.devices.door: presion empaque: 334.33 kPa.
2026-01-19 16:13:26,023 [INFO] src.autoclave.devices.door: presion empaque: 334.12 kPa.
2026-01-19 16:13:27,525 [INFO] src.autoclave.devices.door: presion empaque: 333.22 kPa.
2026-01-19 16:13:29,026 [INFO] src.autoclave.devices.door: presion empaque: 332.23 kPa.
2026-01-19 16:13:30,528 [INFO] src.autoclave.devices.door: presion empaque: 333.71 kPa.
2026-01-19 16:13:32,030 [INFO] src.autoclave.devices.door: presion empaque: 335.3 kPa.
2026-01-19 16:13:33,532 [INFO] src.autoclave.devices.door: presion empaque: 334.14 kPa.
2026-01-19 16:13:35,034 [INFO] src.autoclave.devices.door: presion empaque: 334.83 kPa.
2026-01-19 16:13:36,535 [INFO] src.autoclave.devices.door: presion empaque: 331.35 kPa.
2026-01-19 16:13:38,038 [INFO] src.autoclave.devices.door: presion empaque: 333.34 kPa.
2026-01-19 16:13:39,540 [INFO] src.autoclave.devices.door: presion empaque: 333.85 kPa.
2026-01-19 16:13:41,041 [INFO] src.autoclave.devices.door: presion empaque: 332.74 kPa.
2026-01-19 16:13:42,542 [INFO] src.autoclave.devices.door: presion empaque: 331.55 kPa.
2026-01-19 16:13:44,044 [INFO] src.autoclave.devices.door: presion empaque: 332.83 kPa.
2026-01-19 16:13:45,547 [INFO] src.autoclave.devices.door: presion empaque: 334.02 kPa.
2026-01-19 16:13:47,049 [INFO] src.autoclave.devices.door: presion empaque: 332.9 kPa.
2026-01-19 16:13:48,550 [INFO] src.autoclave.devices.door: presion empaque: 333.88 kPa.
2026-01-19 16:13:50,051 [INFO] src.autoclave.devices.door: presion empaque: 332.78 kPa.
2026-01-19 16:13:51,553 [INFO] src.autoclave.devices.door: presion empaque: 334.03 kPa.
2026-01-19 16:13:53,055 [INFO] src.autoclave.devices.door: presion empaque: 335.87 kPa.
2026-01-19 16:13:54,558 [INFO] src.autoclave.devices.door: presion empaque: 333.79 kPa.
2026-01-19 16:13:56,060 [INFO] src.autoclave.devices.door: presion empaque: 334.2 kPa.
2026-01-19 16:13:57,564 [INFO] src.autoclave.devices.door: presion empaque: 336.9 kPa.
2026-01-19 16:13:59,066 [INFO] src.autoclave.devices.door: presion empaque: 288.17 kPa.
2026-01-19 16:13:59,067 [ERROR] src.autoclave.devices.door: Error: Inconsistencia detectada, presión de empaque insuficiente.
2026-01-19 16:13:59,068 [INFO] __main__: Puerta Puerta 2: CERRADO -> ERROR
2026-01-19 16:13:59,068 [ERROR] __main__: ¡Error en puerta Puerta 2!
2026-01-19 16:14:00,570 [INFO] src.autoclave.devices.door: presion empaque: 214.17 kPa.
2026-01-19 16:14:02,372 [INFO] src.autoclave.devices.door: presion empaque: 188.33 kPa.
2026-01-19 16:14:04,174 [INFO] src.autoclave.devices.door: presion empaque: 143.15 kPa.
2026-01-19 16:14:05,976 [INFO] src.autoclave.devices.door: presion empaque: 124.23 kPa.
2026-01-19 16:14:07,778 [INFO] src.autoclave.devices.door: presion empaque: 111.25 kPa.
2026-01-19 16:14:09,581 [INFO] src.autoclave.devices.door: presion empaque: 104.86 kPa.
2026-01-19 16:14:11,383 [INFO] src.autoclave.devices.door: presion empaque: 99.96 kPa.
2026-01-19 16:14:11,384 [INFO] src.autoclave.devices.door: Actuador de apertura activado.
2026-01-19 16:14:13,186 [INFO] src.autoclave.devices.door: presion empaque: 101.97 kPa.
2026-01-19 16:14:14,988 [INFO] src.autoclave.devices.door: presion empaque: 108.47 kPa.
2026-01-19 16:14:16,790 [INFO] src.autoclave.devices.door: presion empaque: 109.96 kPa.
2026-01-19 16:14:18,593 [INFO] src.autoclave.devices.door: presion empaque: 114.28 kPa.
2026-01-19 16:14:20,395 [INFO] src.autoclave.devices.door: presion empaque: 127.93 kPa.
2026-01-19 16:14:22,197 [INFO] src.autoclave.devices.door: presion empaque: 173.58 kPa.
2026-01-19 16:14:23,998 [INFO] src.autoclave.devices.door: presion empaque: 226.75 kPa.
2026-01-19 16:14:25,800 [INFO] src.autoclave.devices.door: presion empaque: 271.96 kPa.
2026-01-19 16:14:27,602 [INFO] src.autoclave.devices.door: presion empaque: 319.34 kPa.
2026-01-19 16:14:27,904 [INFO] src.autoclave.devices.door: Recuperación de error: Estado detectado CERRADO.
2026-01-19 16:14:27,905 [INFO] __main__: Puerta Puerta 2: ERROR -> CERRADO
2026-01-19 16:14:27,906 [INFO] __main__: Puerta Puerta 2 cerrada.
2026-01-19 16:14:29,408 [INFO] src.autoclave.devices.door: presion empaque: 328.1 kPa.
2026-01-19 16:14:30,910 [INFO] src.autoclave.devices.door: presion empaque: 330.98 kPa.
2026-01-19 16:14:32,412 [INFO] src.autoclave.devices.door: presion empaque: 332.09 kPa.
2026-01-19 16:14:33,914 [INFO] src.autoclave.devices.door: presion empaque: 331.15 kPa.
2026-01-19 16:14:35,415 [INFO] src.autoclave.devices.door: presion empaque: 330.72 kPa.
2026-01-19 16:14:36,917 [INFO] src.autoclave.devices.door: presion empaque: 330.83 kPa.
2026-01-19 16:14:38,418 [INFO] src.autoclave.devices.door: presion empaque: 330.79 kPa.
2026-01-19 16:14:39,923 [INFO] src.autoclave.devices.door: presion empaque: 13.35 kPa.
2026-01-19 16:14:39,924 [INFO] src.autoclave.devices.door: Actuador de apertura activado.
2026-01-19 16:14:41,426 [INFO] src.autoclave.devices.door: presion empaque: 0.38 kPa.
2026-01-19 16:14:41,427 [INFO] src.autoclave.devices.door: Actuador de apertura activado.
2026-01-19 16:14:42,929 [INFO] src.autoclave.devices.door: presion empaque: 0.01 kPa.
2026-01-19 16:14:42,930 [INFO] src.autoclave.devices.door: Actuador de apertura activado.
2026-01-19 16:14:44,431 [INFO] src.autoclave.devices.door: presion empaque: 0.0 kPa.
2026-01-19 16:14:44,432 [INFO] src.autoclave.devices.door: Actuador de apertura activado.
2026-01-19 16:14:45,933 [INFO] src.autoclave.devices.door: presion empaque: 0.0 kPa.
2026-01-19 16:14:45,934 [INFO] src.autoclave.devices.door: Actuador de apertura activado.
2026-01-19 16:14:47,436 [INFO] src.autoclave.devices.door: presion empaque: 0.0 kPa.
2026-01-19 16:14:47,437 [INFO] src.autoclave.devices.door: Actuador de apertura activado.
2026-01-19 16:14:48,938 [INFO] src.autoclave.devices.door: presion empaque: 0.0 kPa.
2026-01-19 16:14:48,939 [INFO] src.autoclave.devices.door: Actuador de apertura activado.
2026-01-19 16:14:50,441 [INFO] src.autoclave.devices.door: presion empaque: 0.0 kPa.
2026-01-19 16:14:50,442 [INFO] src.autoclave.devices.door: Actuador de apertura activado.
2026-01-19 16:14:51,943 [INFO] src.autoclave.devices.door: presion empaque: 0.0 kPa.
2026-01-19 16:14:51,944 [INFO] src.autoclave.devices.door: Actuador de apertura activado.
2026-01-19 16:14:53,446 [INFO] src.autoclave.devices.door: presion empaque: 0.0 kPa.
2026-01-19 16:14:53,446 [INFO] src.autoclave.devices.door: Actuador de apertura activado.
2026-01-19 16:14:54,948 [INFO] src.autoclave.devices.door: presion empaque: 0.0 kPa.
2026-01-19 16:14:54,948 [INFO] src.autoclave.devices.door: Actuador de apertura activado.
2026-01-19 16:14:56,450 [INFO] src.autoclave.devices.door: presion empaque: 0.0 kPa.
2026-01-19 16:14:56,451 [INFO] src.autoclave.devices.door: Actuador de apertura activado.
2026-01-19 16:14:57,952 [INFO] src.autoclave.devices.door: presion empaque: 0.0 kPa.
2026-01-19 16:14:57,953 [INFO] src.autoclave.devices.door: Actuador de apertura activado.
2026-01-19 16:14:59,455 [INFO] src.autoclave.devices.door: presion empaque: 0.0 kPa.
2026-01-19 16:14:59,456 [INFO] src.autoclave.devices.door: Actuador de apertura activado.
2026-01-19 16:15:00,957 [INFO] src.autoclave.devices.door: presion empaque: 0.0 kPa.
2026-01-19 16:15:00,959 [INFO] src.autoclave.devices.door: Actuador de apertura activado.
2026-01-19 16:15:02,460 [INFO] src.autoclave.devices.door: presion empaque: 0.0 kPa.
2026-01-19 16:15:02,461 [INFO] src.autoclave.devices.door: Actuador de apertura activado.
2026-01-19 16:15:02,462 [INFO] src.autoclave.devices.door: Actuador de apertura desactivado.
2026-01-19 16:15:02,463 [INFO] src.autoclave.devices.door: Bomba de vacio apagada.
2026-01-19 16:15:02,464 [INFO] src.autoclave.devices.door: Desbloqueo de puerta desactivado.
2026-01-19 16:15:02,464 [INFO] src.autoclave.devices.door: Puerta abierta correctamente.
2026-01-19 16:15:02,465 [INFO] __main__: Puerta Puerta 1: ABRIENDO -> ABIERTO
2026-01-19 16:15:02,465 [INFO] __main__: Puerta Puerta 1 abierta.
2026-01-19 16:19:23,823 [INFO] __main__: Comando de cierre de puerta enviado.
2026-01-19 16:19:25,138 [INFO] src.autoclave.devices.door: Bomba de vacio encendida.
2026-01-19 16:19:25,139 [INFO] src.autoclave.devices.door: Desbloqueo de puerta activado.
2026-01-19 16:19:25,139 [INFO] src.autoclave.devices.door: Iniciando cierre de puerta.
2026-01-19 16:19:25,140 [INFO] src.autoclave.devices.door: Actuador de cierre activado.
2026-01-19 16:19:25,140 [INFO] __main__: Puerta Puerta 1: ABIERTO -> CERRANDO
2026-01-19 16:19:25,140 [INFO] __main__: Puerta Puerta 1 cerrándose...
2026-01-19 16:19:26,642 [INFO] src.autoclave.devices.door: Actuador de cierre activado.
2026-01-19 16:19:28,144 [INFO] src.autoclave.devices.door: Actuador de cierre activado.
2026-01-19 16:19:29,646 [INFO] src.autoclave.devices.door: Actuador de cierre activado.
2026-01-19 16:19:31,148 [INFO] src.autoclave.devices.door: Actuador de cierre activado.
2026-01-19 16:19:32,649 [INFO] src.autoclave.devices.door: Actuador de cierre activado.
2026-01-19 16:19:34,150 [INFO] src.autoclave.devices.door: Actuador de cierre activado.
2026-01-19 16:19:35,651 [INFO] src.autoclave.devices.door: Actuador de cierre activado.
2026-01-19 16:19:37,154 [INFO] src.autoclave.devices.door: Actuador de cierre activado.
2026-01-19 16:19:38,657 [INFO] src.autoclave.devices.door: Actuador de cierre activado.
2026-01-19 16:19:38,658 [INFO] src.autoclave.devices.door: Actuador de cierre desactivado.
2026-01-19 16:19:38,658 [INFO] src.autoclave.devices.door: Desbloqueo de puerta desactivado.
2026-01-19 16:19:38,659 [INFO] src.autoclave.devices.door: Bomba de vacio apagada.
2026-01-19 16:19:38,660 [INFO] src.autoclave.devices.door: Bloqueo de puerta activado.
2026-01-19 16:19:38,661 [INFO] src.autoclave.devices.door: Bloqueo de puerta desactivado.
2026-01-19 16:19:38,661 [ERROR] src.autoclave.devices.door: Error: Presión de empaque insuficiente al cerrar.
2026-01-19 16:19:38,662 [INFO] __main__: Puerta Puerta 1: CERRANDO -> ERROR
2026-01-19 16:19:38,662 [ERROR] __main__: ¡Error en puerta Puerta 1!
2026-01-19 16:20:21,903 [INFO] src.autoclave.devices.door: Recuperación de error: Estado detectado CERRADO.
2026-01-19 16:20:21,904 [INFO] __main__: Puerta Puerta 1: ERROR -> CERRADO
2026-01-19 16:20:21,905 [INFO] __main__: Puerta Puerta 1 cerrada.
2026-01-19 16:21:45,886 [INFO] src.autoclave.ui.ui_main.main_window: ⏻ Apagando equipo...
2026-01-19 16:21:49,061 [INFO] __main__: Cerrando la aplicación Autoclave...
2026-01-19 16:21:49,096 [INFO] autoclave: Deteniendo SerialLink...
2026-01-19 16:21:49,383 [INFO] autoclave: Puerto serial cerrado.
2026-01-19 16:21:49,384 [INFO] src.autoclave.services.control_loop: Flujo de datos detenido.
2026-01-19 16:23:15,150 [INFO] sqlalchemy.engine.Engine: BEGIN (implicit)
2026-01-19 16:23:15,150 [INFO] sqlalchemy.engine.Engine: PRAGMA main.table_info("ac_puerto")
2026-01-19 16:23:15,151 [INFO] sqlalchemy.engine.Engine: [raw sql] ()
2026-01-19 16:23:15,153 [INFO] sqlalchemy.engine.Engine: PRAGMA main.table_info("ac_pantalla_control")
2026-01-19 16:23:15,154 [INFO] sqlalchemy.engine.Engine: [raw sql] ()
2026-01-19 16:23:15,154 [INFO] sqlalchemy.engine.Engine: PRAGMA main.table_info("proceso_control")
2026-01-19 16:23:15,155 [INFO] sqlalchemy.engine.Engine: [raw sql] ()
2026-01-19 16:23:15,155 [INFO] sqlalchemy.engine.Engine: PRAGMA main.table_info("proceso_fase")
2026-01-19 16:23:15,156 [INFO] sqlalchemy.engine.Engine: [raw sql] ()
2026-01-19 16:23:15,157 [INFO] sqlalchemy.engine.Engine: PRAGMA main.table_info("proceso_fase_parametro")
2026-01-19 16:23:15,158 [INFO] sqlalchemy.engine.Engine: [raw sql] ()
2026-01-19 16:23:15,159 [INFO] sqlalchemy.engine.Engine: COMMIT
2026-01-19 16:23:15,448 [INFO] __main__: Iniciando la aplicación Autoclave...
2026-01-19 16:23:15,472 [INFO] autoclave: Iniciando SerialLink...
2026-01-19 16:23:15,473 [INFO] autoclave: SerialLink id: 1484939386832
2026-01-19 16:23:15,637 [INFO] src.autoclave.services.control_loop: Iniciando el bucle de control...
2026-01-19 16:23:15,638 [INFO] autoclave: SerialLink id: 1484939386832
2026-01-19 16:23:15,638 [INFO] src.autoclave.services.control_loop: Esperando conexión con ESP32...
2026-01-19 16:23:15,645 [INFO] autoclave: connected: True
2026-01-19 16:23:15,646 [INFO] autoclave: Conectado a ESP32 en COM3
2026-01-19 16:23:15,839 [INFO] autoclave: SerialLink id: 1484939386832
2026-01-19 16:23:15,840 [INFO] autoclave: SerialLink id: 1484939386832
2026-01-19 16:23:15,840 [INFO] src.autoclave.services.control_loop: Conexión establecida. Iniciando actualización de puertas...
2026-01-19 16:23:15,970 [INFO] src.autoclave.ui.ui_main.main_window: ✅ Interfaz creada correctamente.
2026-01-19 16:23:16,841 [ERROR] src.autoclave.devices.door: Error: Estado inicial de puerta inconsistente .
2026-01-19 16:23:16,843 [ERROR] src.autoclave.devices.door: Error: Estado inicial de puerta inconsistente .
2026-01-19 16:23:18,645 [INFO] src.autoclave.devices.door: Recuperación de error: Estado detectado CERRADO.
2026-01-19 16:23:18,946 [INFO] src.autoclave.devices.door: Recuperación de error: Estado detectado CERRADO.
2026-01-19 16:23:18,947 [INFO] __main__: Puerta Puerta 1: ERROR -> CERRADO
2026-01-19 16:23:18,947 [INFO] __main__: Puerta Puerta 1 cerrada.
2026-01-19 16:23:18,948 [INFO] __main__: Puerta Puerta 2: ERROR -> CERRADO
2026-01-19 16:23:18,948 [INFO] __main__: Puerta Puerta 2 cerrada.
2026-01-19 16:23:21,916 [INFO] __main__: Comando de apertura de puerta enviado.
2026-01-19 16:23:21,950 [INFO] src.autoclave.devices.door: Bomba de vacio encendida.
2026-01-19 16:23:21,951 [INFO] src.autoclave.devices.door: Desbloqueo de puerta activado.
2026-01-19 16:23:21,951 [INFO] src.autoclave.devices.door: presion empaque: 327.71 kPa.
2026-01-19 16:23:21,952 [INFO] __main__: Puerta Puerta 1: CERRADO -> ABRIENDO
2026-01-19 16:23:21,952 [INFO] __main__: Puerta Puerta 1 abriéndose...
2026-01-19 16:23:23,453 [INFO] src.autoclave.devices.door: presion empaque: 329.55 kPa.
2026-01-19 16:23:24,956 [INFO] src.autoclave.devices.door: presion empaque: 325.9 kPa.
2026-01-19 16:23:26,457 [INFO] src.autoclave.devices.door: presion empaque: 326.29 kPa.
2026-01-19 16:23:27,959 [INFO] src.autoclave.devices.door: presion empaque: 326.9 kPa.
2026-01-19 16:23:29,460 [INFO] src.autoclave.devices.door: presion empaque: 327.29 kPa.
2026-01-19 16:23:30,962 [INFO] src.autoclave.devices.door: presion empaque: 327.01 kPa.
2026-01-19 16:23:32,463 [INFO] src.autoclave.devices.door: presion empaque: 13.2 kPa.
2026-01-19 16:23:32,464 [INFO] src.autoclave.devices.door: Actuador de apertura activado.
2026-01-19 16:23:33,965 [INFO] src.autoclave.devices.door: presion empaque: 0.37 kPa.
2026-01-19 16:23:33,966 [INFO] src.autoclave.devices.door: Actuador de apertura activado.
2026-01-19 16:23:35,467 [INFO] src.autoclave.devices.door: presion empaque: 0.01 kPa.
2026-01-19 16:23:35,468 [INFO] src.autoclave.devices.door: Actuador de apertura activado.
2026-01-19 16:23:36,969 [INFO] src.autoclave.devices.door: presion empaque: 0.0 kPa.
2026-01-19 16:23:36,970 [INFO] src.autoclave.devices.door: Actuador de apertura activado.
2026-01-19 16:23:38,471 [INFO] src.autoclave.devices.door: presion empaque: 0.0 kPa.
2026-01-19 16:23:38,472 [INFO] src.autoclave.devices.door: Actuador de apertura activado.
2026-01-19 16:23:39,973 [INFO] src.autoclave.devices.door: presion empaque: 0.0 kPa.
2026-01-19 16:23:39,974 [INFO] src.autoclave.devices.door: Actuador de apertura activado.
2026-01-19 16:23:41,475 [INFO] src.autoclave.devices.door: presion empaque: 0.0 kPa.
2026-01-19 16:23:41,477 [INFO] src.autoclave.devices.door: Actuador de apertura activado.
2026-01-19 16:23:42,977 [INFO] src.autoclave.devices.door: presion empaque: 0.0 kPa.
2026-01-19 16:23:42,979 [INFO] src.autoclave.devices.door: Actuador de apertura activado.
2026-01-19 16:23:44,479 [INFO] src.autoclave.devices.door: presion empaque: 0.0 kPa.
2026-01-19 16:23:44,480 [INFO] src.autoclave.devices.door: Actuador de apertura activado.
2026-01-19 16:23:45,981 [INFO] src.autoclave.devices.door: presion empaque: 0.0 kPa.
2026-01-19 16:23:45,982 [INFO] src.autoclave.devices.door: Actuador de apertura activado.
2026-01-19 16:23:47,483 [INFO] src.autoclave.devices.door: presion empaque: 0.0 kPa.
2026-01-19 16:23:47,484 [INFO] src.autoclave.devices.door: Actuador de apertura activado.
2026-01-19 16:23:48,986 [INFO] src.autoclave.devices.door: presion empaque: 0.0 kPa.
2026-01-19 16:23:48,987 [INFO] src.autoclave.devices.door: Actuador de apertura activado.
2026-01-19 16:23:50,489 [INFO] src.autoclave.devices.door: presion empaque: 0.0 kPa.
2026-01-19 16:23:50,490 [INFO] src.autoclave.devices.door: Actuador de apertura activado.
2026-01-19 16:23:51,991 [INFO] src.autoclave.devices.door: presion empaque: 0.0 kPa.
2026-01-19 16:23:51,992 [INFO] src.autoclave.devices.door: Actuador de apertura activado.
2026-01-19 16:23:53,494 [INFO] src.autoclave.devices.door: presion empaque: 0.0 kPa.
2026-01-19 16:23:53,495 [INFO] src.autoclave.devices.door: Actuador de apertura activado.
2026-01-19 16:23:54,997 [INFO] src.autoclave.devices.door: presion empaque: 0.0 kPa.
2026-01-19 16:23:54,998 [INFO] src.autoclave.devices.door: Actuador de apertura activado.
2026-01-19 16:23:56,500 [INFO] src.autoclave.devices.door: presion empaque: 0.0 kPa.
2026-01-19 16:23:56,501 [INFO] src.autoclave.devices.door: Actuador de apertura activado.
2026-01-19 16:23:58,003 [INFO] src.autoclave.devices.door: presion empaque: 0.0 kPa.
2026-01-19 16:23:58,004 [INFO] src.autoclave.devices.door: Actuador de apertura activado.
2026-01-19 16:23:59,505 [INFO] src.autoclave.devices.door: presion empaque: 0.0 kPa.
2026-01-19 16:23:59,506 [INFO] src.autoclave.devices.door: Actuador de apertura activado.
2026-01-19 16:24:01,007 [INFO] src.autoclave.devices.door: presion empaque: 0.0 kPa.
2026-01-19 16:24:01,008 [INFO] src.autoclave.devices.door: Actuador de apertura activado.
2026-01-19 16:24:02,510 [INFO] src.autoclave.devices.door: presion empaque: 0.0 kPa.
2026-01-19 16:24:02,510 [INFO] src.autoclave.devices.door: Actuador de apertura activado.
2026-01-19 16:24:04,012 [INFO] src.autoclave.devices.door: presion empaque: 0.0 kPa.
2026-01-19 16:24:04,013 [INFO] src.autoclave.devices.door: Actuador de apertura activado.
2026-01-19 16:24:05,514 [INFO] src.autoclave.devices.door: presion empaque: 0.0 kPa.
2026-01-19 16:24:05,515 [INFO] src.autoclave.devices.door: Actuador de apertura activado.
2026-01-19 16:24:07,016 [INFO] src.autoclave.devices.door: presion empaque: 0.0 kPa.
2026-01-19 16:24:07,017 [INFO] src.autoclave.devices.door: Actuador de apertura activado.
2026-01-19 16:24:08,518 [INFO] src.autoclave.devices.door: presion empaque: 0.0 kPa.
2026-01-19 16:24:08,519 [INFO] src.autoclave.devices.door: Actuador de apertura activado.
2026-01-19 16:24:10,021 [INFO] src.autoclave.devices.door: presion empaque: 0.0 kPa.
2026-01-19 16:24:10,022 [INFO] src.autoclave.devices.door: Actuador de apertura activado.
2026-01-19 16:24:11,523 [INFO] src.autoclave.devices.door: presion empaque: 0.0 kPa.
2026-01-19 16:24:11,526 [INFO] src.autoclave.devices.door: Actuador de apertura activado.
2026-01-19 16:24:13,027 [INFO] src.autoclave.devices.door: presion empaque: 0.0 kPa.
2026-01-19 16:24:13,028 [INFO] src.autoclave.devices.door: Actuador de apertura activado.
2026-01-19 16:24:14,529 [INFO] src.autoclave.devices.door: presion empaque: 0.0 kPa.
2026-01-19 16:24:14,530 [INFO] src.autoclave.devices.door: Actuador de apertura activado.
2026-01-19 16:24:16,032 [INFO] src.autoclave.devices.door: presion empaque: 0.0 kPa.
2026-01-19 16:24:16,034 [INFO] src.autoclave.devices.door: Actuador de apertura activado.
2026-01-19 16:24:17,536 [INFO] src.autoclave.devices.door: presion empaque: 0.0 kPa.
2026-01-19 16:24:17,536 [INFO] src.autoclave.devices.door: Actuador de apertura activado.
2026-01-19 16:24:19,037 [INFO] src.autoclave.devices.door: presion empaque: 0.0 kPa.
2026-01-19 16:24:19,039 [INFO] src.autoclave.devices.door: Actuador de apertura activado.
2026-01-19 16:24:20,541 [INFO] src.autoclave.devices.door: presion empaque: 0.0 kPa.
2026-01-19 16:24:20,542 [INFO] src.autoclave.devices.door: Actuador de apertura activado.
2026-01-19 16:24:22,043 [INFO] src.autoclave.devices.door: presion empaque: 0.0 kPa.
2026-01-19 16:24:22,044 [INFO] src.autoclave.devices.door: Actuador de apertura activado.
2026-01-19 16:24:23,546 [INFO] src.autoclave.devices.door: presion empaque: 0.0 kPa.
2026-01-19 16:24:23,547 [INFO] src.autoclave.devices.door: Actuador de apertura activado.
2026-01-19 16:24:25,048 [INFO] src.autoclave.devices.door: presion empaque: 0.0 kPa.
2026-01-19 16:24:25,050 [INFO] src.autoclave.devices.door: Actuador de apertura activado.
2026-01-19 16:24:26,552 [INFO] src.autoclave.devices.door: presion empaque: 0.0 kPa.
2026-01-19 16:24:26,554 [INFO] src.autoclave.devices.door: Actuador de apertura activado.
2026-01-19 16:24:28,057 [INFO] src.autoclave.devices.door: presion empaque: 0.0 kPa.
2026-01-19 16:24:28,059 [INFO] src.autoclave.devices.door: Actuador de apertura activado.
2026-01-19 16:24:29,560 [INFO] src.autoclave.devices.door: presion empaque: 0.0 kPa.
2026-01-19 16:24:29,561 [INFO] src.autoclave.devices.door: Actuador de apertura activado.
2026-01-19 16:24:31,063 [INFO] src.autoclave.devices.door: presion empaque: 0.0 kPa.
2026-01-19 16:24:31,064 [INFO] src.autoclave.devices.door: Actuador de apertura activado.
2026-01-19 16:24:32,566 [INFO] src.autoclave.devices.door: presion empaque: 0.0 kPa.
2026-01-19 16:24:32,567 [INFO] src.autoclave.devices.door: Actuador de apertura activado.
2026-01-19 16:24:34,069 [INFO] src.autoclave.devices.door: presion empaque: 0.0 kPa.
2026-01-19 16:24:34,070 [INFO] src.autoclave.devices.door: Actuador de apertura activado.
2026-01-19 16:24:35,571 [INFO] src.autoclave.devices.door: presion empaque: 0.0 kPa.
2026-01-19 16:24:35,573 [INFO] src.autoclave.devices.door: Actuador de apertura activado.
2026-01-19 16:24:37,075 [INFO] src.autoclave.devices.door: presion empaque: 0.0 kPa.
2026-01-19 16:24:37,076 [INFO] src.autoclave.devices.door: Actuador de apertura activado.
2026-01-19 16:24:38,577 [INFO] src.autoclave.devices.door: presion empaque: 0.0 kPa.
2026-01-19 16:24:38,578 [INFO] src.autoclave.devices.door: Actuador de apertura activado.
2026-01-19 16:24:40,079 [INFO] src.autoclave.devices.door: presion empaque: 0.0 kPa.
2026-01-19 16:24:40,080 [INFO] src.autoclave.devices.door: Actuador de apertura activado.
2026-01-19 16:24:41,581 [INFO] src.autoclave.devices.door: presion empaque: 0.0 kPa.
2026-01-19 16:24:41,583 [INFO] src.autoclave.devices.door: Actuador de apertura activado.
2026-01-19 16:24:43,084 [INFO] src.autoclave.devices.door: presion empaque: 0.0 kPa.
2026-01-19 16:24:43,085 [INFO] src.autoclave.devices.door: Actuador de apertura activado.
2026-01-19 16:24:44,586 [INFO] src.autoclave.devices.door: presion empaque: 0.0 kPa.
2026-01-19 16:24:44,587 [INFO] src.autoclave.devices.door: Actuador de apertura activado.
2026-01-19 16:24:46,089 [INFO] src.autoclave.devices.door: presion empaque: 0.0 kPa.
2026-01-19 16:24:46,090 [INFO] src.autoclave.devices.door: Actuador de apertura activado.
2026-01-19 16:24:47,591 [INFO] src.autoclave.devices.door: presion empaque: 0.0 kPa.
2026-01-19 16:24:47,592 [INFO] src.autoclave.devices.door: Actuador de apertura activado.
2026-01-19 16:24:49,094 [INFO] src.autoclave.devices.door: presion empaque: 0.0 kPa.
2026-01-19 16:24:49,095 [INFO] src.autoclave.devices.door: Actuador de apertura activado.
2026-01-19 16:24:50,596 [INFO] src.autoclave.devices.door: presion empaque: 0.0 kPa.
2026-01-19 16:24:50,597 [INFO] src.autoclave.devices.door: Actuador de apertura activado.
2026-01-19 16:24:52,098 [INFO] src.autoclave.devices.door: presion empaque: 0.0 kPa.
2026-01-19 16:24:52,099 [INFO] src.autoclave.devices.door: Actuador de apertura activado.
2026-01-19 16:24:53,601 [INFO] src.autoclave.devices.door: presion empaque: 0.0 kPa.
2026-01-19 16:24:53,603 [INFO] src.autoclave.devices.door: Actuador de apertura activado.
2026-01-19 16:24:55,104 [INFO] src.autoclave.devices.door: presion empaque: 0.0 kPa.
2026-01-19 16:24:55,105 [INFO] src.autoclave.devices.door: Actuador de apertura activado.
2026-01-19 16:24:56,607 [INFO] src.autoclave.devices.door: presion empaque: 0.0 kPa.
2026-01-19 16:24:56,611 [INFO] src.autoclave.devices.door: Actuador de apertura activado.
2026-01-19 16:24:58,113 [INFO] src.autoclave.devices.door: presion empaque: 0.0 kPa.
2026-01-19 16:24:58,115 [INFO] src.autoclave.devices.door: Actuador de apertura activado.
2026-01-19 16:24:59,616 [INFO] src.autoclave.devices.door: presion empaque: 0.0 kPa.
2026-01-19 16:24:59,617 [INFO] src.autoclave.devices.door: Actuador de apertura activado.
2026-01-19 16:25:01,118 [INFO] src.autoclave.devices.door: presion empaque: 0.0 kPa.
2026-01-19 16:25:01,119 [INFO] src.autoclave.devices.door: Actuador de apertura activado.
2026-01-19 16:25:02,620 [INFO] src.autoclave.devices.door: presion empaque: 0.0 kPa.
2026-01-19 16:25:02,621 [INFO] src.autoclave.devices.door: Actuador de apertura activado.
2026-01-19 16:25:04,123 [INFO] src.autoclave.devices.door: presion empaque: 0.0 kPa.
2026-01-19 16:25:04,124 [INFO] src.autoclave.devices.door: Actuador de apertura activado.
2026-01-19 16:25:05,625 [INFO] src.autoclave.devices.door: presion empaque: 0.0 kPa.
2026-01-19 16:25:05,626 [INFO] src.autoclave.devices.door: Actuador de apertura activado.
2026-01-19 16:25:07,127 [INFO] src.autoclave.devices.door: presion empaque: 0.0 kPa.
2026-01-19 16:25:07,129 [INFO] src.autoclave.devices.door: Actuador de apertura activado.
2026-01-19 16:25:08,630 [INFO] src.autoclave.devices.door: presion empaque: 0.0 kPa.
2026-01-19 16:25:08,631 [INFO] src.autoclave.devices.door: Actuador de apertura activado.
2026-01-19 16:25:10,132 [INFO] src.autoclave.devices.door: presion empaque: 0.0 kPa.
2026-01-19 16:25:10,133 [INFO] src.autoclave.devices.door: Actuador de apertura activado.
2026-01-19 16:25:11,634 [INFO] src.autoclave.devices.door: presion empaque: 0.0 kPa.
2026-01-19 16:25:11,636 [INFO] src.autoclave.devices.door: Actuador de apertura activado.
2026-01-19 16:25:13,137 [INFO] src.autoclave.devices.door: presion empaque: 0.0 kPa.
2026-01-19 16:25:13,139 [INFO] src.autoclave.devices.door: Actuador de apertura activado.
2026-01-19 16:25:14,640 [INFO] src.autoclave.devices.door: presion empaque: 0.0 kPa.
2026-01-19 16:25:14,641 [INFO] src.autoclave.devices.door: Actuador de apertura activado.
2026-01-19 16:25:16,143 [INFO] src.autoclave.devices.door: presion empaque: 0.0 kPa.
2026-01-19 16:25:16,144 [INFO] src.autoclave.devices.door: Actuador de apertura activado.
2026-01-19 16:25:17,646 [INFO] src.autoclave.devices.door: presion empaque: 0.0 kPa.
2026-01-19 16:25:17,646 [INFO] src.autoclave.devices.door: Actuador de apertura activado.
2026-01-19 16:25:19,148 [INFO] src.autoclave.devices.door: presion empaque: 0.0 kPa.
2026-01-19 16:25:19,148 [INFO] src.autoclave.devices.door: Actuador de apertura activado.
2026-01-19 16:25:20,650 [INFO] src.autoclave.devices.door: presion empaque: 0.0 kPa.
2026-01-19 16:25:20,651 [INFO] src.autoclave.devices.door: Actuador de apertura activado.
2026-01-19 16:25:22,152 [INFO] src.autoclave.devices.door: presion empaque: 0.0 kPa.
2026-01-19 16:25:22,154 [INFO] src.autoclave.devices.door: Actuador de apertura activado.
2026-01-19 16:25:22,154 [INFO] src.autoclave.devices.door: Actuador de apertura desactivado.
2026-01-19 16:25:22,155 [INFO] src.autoclave.devices.door: Bomba de vacio apagada.
2026-01-19 16:25:22,156 [INFO] src.autoclave.devices.door: Desbloqueo de puerta desactivado.
2026-01-19 16:25:22,156 [ERROR] src.autoclave.devices.door: Error: Tiempo de apertura agotado.
2026-01-19 16:25:22,156 [INFO] __main__: Puerta Puerta 1: ABRIENDO -> ERROR
2026-01-19 16:25:22,157 [ERROR] __main__: ¡Error en puerta Puerta 1!
2026-01-19 16:29:03,736 [INFO] src.autoclave.devices.door: Recuperación de error: Estado detectado CERRADO.
2026-01-19 16:29:03,737 [INFO] __main__: Puerta Puerta 1: ERROR -> CERRADO
2026-01-19 16:29:03,737 [INFO] __main__: Puerta Puerta 1 cerrada.
2026-01-19 16:29:09,472 [WARNING] src.autoclave.services.puertas.ser_puertas: No se puede abrir la puerta: presión de cámara alta.
2026-01-19 16:29:09,472 [WARNING] __main__: Apertura de puerta denegada por condiciones de seguridad.
2026-01-19 16:32:18,876 [INFO] src.autoclave.ui.ui_main.main_window: ⏻ Apagando equipo...
2026-01-19 16:32:21,967 [INFO] __main__: Cerrando la aplicación Autoclave...
2026-01-19 16:32:22,001 [INFO] autoclave: Deteniendo SerialLink...
2026-01-19 16:32:23,160 [INFO] autoclave: Puerto serial cerrado.
2026-01-19 16:32:23,162 [INFO] src.autoclave.services.control_loop: Flujo de datos detenido.
2026-01-19 16:32:29,461 [INFO] sqlalchemy.engine.Engine: BEGIN (implicit)
2026-01-19 16:32:29,461 [INFO] sqlalchemy.engine.Engine: PRAGMA main.table_info("ac_puerto")
2026-01-19 16:32:29,462 [INFO] sqlalchemy.engine.Engine: [raw sql] ()
2026-01-19 16:32:29,463 [INFO] sqlalchemy.engine.Engine: PRAGMA main.table_info("ac_pantalla_control")
2026-01-19 16:32:29,464 [INFO] sqlalchemy.engine.Engine: [raw sql] ()
2026-01-19 16:32:29,465 [INFO] sqlalchemy.engine.Engine: PRAGMA main.table_info("proceso_control")
2026-01-19 16:32:29,465 [INFO] sqlalchemy.engine.Engine: [raw sql] ()
2026-01-19 16:32:29,466 [INFO] sqlalchemy.engine.Engine: PRAGMA main.table_info("proceso_fase")
2026-01-19 16:32:29,466 [INFO] sqlalchemy.engine.Engine: [raw sql] ()
2026-01-19 16:32:29,467 [INFO] sqlalchemy.engine.Engine: PRAGMA main.table_info("proceso_fase_parametro")
2026-01-19 16:32:29,467 [INFO] sqlalchemy.engine.Engine: [raw sql] ()
2026-01-19 16:32:29,468 [INFO] sqlalchemy.engine.Engine: COMMIT
2026-01-19 16:32:29,739 [INFO] __main__: Iniciando la aplicación Autoclave...
2026-01-19 16:32:29,756 [INFO] autoclave: Iniciando SerialLink...
2026-01-19 16:32:29,758 [INFO] autoclave: SerialLink id: 2228787028256
2026-01-19 16:32:29,867 [INFO] src.autoclave.services.control_loop: Iniciando el bucle de control...
2026-01-19 16:32:29,869 [INFO] autoclave: SerialLink id: 2228787028256
2026-01-19 16:32:29,869 [INFO] src.autoclave.services.control_loop: Esperando conexión con ESP32...
2026-01-19 16:32:29,875 [INFO] autoclave: connected: True
2026-01-19 16:32:29,875 [INFO] autoclave: Conectado a ESP32 en COM3
2026-01-19 16:32:30,071 [INFO] autoclave: SerialLink id: 2228787028256
2026-01-19 16:32:30,071 [INFO] autoclave: SerialLink id: 2228787028256
2026-01-19 16:32:30,072 [INFO] src.autoclave.services.control_loop: Conexión establecida. Iniciando actualización de puertas...
2026-01-19 16:32:30,173 [INFO] src.autoclave.ui.ui_main.main_window: ✅ Interfaz creada correctamente.
2026-01-19 16:32:31,073 [ERROR] src.autoclave.devices.door: Error: Estado inicial de puerta inconsistente .
2026-01-19 16:32:31,073 [ERROR] src.autoclave.devices.door: Error: Estado inicial de puerta inconsistente .
2026-01-19 16:32:32,875 [INFO] src.autoclave.devices.door: Recuperación de error: Estado detectado CERRADO.
2026-01-19 16:32:33,176 [INFO] src.autoclave.devices.door: Recuperación de error: Estado detectado CERRADO.
2026-01-19 16:32:33,177 [INFO] __main__: Puerta Puerta 1: ERROR -> CERRADO
2026-01-19 16:32:33,178 [INFO] __main__: Puerta Puerta 1 cerrada.
2026-01-19 16:32:33,178 [INFO] __main__: Puerta Puerta 2: ERROR -> CERRADO
2026-01-19 16:32:33,179 [INFO] __main__: Puerta Puerta 2 cerrada.
2026-01-19 16:34:34,125 [WARNING] src.autoclave.services.puertas.ser_puertas: No se puede abrir la puerta: presión de cámara baja.
2026-01-19 16:34:34,126 [WARNING] __main__: Apertura de puerta denegada por condiciones de seguridad.
2026-01-19 16:35:05,963 [WARNING] src.autoclave.services.puertas.ser_puertas: No se puede abrir la puerta: temperatura de cámara alta.
2026-01-19 16:35:05,964 [WARNING] __main__: Apertura de puerta denegada por condiciones de seguridad.
2026-01-19 16:36:27,332 [ERROR] src.autoclave.devices.door: Error: Inconsistencia detectada, presión de empaque insuficiente.
2026-01-19 16:36:27,333 [INFO] __main__: Puerta Puerta 2: CERRADO -> ERROR
2026-01-19 16:36:27,334 [ERROR] __main__: ¡Error en puerta Puerta 2!
2026-01-19 16:36:28,999 [INFO] __main__: Comando de apertura de puerta enviado.
2026-01-19 16:36:29,137 [INFO] __main__: Puerta Puerta 1: CERRADO -> ABRIENDO
2026-01-19 16:36:29,137 [INFO] __main__: Puerta Puerta 1 abriéndose...
2026-01-19 16:36:30,640 [INFO] src.autoclave.devices.door: Bomba de vacio encendida.
2026-01-19 16:36:30,643 [INFO] src.autoclave.devices.door: Desbloqueo de puerta activado.
2026-01-19 16:36:30,643 [INFO] src.autoclave.devices.door: presion empaque: 319.63 kPa.
2026-01-19 16:36:32,446 [INFO] src.autoclave.devices.door: presion empaque: 318.73 kPa.
2026-01-19 16:36:34,249 [INFO] src.autoclave.devices.door: presion empaque: 321.63 kPa.
2026-01-19 16:36:36,050 [INFO] src.autoclave.devices.door: presion empaque: 321.6 kPa.
2026-01-19 16:36:37,852 [INFO] src.autoclave.devices.door: presion empaque: 318.45 kPa.
2026-01-19 16:36:39,131 [INFO] src.autoclave.ui.ui_main.main_window: ⏻ Apagando equipo...
2026-01-19 16:36:39,654 [INFO] src.autoclave.devices.door: presion empaque: 320.44 kPa.
2026-01-19 16:36:41,455 [INFO] src.autoclave.devices.door: presion empaque: 321.78 kPa.
2026-01-19 16:36:42,195 [INFO] __main__: Cerrando la aplicación Autoclave...
2026-01-19 16:36:42,234 [INFO] autoclave: Deteniendo SerialLink...
2026-01-19 16:36:43,455 [INFO] autoclave: Puerto serial cerrado.
2026-01-19 16:36:43,455 [INFO] src.autoclave.services.control_loop: Flujo de datos detenido.
2026-01-19 16:37:37,841 [INFO] sqlalchemy.engine.Engine: BEGIN (implicit)
2026-01-19 16:37:37,841 [INFO] sqlalchemy.engine.Engine: PRAGMA main.table_info("ac_puerto")
2026-01-19 16:37:37,842 [INFO] sqlalchemy.engine.Engine: [raw sql] ()
2026-01-19 16:37:37,844 [INFO] sqlalchemy.engine.Engine: PRAGMA main.table_info("ac_pantalla_control")
2026-01-19 16:37:37,844 [INFO] sqlalchemy.engine.Engine: [raw sql] ()
2026-01-19 16:37:37,845 [INFO] sqlalchemy.engine.Engine: PRAGMA main.table_info("proceso_control")
2026-01-19 16:37:37,845 [INFO] sqlalchemy.engine.Engine: [raw sql] ()
2026-01-19 16:37:37,846 [INFO] sqlalchemy.engine.Engine: PRAGMA main.table_info("proceso_fase")
2026-01-19 16:37:37,846 [INFO] sqlalchemy.engine.Engine: [raw sql] ()
2026-01-19 16:37:37,847 [INFO] sqlalchemy.engine.Engine: PRAGMA main.table_info("proceso_fase_parametro")
2026-01-19 16:37:37,848 [INFO] sqlalchemy.engine.Engine: [raw sql] ()
2026-01-19 16:37:37,848 [INFO] sqlalchemy.engine.Engine: COMMIT
2026-01-19 16:37:38,040 [INFO] __main__: Iniciando la aplicación Autoclave...
2026-01-19 16:37:38,059 [INFO] autoclave: Iniciando SerialLink...
2026-01-19 16:37:38,062 [INFO] autoclave: SerialLink id: 1409328324896
2026-01-19 16:37:38,155 [INFO] src.autoclave.services.control_loop: Iniciando el bucle de control...
2026-01-19 16:37:38,156 [INFO] autoclave: SerialLink id: 1409328324896
2026-01-19 16:37:38,156 [INFO] src.autoclave.services.control_loop: Esperando conexión con ESP32...
2026-01-19 16:37:38,162 [INFO] autoclave: connected: True
2026-01-19 16:37:38,163 [INFO] autoclave: Conectado a ESP32 en COM3
2026-01-19 16:37:38,357 [INFO] autoclave: SerialLink id: 1409328324896
2026-01-19 16:37:38,358 [INFO] autoclave: SerialLink id: 1409328324896
2026-01-19 16:37:38,358 [INFO] src.autoclave.services.control_loop: Conexión establecida. Iniciando actualización de puertas...
2026-01-19 16:37:38,434 [INFO] src.autoclave.ui.ui_main.main_window: ✅ Interfaz creada correctamente.
2026-01-19 16:37:39,361 [ERROR] src.autoclave.devices.door: Error: Estado inicial de puerta inconsistente .
2026-01-19 16:37:39,362 [ERROR] src.autoclave.devices.door: Error: Estado inicial de puerta inconsistente .
2026-01-19 16:37:41,164 [INFO] src.autoclave.devices.door: Recuperación de error: Estado detectado CERRADO.
2026-01-19 16:37:41,465 [INFO] src.autoclave.devices.door: Recuperación de error: Estado detectado CERRADO.
2026-01-19 16:37:41,466 [INFO] __main__: Puerta Puerta 1: ERROR -> CERRADO
2026-01-19 16:37:41,467 [INFO] __main__: Puerta Puerta 1 cerrada.
2026-01-19 16:37:41,468 [INFO] __main__: Puerta Puerta 2: ERROR -> CERRADO
2026-01-19 16:37:41,468 [INFO] __main__: Puerta Puerta 2 cerrada.
2026-01-19 16:40:38,614 [INFO] src.autoclave.ui.ui_main.main_window: ⏻ Apagando equipo...
2026-01-19 16:40:41,746 [INFO] __main__: Cerrando la aplicación Autoclave...
2026-01-19 16:40:41,780 [INFO] autoclave: Deteniendo SerialLink...
2026-01-19 16:40:43,016 [INFO] autoclave: Puerto serial cerrado.
2026-01-19 16:40:43,016 [INFO] src.autoclave.services.control_loop: Flujo de datos detenido.
2026-01-19 16:40:49,292 [INFO] sqlalchemy.engine.Engine: BEGIN (implicit)
2026-01-19 16:40:49,293 [INFO] sqlalchemy.engine.Engine: PRAGMA main.table_info("ac_puerto")
2026-01-19 16:40:49,293 [INFO] sqlalchemy.engine.Engine: [raw sql] ()
2026-01-19 16:40:49,295 [INFO] sqlalchemy.engine.Engine: PRAGMA main.table_info("ac_pantalla_control")
2026-01-19 16:40:49,295 [INFO] sqlalchemy.engine.Engine: [raw sql] ()
2026-01-19 16:40:49,296 [INFO] sqlalchemy.engine.Engine: PRAGMA main.table_info("proceso_control")
2026-01-19 16:40:49,296 [INFO] sqlalchemy.engine.Engine: [raw sql] ()
2026-01-19 16:40:49,297 [INFO] sqlalchemy.engine.Engine: PRAGMA main.table_info("proceso_fase")
2026-01-19 16:40:49,298 [INFO] sqlalchemy.engine.Engine: [raw sql] ()
2026-01-19 16:40:49,299 [INFO] sqlalchemy.engine.Engine: PRAGMA main.table_info("proceso_fase_parametro")
2026-01-19 16:40:49,299 [INFO] sqlalchemy.engine.Engine: [raw sql] ()
2026-01-19 16:40:49,300 [INFO] sqlalchemy.engine.Engine: COMMIT
2026-01-19 16:40:49,618 [INFO] __main__: Iniciando la aplicación Autoclave...
2026-01-19 16:40:49,631 [INFO] autoclave: Iniciando SerialLink...
2026-01-19 16:40:49,633 [INFO] autoclave: SerialLink id: 2115433718048
2026-01-19 16:40:49,731 [INFO] src.autoclave.services.control_loop: Iniciando el bucle de control...
2026-01-19 16:40:49,732 [INFO] autoclave: SerialLink id: 2115433718048
2026-01-19 16:40:49,732 [INFO] src.autoclave.services.control_loop: Esperando conexión con ESP32...
2026-01-19 16:40:49,736 [INFO] autoclave: connected: True
2026-01-19 16:40:49,736 [INFO] autoclave: Conectado a ESP32 en COM3
2026-01-19 16:40:49,933 [INFO] autoclave: SerialLink id: 2115433718048
2026-01-19 16:40:49,934 [INFO] autoclave: SerialLink id: 2115433718048
2026-01-19 16:40:49,934 [INFO] src.autoclave.services.control_loop: Conexión establecida. Iniciando actualización de puertas...
2026-01-19 16:40:50,014 [INFO] src.autoclave.ui.ui_main.main_window: ✅ Interfaz creada correctamente.
2026-01-19 16:40:51,236 [WARNING] src.autoclave.devices.door: Estado inicial inconsistente: Puerta cerrada pero presión de empaque baja, iniciando cierre.
2026-01-19 16:40:51,537 [WARNING] src.autoclave.devices.door: Estado inicial inconsistente: Puerta cerrada pero presión de empaque baja, iniciando cierre.
2026-01-19 16:40:53,040 [INFO] src.autoclave.devices.door: Bomba de vacio encendida.
2026-01-19 16:40:53,042 [INFO] src.autoclave.devices.door: Desbloqueo de puerta activado.
2026-01-19 16:40:53,042 [INFO] src.autoclave.devices.door: Iniciando cierre de puerta.
2026-01-19 16:40:53,043 [INFO] src.autoclave.devices.door: Actuador de cierre desactivado.
2026-01-19 16:40:53,044 [INFO] src.autoclave.devices.door: Desbloqueo de puerta desactivado.
2026-01-19 16:40:53,045 [INFO] src.autoclave.devices.door: Bomba de vacio apagada.
2026-01-19 16:40:53,045 [INFO] src.autoclave.devices.door: Bloqueo de puerta activado.
2026-01-19 16:40:53,046 [INFO] src.autoclave.devices.door: Bloqueo de puerta desactivado.
2026-01-19 16:40:53,047 [INFO] src.autoclave.devices.door: Puerta cerrada correctamente.
2026-01-19 16:40:53,048 [INFO] src.autoclave.devices.door: Bomba de vacio encendida.
2026-01-19 16:40:53,049 [INFO] src.autoclave.devices.door: Desbloqueo de puerta activado.
2026-01-19 16:40:53,049 [INFO] src.autoclave.devices.door: Iniciando cierre de puerta.
2026-01-19 16:40:53,052 [INFO] src.autoclave.devices.door: Actuador de cierre desactivado.
2026-01-19 16:40:53,052 [INFO] src.autoclave.devices.door: Desbloqueo de puerta desactivado.
2026-01-19 16:40:53,055 [INFO] src.autoclave.devices.door: Bomba de vacio apagada.
2026-01-19 16:40:53,056 [INFO] src.autoclave.devices.door: Bloqueo de puerta activado.
2026-01-19 16:40:53,056 [INFO] src.autoclave.devices.door: Bloqueo de puerta desactivado.
2026-01-19 16:40:53,057 [INFO] src.autoclave.devices.door: Puerta cerrada correctamente.
2026-01-19 16:40:53,057 [INFO] __main__: Puerta Puerta 1: CERRANDO -> CERRADO
2026-01-19 16:40:53,058 [INFO] __main__: Puerta Puerta 1 cerrada.
2026-01-19 16:40:53,058 [INFO] __main__: Puerta Puerta 2: CERRANDO -> CERRADO
2026-01-19 16:40:53,059 [INFO] __main__: Puerta Puerta 2 cerrada.
2026-01-19 16:42:02,107 [ERROR] src.autoclave.devices.door: Error: Inconsistencia detectada, presión de empaque insuficiente.
2026-01-19 16:42:02,108 [INFO] __main__: Puerta Puerta 2: CERRADO -> ERROR
2026-01-19 16:42:02,109 [ERROR] __main__: ¡Error en puerta Puerta 2!
2026-01-19 16:42:03,998 [WARNING] src.autoclave.services.puertas.ser_puertas: No se puede abrir la puerta: otra puerta está abierta.
2026-01-19 16:42:03,999 [WARNING] __main__: Apertura de puerta denegada por condiciones de seguridad.
2026-01-19 16:42:21,928 [INFO] src.autoclave.devices.door: Recuperación de error: Estado detectado CERRADO.
2026-01-19 16:42:21,928 [INFO] __main__: Puerta Puerta 2: ERROR -> CERRADO
2026-01-19 16:42:21,929 [INFO] __main__: Puerta Puerta 2 cerrada.
2026-01-19 16:50:27,160 [WARNING] autoclave: Conexión serial perdida.
2026-01-19 16:50:27,162 [INFO] autoclave: Puerto serial cerrado.
2026-01-19 16:50:29,007 [INFO] autoclave: SerialLink id: 2115433718048
2026-01-19 16:50:32,756 [INFO] autoclave: SerialLink id: 2115433718048
2026-01-19 16:50:36,095 [INFO] autoclave: SerialLink id: 2115433718048
2026-01-19 16:50:39,227 [INFO] autoclave: SerialLink id: 2115433718048
2026-01-19 16:56:30,614 [INFO] autoclave: SerialLink id: 2115433718048
2026-01-19 16:56:33,979 [INFO] autoclave: SerialLink id: 2115433718048
2026-01-19 16:56:33,992 [INFO] autoclave: connected: True
2026-01-19 16:56:33,992 [INFO] autoclave: Conectado a ESP32 en COM3
2026-01-19 16:56:52,761 [INFO] __main__: Comando de apertura de puerta enviado.
2026-01-19 16:56:54,069 [INFO] src.autoclave.devices.door: Bomba de vacio encendida.
2026-01-19 16:56:54,069 [INFO] src.autoclave.devices.door: Desbloqueo de puerta activado.
2026-01-19 16:56:54,070 [INFO] src.autoclave.devices.door: presion empaque: 319.2 kPa.
2026-01-19 16:56:54,070 [INFO] __main__: Puerta Puerta 1: CERRADO -> ABRIENDO
2026-01-19 16:56:54,070 [INFO] __main__: Puerta Puerta 1 abriéndose...
2026-01-19 16:56:55,571 [INFO] src.autoclave.devices.door: presion empaque: 319.93 kPa.
2026-01-19 16:56:57,071 [INFO] src.autoclave.devices.door: presion empaque: 321.1 kPa.
2026-01-19 16:56:58,572 [INFO] src.autoclave.devices.door: presion empaque: 322.19 kPa.
2026-01-19 16:57:00,073 [INFO] src.autoclave.devices.door: presion empaque: 320.83 kPa.
2026-01-19 16:57:01,575 [INFO] src.autoclave.devices.door: presion empaque: 321.68 kPa.
2026-01-19 16:57:01,936 [INFO] __main__: Comando de apertura de puerta enviado.
2026-01-19 16:57:03,076 [INFO] src.autoclave.devices.door: presion empaque: 320.34 kPa.
2026-01-19 16:57:03,120 [INFO] src.autoclave.ui.ui_main.main_window: ⏻ Apagando equipo...
2026-01-19 16:57:04,577 [INFO] src.autoclave.devices.door: presion empaque: 319.66 kPa.
2026-01-19 16:57:06,078 [INFO] src.autoclave.devices.door: presion empaque: 320.71 kPa.
2026-01-19 16:57:06,174 [INFO] __main__: Cerrando la aplicación Autoclave...
2026-01-19 16:57:06,208 [INFO] autoclave: Deteniendo SerialLink...
2026-01-19 16:57:06,997 [INFO] autoclave: Puerto serial cerrado.
2026-01-19 16:57:06,997 [INFO] src.autoclave.services.control_loop: Flujo de datos detenido.
2026-01-19 16:57:19,383 [INFO] sqlalchemy.engine.Engine: BEGIN (implicit)
2026-01-19 16:57:19,383 [INFO] sqlalchemy.engine.Engine: PRAGMA main.table_info("ac_puerto")
2026-01-19 16:57:19,384 [INFO] sqlalchemy.engine.Engine: [raw sql] ()
2026-01-19 16:57:19,384 [INFO] sqlalchemy.engine.Engine: PRAGMA main.table_info("ac_pantalla_control")
2026-01-19 16:57:19,385 [INFO] sqlalchemy.engine.Engine: [raw sql] ()
2026-01-19 16:57:19,385 [INFO] sqlalchemy.engine.Engine: PRAGMA main.table_info("proceso_control")
2026-01-19 16:57:19,385 [INFO] sqlalchemy.engine.Engine: [raw sql] ()
2026-01-19 16:57:19,386 [INFO] sqlalchemy.engine.Engine: PRAGMA main.table_info("proceso_fase")
2026-01-19 16:57:19,386 [INFO] sqlalchemy.engine.Engine: [raw sql] ()
2026-01-19 16:57:19,386 [INFO] sqlalchemy.engine.Engine: PRAGMA main.table_info("proceso_fase_parametro")
2026-01-19 16:57:19,387 [INFO] sqlalchemy.engine.Engine: [raw sql] ()
2026-01-19 16:57:19,387 [INFO] sqlalchemy.engine.Engine: COMMIT
2026-01-19 16:57:19,570 [INFO] __main__: Iniciando la aplicación Autoclave...
2026-01-19 16:57:19,578 [INFO] autoclave: Iniciando SerialLink...
2026-01-19 16:57:19,579 [INFO] autoclave: SerialLink id: 2220488777680
2026-01-19 16:57:19,655 [INFO] src.autoclave.services.control_loop: Iniciando el bucle de control...
2026-01-19 16:57:19,656 [INFO] autoclave: SerialLink id: 2220488777680
2026-01-19 16:57:19,656 [INFO] src.autoclave.services.control_loop: Esperando conexión con ESP32...
2026-01-19 16:57:19,658 [INFO] autoclave: connected: True
2026-01-19 16:57:19,658 [INFO] autoclave: Conectado a ESP32 en COM3
2026-01-19 16:57:19,860 [INFO] autoclave: SerialLink id: 2220488777680
2026-01-19 16:57:19,860 [INFO] autoclave: SerialLink id: 2220488777680
2026-01-19 16:57:19,861 [INFO] src.autoclave.services.control_loop: Conexión establecida. Iniciando actualización de puertas...
2026-01-19 16:57:19,937 [INFO] src.autoclave.ui.ui_main.main_window: ✅ Interfaz creada correctamente.
2026-01-19 16:57:20,861 [ERROR] src.autoclave.devices.door: Error: Estado inicial de puerta inconsistente .
2026-01-19 16:57:20,861 [ERROR] src.autoclave.devices.door: Error: Estado inicial de puerta inconsistente .
2026-01-19 16:57:22,663 [INFO] src.autoclave.devices.door: Recuperación de error: Estado detectado CERRADO.
2026-01-19 16:57:22,964 [INFO] src.autoclave.devices.door: Recuperación de error: Estado detectado CERRADO.
2026-01-19 16:57:22,964 [INFO] __main__: Puerta Puerta 1: ERROR -> CERRADO
2026-01-19 16:57:22,964 [INFO] __main__: Puerta Puerta 1 cerrada.
2026-01-19 16:57:22,964 [INFO] __main__: Puerta Puerta 2: ERROR -> CERRADO
2026-01-19 16:57:22,965 [INFO] __main__: Puerta Puerta 2 cerrada.
2026-01-19 16:58:59,090 [INFO] __main__: Comando de apertura de puerta enviado.
2026-01-19 16:59:00,515 [INFO] src.autoclave.devices.door: Bomba de vacio encendida.
2026-01-19 16:59:00,516 [INFO] src.autoclave.devices.door: Desbloqueo de puerta activado.
2026-01-19 16:59:00,517 [INFO] src.autoclave.devices.door: presion empaque: 321.52 kPa.
2026-01-19 16:59:00,517 [INFO] __main__: Puerta Puerta 1: CERRADO -> ABRIENDO
2026-01-19 16:59:00,518 [INFO] __main__: Puerta Puerta 1 abriéndose...
2026-01-19 16:59:02,019 [INFO] src.autoclave.devices.door: presion empaque: 321.17 kPa.
2026-01-19 16:59:03,520 [INFO] src.autoclave.devices.door: presion empaque: 320.25 kPa.
2026-01-19 16:59:05,022 [INFO] src.autoclave.devices.door: presion empaque: 320.34 kPa.
2026-01-19 16:59:06,524 [INFO] src.autoclave.devices.door: presion empaque: 318.92 kPa.
2026-01-19 16:59:08,026 [INFO] src.autoclave.devices.door: presion empaque: 321.22 kPa.
2026-01-19 16:59:09,528 [INFO] src.autoclave.devices.door: presion empaque: 318.47 kPa.
2026-01-19 16:59:11,030 [INFO] src.autoclave.devices.door: presion empaque: 316.87 kPa.
2026-01-19 16:59:12,531 [INFO] src.autoclave.devices.door: presion empaque: 317.93 kPa.
2026-01-19 16:59:14,032 [INFO] src.autoclave.devices.door: presion empaque: 319.71 kPa.
2026-01-19 16:59:15,534 [INFO] src.autoclave.devices.door: presion empaque: 322.04 kPa.
2026-01-19 16:59:17,035 [INFO] src.autoclave.devices.door: presion empaque: 320.03 kPa.
2026-01-19 16:59:18,536 [INFO] src.autoclave.devices.door: presion empaque: 321.69 kPa.
2026-01-19 16:59:20,038 [INFO] src.autoclave.devices.door: presion empaque: 318.99 kPa.
2026-01-19 16:59:21,539 [INFO] src.autoclave.devices.door: presion empaque: 318.93 kPa.
2026-01-19 16:59:23,041 [INFO] src.autoclave.devices.door: presion empaque: 12.87 kPa.
2026-01-19 16:59:23,041 [INFO] src.autoclave.devices.door: Actuador de apertura activado.
2026-01-19 16:59:24,543 [INFO] src.autoclave.devices.door: presion empaque: 0.36 kPa.
2026-01-19 16:59:24,544 [INFO] src.autoclave.devices.door: Actuador de apertura activado.
2026-01-19 16:59:26,046 [INFO] src.autoclave.devices.door: presion empaque: 0.01 kPa.
2026-01-19 16:59:26,047 [INFO] src.autoclave.devices.door: Actuador de apertura activado.
2026-01-19 16:59:27,548 [INFO] src.autoclave.devices.door: presion empaque: 0.0 kPa.
2026-01-19 16:59:27,549 [INFO] src.autoclave.devices.door: Actuador de apertura activado.
2026-01-19 16:59:29,050 [INFO] src.autoclave.devices.door: presion empaque: 0.0 kPa.
2026-01-19 16:59:29,050 [INFO] src.autoclave.devices.door: Actuador de apertura activado.
2026-01-19 16:59:30,551 [INFO] src.autoclave.devices.door: presion empaque: 0.0 kPa.
2026-01-19 16:59:30,552 [INFO] src.autoclave.devices.door: Actuador de apertura activado.
2026-01-19 16:59:32,054 [INFO] src.autoclave.devices.door: presion empaque: 0.0 kPa.
2026-01-19 16:59:32,054 [INFO] src.autoclave.devices.door: Actuador de apertura activado.
2026-01-19 16:59:33,556 [INFO] src.autoclave.devices.door: presion empaque: 0.0 kPa.
2026-01-19 16:59:33,557 [INFO] src.autoclave.devices.door: Actuador de apertura activado.
2026-01-19 16:59:35,059 [INFO] src.autoclave.devices.door: presion empaque: 0.0 kPa.
2026-01-19 16:59:35,060 [INFO] src.autoclave.devices.door: Actuador de apertura activado.
2026-01-19 16:59:36,562 [INFO] src.autoclave.devices.door: presion empaque: 0.0 kPa.
2026-01-19 16:59:36,563 [INFO] src.autoclave.devices.door: Actuador de apertura activado.
2026-01-19 16:59:38,065 [INFO] src.autoclave.devices.door: presion empaque: 0.0 kPa.
2026-01-19 16:59:38,066 [INFO] src.autoclave.devices.door: Actuador de apertura activado.
2026-01-19 16:59:39,567 [INFO] src.autoclave.devices.door: presion empaque: 0.0 kPa.
2026-01-19 16:59:39,568 [INFO] src.autoclave.devices.door: Actuador de apertura activado.
2026-01-19 16:59:41,070 [INFO] src.autoclave.devices.door: presion empaque: 0.0 kPa.
2026-01-19 16:59:41,071 [INFO] src.autoclave.devices.door: Actuador de apertura activado.
2026-01-19 16:59:42,572 [INFO] src.autoclave.devices.door: presion empaque: 0.0 kPa.
2026-01-19 16:59:42,573 [INFO] src.autoclave.devices.door: Actuador de apertura activado.
2026-01-19 16:59:44,074 [INFO] src.autoclave.devices.door: presion empaque: 0.0 kPa.
2026-01-19 16:59:44,075 [INFO] src.autoclave.devices.door: Actuador de apertura activado.
2026-01-19 16:59:45,577 [INFO] src.autoclave.devices.door: presion empaque: 0.0 kPa.
2026-01-19 16:59:45,578 [INFO] src.autoclave.devices.door: Actuador de apertura activado.
2026-01-19 16:59:47,080 [INFO] src.autoclave.devices.door: presion empaque: 0.0 kPa.
2026-01-19 16:59:47,081 [INFO] src.autoclave.devices.door: Actuador de apertura activado.
2026-01-19 16:59:48,582 [INFO] src.autoclave.devices.door: presion empaque: 0.0 kPa.
2026-01-19 16:59:48,583 [INFO] src.autoclave.devices.door: Actuador de apertura activado.
2026-01-19 16:59:50,084 [INFO] src.autoclave.devices.door: presion empaque: 0.0 kPa.
2026-01-19 16:59:50,085 [INFO] src.autoclave.devices.door: Actuador de apertura activado.
2026-01-19 16:59:51,585 [INFO] src.autoclave.devices.door: presion empaque: 0.0 kPa.
2026-01-19 16:59:51,586 [INFO] src.autoclave.devices.door: Actuador de apertura activado.
2026-01-19 16:59:53,088 [INFO] src.autoclave.devices.door: presion empaque: 0.0 kPa.
2026-01-19 16:59:53,088 [INFO] src.autoclave.devices.door: Actuador de apertura activado.
2026-01-19 16:59:54,590 [INFO] src.autoclave.devices.door: presion empaque: 0.0 kPa.
2026-01-19 16:59:54,592 [INFO] src.autoclave.devices.door: Actuador de apertura activado.
2026-01-19 16:59:56,093 [INFO] src.autoclave.devices.door: presion empaque: 0.0 kPa.
2026-01-19 16:59:56,093 [INFO] src.autoclave.devices.door: Actuador de apertura activado.
2026-01-19 16:59:57,595 [INFO] src.autoclave.devices.door: presion empaque: 0.0 kPa.
2026-01-19 16:59:57,597 [INFO] src.autoclave.devices.door: Actuador de apertura activado.
2026-01-19 16:59:59,099 [INFO] src.autoclave.devices.door: presion empaque: 0.0 kPa.
2026-01-19 16:59:59,099 [INFO] src.autoclave.devices.door: Actuador de apertura activado.
2026-01-19 17:00:00,600 [INFO] src.autoclave.devices.door: presion empaque: 0.0 kPa.
2026-01-19 17:00:00,601 [INFO] src.autoclave.devices.door: Actuador de apertura activado.
2026-01-19 17:00:02,102 [INFO] src.autoclave.devices.door: presion empaque: 0.0 kPa.
2026-01-19 17:00:02,103 [INFO] src.autoclave.devices.door: Actuador de apertura activado.
2026-01-19 17:00:03,604 [INFO] src.autoclave.devices.door: presion empaque: 0.0 kPa.
2026-01-19 17:00:03,605 [INFO] src.autoclave.devices.door: Actuador de apertura activado.
2026-01-19 17:00:05,107 [INFO] src.autoclave.devices.door: presion empaque: 0.0 kPa.
2026-01-19 17:00:05,107 [INFO] src.autoclave.devices.door: Actuador de apertura activado.
2026-01-19 17:00:06,608 [INFO] src.autoclave.devices.door: presion empaque: 0.0 kPa.
2026-01-19 17:00:06,609 [INFO] src.autoclave.devices.door: Actuador de apertura activado.
2026-01-19 17:00:08,110 [INFO] src.autoclave.devices.door: presion empaque: 0.0 kPa.
2026-01-19 17:00:08,112 [INFO] src.autoclave.devices.door: Actuador de apertura activado.
2026-01-19 17:00:09,614 [INFO] src.autoclave.devices.door: presion empaque: 0.0 kPa.
2026-01-19 17:00:09,614 [INFO] src.autoclave.devices.door: Actuador de apertura activado.
2026-01-19 17:00:11,115 [INFO] src.autoclave.devices.door: presion empaque: 0.0 kPa.
2026-01-19 17:00:11,117 [INFO] src.autoclave.devices.door: Actuador de apertura activado.
2026-01-19 17:00:12,618 [INFO] src.autoclave.devices.door: presion empaque: 0.0 kPa.
2026-01-19 17:00:12,619 [INFO] src.autoclave.devices.door: Actuador de apertura activado.
2026-01-19 17:00:14,120 [INFO] src.autoclave.devices.door: presion empaque: 0.0 kPa.
2026-01-19 17:00:14,122 [INFO] src.autoclave.devices.door: Actuador de apertura activado.
2026-01-19 17:00:15,623 [INFO] src.autoclave.devices.door: presion empaque: 0.0 kPa.
2026-01-19 17:00:15,623 [INFO] src.autoclave.devices.door: Actuador de apertura activado.
2026-01-19 17:00:17,125 [INFO] src.autoclave.devices.door: presion empaque: 0.0 kPa.
2026-01-19 17:00:17,127 [INFO] src.autoclave.devices.door: Actuador de apertura activado.
2026-01-19 17:00:18,628 [INFO] src.autoclave.devices.door: presion empaque: 0.0 kPa.
2026-01-19 17:00:18,630 [INFO] src.autoclave.devices.door: Actuador de apertura activado.
2026-01-19 17:00:20,132 [INFO] src.autoclave.devices.door: presion empaque: 0.0 kPa.
2026-01-19 17:00:20,132 [INFO] src.autoclave.devices.door: Actuador de apertura activado.
2026-01-19 17:00:21,634 [INFO] src.autoclave.devices.door: presion empaque: 0.0 kPa.
2026-01-19 17:00:21,636 [INFO] src.autoclave.devices.door: Actuador de apertura activado.
2026-01-19 17:00:23,137 [INFO] src.autoclave.devices.door: presion empaque: 0.0 kPa.
2026-01-19 17:00:23,138 [INFO] src.autoclave.devices.door: Actuador de apertura activado.
2026-01-19 17:00:24,639 [INFO] src.autoclave.devices.door: presion empaque: 0.0 kPa.
2026-01-19 17:00:24,641 [INFO] src.autoclave.devices.door: Actuador de apertura activado.
2026-01-19 17:00:26,144 [INFO] src.autoclave.devices.door: presion empaque: 0.0 kPa.
2026-01-19 17:00:26,145 [INFO] src.autoclave.devices.door: Actuador de apertura activado.
2026-01-19 17:00:27,647 [INFO] src.autoclave.devices.door: presion empaque: 0.0 kPa.
2026-01-19 17:00:27,649 [INFO] src.autoclave.devices.door: Actuador de apertura activado.
2026-01-19 17:00:29,150 [INFO] src.autoclave.devices.door: presion empaque: 0.0 kPa.
2026-01-19 17:00:29,151 [INFO] src.autoclave.devices.door: Actuador de apertura activado.
2026-01-19 17:00:29,151 [INFO] src.autoclave.devices.door: Actuador de apertura desactivado.
2026-01-19 17:00:29,152 [INFO] src.autoclave.devices.door: Bomba de vacio apagada.
2026-01-19 17:00:29,153 [INFO] src.autoclave.devices.door: Desbloqueo de puerta desactivado.
2026-01-19 17:00:29,153 [INFO] src.autoclave.devices.door: Puerta abierta correctamente.
2026-01-19 17:00:29,153 [INFO] __main__: Puerta Puerta 1: ABRIENDO -> ABIERTO
2026-01-19 17:00:29,153 [INFO] __main__: Puerta Puerta 1 abierta.
2026-01-19 17:05:13,110 [INFO] src.autoclave.ui.ui_main.main_window: ⏻ Apagando equipo...
2026-01-19 17:05:16,153 [INFO] __main__: Cerrando la aplicación Autoclave...
2026-01-19 17:05:16,187 [INFO] autoclave: Deteniendo SerialLink...
2026-01-19 17:05:16,731 [INFO] autoclave: Puerto serial cerrado.
2026-01-19 17:05:16,731 [INFO] src.autoclave.services.control_loop: Flujo de datos detenido.
2026-01-19 17:05:22,145 [INFO] sqlalchemy.engine.Engine: BEGIN (implicit)
2026-01-19 17:05:22,146 [INFO] sqlalchemy.engine.Engine: PRAGMA main.table_info("ac_puerto")
2026-01-19 17:05:22,146 [INFO] sqlalchemy.engine.Engine: [raw sql] ()
2026-01-19 17:05:22,147 [INFO] sqlalchemy.engine.Engine: PRAGMA main.table_info("ac_pantalla_control")
2026-01-19 17:05:22,148 [INFO] sqlalchemy.engine.Engine: [raw sql] ()
2026-01-19 17:05:22,148 [INFO] sqlalchemy.engine.Engine: PRAGMA main.table_info("proceso_control")
2026-01-19 17:05:22,149 [INFO] sqlalchemy.engine.Engine: [raw sql] ()
2026-01-19 17:05:22,149 [INFO] sqlalchemy.engine.Engine: PRAGMA main.table_info("proceso_fase")
2026-01-19 17:05:22,149 [INFO] sqlalchemy.engine.Engine: [raw sql] ()
2026-01-19 17:05:22,149 [INFO] sqlalchemy.engine.Engine: PRAGMA main.table_info("proceso_fase_parametro")
2026-01-19 17:05:22,149 [INFO] sqlalchemy.engine.Engine: [raw sql] ()
2026-01-19 17:05:22,150 [INFO] sqlalchemy.engine.Engine: COMMIT
2026-01-19 17:05:22,290 [INFO] __main__: Iniciando la aplicación Autoclave...
2026-01-19 17:05:22,297 [INFO] autoclave: Iniciando SerialLink...
2026-01-19 17:05:22,298 [INFO] autoclave: SerialLink id: 2095429836752
2026-01-19 17:05:22,345 [INFO] src.autoclave.services.control_loop: Iniciando el bucle de control...
2026-01-19 17:05:22,346 [INFO] autoclave: SerialLink id: 2095429836752
2026-01-19 17:05:22,346 [INFO] src.autoclave.services.control_loop: Esperando conexión con ESP32...
2026-01-19 17:05:22,349 [INFO] autoclave: connected: True
2026-01-19 17:05:22,349 [INFO] autoclave: Conectado a ESP32 en COM3
2026-01-19 17:05:22,549 [INFO] autoclave: SerialLink id: 2095429836752
2026-01-19 17:05:22,554 [INFO] autoclave: SerialLink id: 2095429836752
2026-01-19 17:05:22,557 [INFO] src.autoclave.services.control_loop: Conexión establecida. Iniciando actualización de puertas...
2026-01-19 17:05:22,614 [INFO] src.autoclave.ui.ui_main.main_window: ✅ Interfaz creada correctamente.
2026-01-19 17:05:23,560 [ERROR] src.autoclave.devices.door: Error: Estado inicial de puerta inconsistente .
2026-01-19 17:05:23,560 [ERROR] src.autoclave.devices.door: Error: Estado inicial de puerta inconsistente .
2026-01-19 17:05:25,362 [INFO] src.autoclave.devices.door: Recuperación de error: Estado detectado CERRADO.
2026-01-19 17:05:25,662 [INFO] src.autoclave.devices.door: Recuperación de error: Estado detectado CERRADO.
2026-01-19 17:05:25,663 [INFO] __main__: Puerta Puerta 1: ERROR -> CERRADO
2026-01-19 17:05:25,663 [INFO] __main__: Puerta Puerta 1 cerrada.
2026-01-19 17:05:25,663 [INFO] __main__: Puerta Puerta 2: ERROR -> CERRADO
2026-01-19 17:05:25,663 [INFO] __main__: Puerta Puerta 2 cerrada.
2026-01-19 17:05:27,164 [INFO] src.autoclave.devices.door: Actuador de cierre activado.
2026-01-19 17:05:27,165 [INFO] src.autoclave.devices.door: Actuador de cierre activado.
2026-01-19 17:05:28,666 [INFO] src.autoclave.devices.door: Actuador de cierre activado.
2026-01-19 17:05:28,666 [INFO] src.autoclave.devices.door: Actuador de cierre activado.
2026-01-19 17:05:30,168 [INFO] src.autoclave.devices.door: Actuador de cierre activado.
2026-01-19 17:05:30,168 [INFO] src.autoclave.devices.door: Actuador de cierre activado.
2026-01-19 17:05:31,670 [INFO] src.autoclave.devices.door: Actuador de cierre activado.
2026-01-19 17:05:31,670 [INFO] src.autoclave.devices.door: Actuador de cierre activado.
2026-01-19 17:05:33,172 [INFO] src.autoclave.devices.door: Actuador de cierre activado.
2026-01-19 17:05:33,173 [INFO] src.autoclave.devices.door: Actuador de cierre activado.
2026-01-19 17:05:34,675 [INFO] src.autoclave.devices.door: Actuador de cierre activado.
2026-01-19 17:05:34,676 [INFO] src.autoclave.devices.door: Actuador de cierre activado.
2026-01-19 17:05:36,177 [INFO] src.autoclave.devices.door: Actuador de cierre activado.
2026-01-19 17:05:36,179 [INFO] src.autoclave.devices.door: Actuador de cierre activado.
2026-01-19 17:05:37,681 [INFO] src.autoclave.devices.door: Actuador de cierre activado.
2026-01-19 17:05:37,682 [INFO] src.autoclave.devices.door: Actuador de cierre activado.
2026-01-19 17:05:39,183 [INFO] src.autoclave.devices.door: Actuador de cierre activado.
2026-01-19 17:05:39,184 [INFO] src.autoclave.devices.door: Actuador de cierre activado.
2026-01-19 17:05:40,685 [INFO] src.autoclave.devices.door: Actuador de cierre activado.
2026-01-19 17:05:40,687 [INFO] src.autoclave.devices.door: Actuador de cierre activado.
2026-01-19 17:05:42,189 [INFO] src.autoclave.devices.door: Actuador de cierre activado.
2026-01-19 17:05:42,191 [INFO] src.autoclave.devices.door: Actuador de cierre activado.
2026-01-19 17:05:43,692 [INFO] src.autoclave.devices.door: Actuador de cierre activado.
2026-01-19 17:05:43,694 [INFO] src.autoclave.devices.door: Actuador de cierre activado.
2026-01-19 17:05:45,197 [INFO] src.autoclave.devices.door: Actuador de cierre activado.
2026-01-19 17:05:45,197 [INFO] src.autoclave.devices.door: Actuador de cierre activado.
2026-01-19 17:05:46,699 [INFO] src.autoclave.devices.door: Actuador de cierre activado.
2026-01-19 17:05:46,701 [INFO] src.autoclave.devices.door: Actuador de cierre activado.
2026-01-19 17:05:48,202 [INFO] src.autoclave.devices.door: Actuador de cierre activado.
2026-01-19 17:05:48,203 [INFO] src.autoclave.devices.door: Actuador de cierre activado.
2026-01-19 17:05:49,704 [INFO] src.autoclave.devices.door: Actuador de cierre activado.
2026-01-19 17:05:49,706 [INFO] src.autoclave.devices.door: Actuador de cierre activado.
2026-01-19 17:05:51,207 [INFO] src.autoclave.devices.door: Actuador de cierre activado.
2026-01-19 17:05:51,208 [INFO] src.autoclave.devices.door: Actuador de cierre activado.
2026-01-19 17:05:52,710 [INFO] src.autoclave.devices.door: Actuador de cierre activado.
2026-01-19 17:05:52,711 [INFO] src.autoclave.devices.door: Actuador de cierre activado.
2026-01-19 17:05:54,214 [INFO] src.autoclave.devices.door: Actuador de cierre activado.
2026-01-19 17:05:54,215 [INFO] src.autoclave.devices.door: Actuador de cierre activado.
2026-01-19 17:05:55,716 [INFO] src.autoclave.devices.door: Actuador de cierre activado.
2026-01-19 17:05:55,717 [INFO] src.autoclave.devices.door: Actuador de cierre activado.
2026-01-19 17:05:57,218 [INFO] src.autoclave.devices.door: Actuador de cierre activado.
2026-01-19 17:05:57,219 [INFO] src.autoclave.devices.door: Actuador de cierre activado.
2026-01-19 17:05:58,720 [INFO] src.autoclave.devices.door: Actuador de cierre activado.
2026-01-19 17:05:58,721 [INFO] src.autoclave.devices.door: Actuador de cierre activado.
2026-01-19 17:06:00,222 [INFO] src.autoclave.devices.door: Actuador de cierre activado.
2026-01-19 17:06:00,223 [INFO] src.autoclave.devices.door: Actuador de cierre activado.
2026-01-19 17:06:01,724 [INFO] src.autoclave.devices.door: Actuador de cierre activado.
2026-01-19 17:06:01,726 [INFO] src.autoclave.devices.door: Actuador de cierre activado.
2026-01-19 17:06:03,227 [INFO] src.autoclave.devices.door: Actuador de cierre activado.
2026-01-19 17:06:03,228 [INFO] src.autoclave.devices.door: Actuador de cierre activado.
2026-01-19 17:06:04,729 [INFO] src.autoclave.devices.door: Actuador de cierre activado.
2026-01-19 17:06:04,730 [INFO] src.autoclave.devices.door: Actuador de cierre activado.
2026-01-19 17:06:06,232 [INFO] src.autoclave.devices.door: Actuador de cierre activado.
2026-01-19 17:06:06,233 [INFO] src.autoclave.devices.door: Actuador de cierre activado.
2026-01-19 17:06:07,736 [INFO] src.autoclave.devices.door: Actuador de cierre activado.
2026-01-19 17:06:07,738 [INFO] src.autoclave.devices.door: Actuador de cierre activado.
2026-01-19 17:06:09,239 [INFO] src.autoclave.devices.door: Actuador de cierre activado.
2026-01-19 17:06:09,240 [INFO] src.autoclave.devices.door: Actuador de cierre activado.
2026-01-19 17:06:10,742 [INFO] src.autoclave.devices.door: Actuador de cierre activado.
2026-01-19 17:06:10,743 [INFO] src.autoclave.devices.door: Actuador de cierre activado.
2026-01-19 17:06:12,245 [INFO] src.autoclave.devices.door: Actuador de cierre activado.
2026-01-19 17:06:12,247 [INFO] src.autoclave.devices.door: Actuador de cierre activado.
2026-01-19 17:06:13,748 [INFO] src.autoclave.devices.door: Actuador de cierre activado.
2026-01-19 17:06:13,749 [INFO] src.autoclave.devices.door: Actuador de cierre activado.
2026-01-19 17:06:15,251 [INFO] src.autoclave.devices.door: Actuador de cierre activado.
2026-01-19 17:06:15,252 [INFO] src.autoclave.devices.door: Actuador de cierre activado.
2026-01-19 17:06:16,755 [INFO] src.autoclave.devices.door: Actuador de cierre activado.
2026-01-19 17:06:16,756 [INFO] src.autoclave.devices.door: Actuador de cierre activado.
2026-01-19 17:06:18,258 [INFO] src.autoclave.devices.door: Actuador de cierre activado.
2026-01-19 17:06:18,260 [INFO] src.autoclave.devices.door: Actuador de cierre activado.
2026-01-19 17:06:19,761 [INFO] src.autoclave.devices.door: Actuador de cierre activado.
2026-01-19 17:06:19,763 [INFO] src.autoclave.devices.door: Actuador de cierre activado.
2026-01-19 17:06:21,264 [INFO] src.autoclave.devices.door: Actuador de cierre activado.
2026-01-19 17:06:21,266 [INFO] src.autoclave.devices.door: Actuador de cierre activado.
2026-01-19 17:06:22,768 [INFO] src.autoclave.devices.door: Actuador de cierre activado.
2026-01-19 17:06:22,768 [INFO] src.autoclave.devices.door: Actuador de cierre activado.
2026-01-19 17:06:24,270 [INFO] src.autoclave.devices.door: Actuador de cierre activado.
2026-01-19 17:06:24,271 [INFO] src.autoclave.devices.door: Actuador de cierre activado.
2026-01-19 17:06:25,773 [INFO] src.autoclave.devices.door: Actuador de cierre activado.
2026-01-19 17:06:25,774 [INFO] src.autoclave.devices.door: Actuador de cierre activado.
2026-01-19 17:06:27,276 [INFO] src.autoclave.devices.door: Actuador de cierre activado.
2026-01-19 17:06:27,276 [INFO] src.autoclave.devices.door: Actuador de cierre activado.
2026-01-19 17:06:28,778 [INFO] src.autoclave.devices.door: Actuador de cierre activado.
2026-01-19 17:06:28,778 [INFO] src.autoclave.devices.door: Actuador de cierre activado.
2026-01-19 17:06:30,280 [INFO] src.autoclave.devices.door: Actuador de cierre activado.
2026-01-19 17:06:30,280 [INFO] src.autoclave.devices.door: Actuador de cierre activado.
2026-01-19 17:06:31,781 [INFO] src.autoclave.devices.door: Actuador de cierre activado.
2026-01-19 17:06:31,782 [INFO] src.autoclave.devices.door: Actuador de cierre activado.
2026-01-19 17:06:33,284 [INFO] src.autoclave.devices.door: Actuador de cierre activado.
2026-01-19 17:06:33,284 [INFO] src.autoclave.devices.door: Actuador de cierre activado.
2026-01-19 17:06:34,786 [INFO] src.autoclave.devices.door: Actuador de cierre activado.
2026-01-19 17:06:34,787 [INFO] src.autoclave.devices.door: Actuador de cierre activado.
2026-01-19 17:06:36,288 [INFO] src.autoclave.devices.door: Actuador de cierre activado.
2026-01-19 17:06:36,290 [INFO] src.autoclave.devices.door: Actuador de cierre activado.
2026-01-19 17:06:37,791 [INFO] src.autoclave.devices.door: Actuador de cierre activado.
2026-01-19 17:06:37,793 [INFO] src.autoclave.devices.door: Actuador de cierre activado.
2026-01-19 17:06:39,296 [INFO] src.autoclave.devices.door: Actuador de cierre activado.
2026-01-19 17:06:39,296 [INFO] src.autoclave.devices.door: Actuador de cierre activado.
2026-01-19 17:06:40,798 [INFO] src.autoclave.devices.door: Actuador de cierre activado.
2026-01-19 17:06:40,799 [INFO] src.autoclave.devices.door: Actuador de cierre activado.
2026-01-19 17:06:42,301 [INFO] src.autoclave.devices.door: Actuador de cierre activado.
2026-01-19 17:06:42,301 [INFO] src.autoclave.devices.door: Actuador de cierre activado.
2026-01-19 17:06:43,803 [INFO] src.autoclave.devices.door: Actuador de cierre activado.
2026-01-19 17:06:43,804 [INFO] src.autoclave.devices.door: Actuador de cierre activado.
2026-01-19 17:06:45,307 [INFO] src.autoclave.devices.door: Actuador de cierre activado.
2026-01-19 17:06:45,308 [INFO] src.autoclave.devices.door: Actuador de cierre activado.
2026-01-19 17:06:46,809 [INFO] src.autoclave.devices.door: Actuador de cierre activado.
2026-01-19 17:06:46,809 [INFO] src.autoclave.devices.door: Actuador de cierre activado.
2026-01-19 17:06:48,311 [INFO] src.autoclave.devices.door: Actuador de cierre activado.
2026-01-19 17:06:48,313 [INFO] src.autoclave.devices.door: Actuador de cierre activado.
2026-01-19 17:06:49,815 [INFO] src.autoclave.devices.door: Actuador de cierre activado.
2026-01-19 17:06:49,816 [INFO] src.autoclave.devices.door: Actuador de cierre activado.
2026-01-19 17:06:51,317 [INFO] src.autoclave.devices.door: Actuador de cierre activado.
2026-01-19 17:06:51,317 [INFO] src.autoclave.devices.door: Actuador de cierre activado.
2026-01-19 17:06:52,819 [INFO] src.autoclave.devices.door: Actuador de cierre activado.
2026-01-19 17:06:52,821 [INFO] src.autoclave.devices.door: Actuador de cierre activado.
2026-01-19 17:06:54,323 [INFO] src.autoclave.devices.door: Actuador de cierre activado.
2026-01-19 17:06:54,324 [INFO] src.autoclave.devices.door: Actuador de cierre activado.
2026-01-19 17:06:55,827 [INFO] src.autoclave.devices.door: Actuador de cierre activado.
2026-01-19 17:06:55,827 [INFO] src.autoclave.devices.door: Actuador de cierre activado.
2026-01-19 17:06:57,329 [INFO] src.autoclave.devices.door: Actuador de cierre activado.
2026-01-19 17:06:57,330 [INFO] src.autoclave.devices.door: Actuador de cierre activado.
2026-01-19 17:06:58,832 [INFO] src.autoclave.devices.door: Actuador de cierre activado.
2026-01-19 17:06:58,833 [INFO] src.autoclave.devices.door: Actuador de cierre activado.
2026-01-19 17:07:00,334 [INFO] src.autoclave.devices.door: Actuador de cierre activado.
2026-01-19 17:07:00,335 [INFO] src.autoclave.devices.door: Actuador de cierre activado.
2026-01-19 17:07:01,837 [INFO] src.autoclave.devices.door: Actuador de cierre activado.
2026-01-19 17:07:01,839 [INFO] src.autoclave.devices.door: Actuador de cierre activado.
2026-01-19 17:07:03,340 [INFO] src.autoclave.devices.door: Actuador de cierre activado.
2026-01-19 17:07:03,342 [INFO] src.autoclave.devices.door: Actuador de cierre activado.
2026-01-19 17:07:04,844 [INFO] src.autoclave.devices.door: Actuador de cierre activado.
2026-01-19 17:07:04,844 [INFO] src.autoclave.devices.door: Actuador de cierre activado.
2026-01-19 17:07:06,345 [INFO] src.autoclave.devices.door: Actuador de cierre activado.
2026-01-19 17:07:06,346 [INFO] src.autoclave.devices.door: Actuador de cierre activado.
2026-01-19 17:07:07,847 [INFO] src.autoclave.devices.door: Actuador de cierre activado.
2026-01-19 17:07:07,847 [INFO] src.autoclave.devices.door: Actuador de cierre activado.
2026-01-19 17:07:09,348 [INFO] src.autoclave.devices.door: Actuador de cierre activado.
2026-01-19 17:07:09,349 [INFO] src.autoclave.devices.door: Actuador de cierre activado.
2026-01-19 17:07:10,850 [INFO] src.autoclave.devices.door: Actuador de cierre activado.
2026-01-19 17:07:10,850 [INFO] src.autoclave.devices.door: Actuador de cierre activado.
2026-01-19 17:07:12,351 [INFO] src.autoclave.devices.door: Actuador de cierre activado.
2026-01-19 17:07:12,353 [INFO] src.autoclave.devices.door: Actuador de cierre activado.
2026-01-19 17:07:13,854 [INFO] src.autoclave.devices.door: Actuador de cierre activado.
2026-01-19 17:07:13,854 [INFO] src.autoclave.devices.door: Actuador de cierre activado.
2026-01-19 17:07:15,355 [INFO] src.autoclave.devices.door: Actuador de cierre activado.
2026-01-19 17:07:15,355 [INFO] src.autoclave.devices.door: Actuador de cierre activado.
2026-01-19 17:07:16,856 [INFO] src.autoclave.devices.door: Actuador de cierre activado.
2026-01-19 17:07:16,857 [INFO] src.autoclave.devices.door: Actuador de cierre activado.
2026-01-19 17:07:18,358 [INFO] src.autoclave.devices.door: Actuador de cierre activado.
2026-01-19 17:07:18,359 [INFO] src.autoclave.devices.door: Actuador de cierre activado.
2026-01-19 17:07:19,861 [INFO] src.autoclave.devices.door: Actuador de cierre activado.
2026-01-19 17:07:19,861 [INFO] src.autoclave.devices.door: Actuador de cierre activado.
2026-01-19 17:07:21,363 [INFO] src.autoclave.devices.door: Actuador de cierre activado.
2026-01-19 17:07:21,363 [INFO] src.autoclave.devices.door: Actuador de cierre activado.
2026-01-19 17:07:22,865 [INFO] src.autoclave.devices.door: Actuador de cierre activado.
2026-01-19 17:07:22,866 [INFO] src.autoclave.devices.door: Actuador de cierre activado.
2026-01-19 17:07:24,367 [INFO] src.autoclave.devices.door: Actuador de cierre activado.
2026-01-19 17:07:24,368 [INFO] src.autoclave.devices.door: Actuador de cierre activado.
2026-01-19 17:07:25,869 [INFO] src.autoclave.devices.door: Actuador de cierre activado.
2026-01-19 17:07:25,869 [INFO] src.autoclave.devices.door: Actuador de cierre activado.
2026-01-19 17:07:27,371 [INFO] src.autoclave.devices.door: Actuador de cierre activado.
2026-01-19 17:07:27,371 [INFO] src.autoclave.devices.door: Actuador de cierre activado.
2026-01-19 17:07:28,873 [INFO] src.autoclave.devices.door: Actuador de cierre activado.
2026-01-19 17:07:28,873 [INFO] src.autoclave.devices.door: Actuador de cierre activado.
2026-01-19 17:07:30,374 [INFO] src.autoclave.devices.door: Actuador de cierre activado.
2026-01-19 17:07:30,374 [INFO] src.autoclave.devices.door: Actuador de cierre activado.
2026-01-19 17:07:31,876 [INFO] src.autoclave.devices.door: Actuador de cierre activado.
2026-01-19 17:07:31,877 [INFO] src.autoclave.devices.door: Actuador de cierre activado.
2026-01-19 17:07:33,379 [INFO] src.autoclave.devices.door: Actuador de cierre activado.
2026-01-19 17:07:33,379 [INFO] src.autoclave.devices.door: Actuador de cierre activado.
2026-01-19 17:07:34,881 [INFO] src.autoclave.devices.door: Actuador de cierre activado.
2026-01-19 17:07:34,881 [INFO] src.autoclave.devices.door: Actuador de cierre activado.
2026-01-19 17:07:36,383 [INFO] src.autoclave.devices.door: Actuador de cierre activado.
2026-01-19 17:07:36,383 [INFO] src.autoclave.devices.door: Actuador de cierre activado.
2026-01-19 17:07:37,885 [INFO] src.autoclave.devices.door: Actuador de cierre activado.
2026-01-19 17:07:37,886 [INFO] src.autoclave.devices.door: Actuador de cierre activado.
2026-01-19 17:07:39,387 [INFO] src.autoclave.devices.door: Actuador de cierre activado.
2026-01-19 17:07:39,388 [INFO] src.autoclave.devices.door: Actuador de cierre activado.
2026-01-19 17:07:40,889 [INFO] src.autoclave.devices.door: Actuador de cierre activado.
2026-01-19 17:07:40,890 [INFO] src.autoclave.devices.door: Actuador de cierre activado.
2026-01-19 17:07:42,392 [INFO] src.autoclave.devices.door: Actuador de cierre activado.
2026-01-19 17:07:42,393 [INFO] src.autoclave.devices.door: Actuador de cierre activado.
2026-01-19 17:07:43,894 [INFO] src.autoclave.devices.door: Actuador de cierre activado.
2026-01-19 17:07:43,895 [INFO] src.autoclave.devices.door: Actuador de cierre activado.
2026-01-19 17:07:45,396 [INFO] src.autoclave.devices.door: Actuador de cierre activado.
2026-01-19 17:07:45,396 [INFO] src.autoclave.devices.door: Actuador de cierre activado.
2026-01-19 17:07:46,898 [INFO] src.autoclave.devices.door: Actuador de cierre activado.
2026-01-19 17:07:46,899 [INFO] src.autoclave.devices.door: Actuador de cierre activado.
2026-01-19 17:07:48,400 [INFO] src.autoclave.devices.door: Actuador de cierre activado.
2026-01-19 17:07:48,401 [INFO] src.autoclave.devices.door: Actuador de cierre activado.
2026-01-19 17:07:49,903 [INFO] src.autoclave.devices.door: Actuador de cierre activado.
2026-01-19 17:07:49,904 [INFO] src.autoclave.devices.door: Actuador de cierre activado.
2026-01-19 17:07:51,405 [INFO] src.autoclave.devices.door: Actuador de cierre activado.
2026-01-19 17:07:51,406 [INFO] src.autoclave.devices.door: Actuador de cierre activado.
2026-01-19 17:07:52,908 [INFO] src.autoclave.devices.door: Actuador de cierre activado.
2026-01-19 17:07:52,910 [INFO] src.autoclave.devices.door: Actuador de cierre activado.
2026-01-19 17:07:54,411 [INFO] src.autoclave.devices.door: Actuador de cierre activado.
2026-01-19 17:07:54,412 [INFO] src.autoclave.devices.door: Actuador de cierre activado.
2026-01-19 17:07:55,913 [INFO] src.autoclave.devices.door: Actuador de cierre activado.
2026-01-19 17:07:55,913 [INFO] src.autoclave.devices.door: Actuador de cierre activado.
2026-01-19 17:07:57,414 [INFO] src.autoclave.devices.door: Actuador de cierre activado.
2026-01-19 17:07:57,415 [INFO] src.autoclave.devices.door: Actuador de cierre activado.
2026-01-19 17:07:58,915 [INFO] src.autoclave.devices.door: Actuador de cierre activado.
2026-01-19 17:07:58,916 [INFO] src.autoclave.devices.door: Actuador de cierre activado.
2026-01-19 17:08:00,417 [INFO] src.autoclave.devices.door: Actuador de cierre activado.
2026-01-19 17:08:00,418 [INFO] src.autoclave.devices.door: Actuador de cierre activado.
2026-01-19 17:08:01,919 [INFO] src.autoclave.devices.door: Actuador de cierre activado.
2026-01-19 17:08:01,920 [INFO] src.autoclave.devices.door: Actuador de cierre activado.
2026-01-19 17:08:03,421 [INFO] src.autoclave.devices.door: Actuador de cierre activado.
2026-01-19 17:08:03,421 [INFO] src.autoclave.devices.door: Actuador de cierre activado.
2026-01-19 17:08:03,573 [INFO] src.autoclave.ui.ui_main.main_window: ⏻ Apagando equipo...
2026-01-19 17:08:04,922 [INFO] src.autoclave.devices.door: Actuador de cierre activado.
2026-01-19 17:08:04,924 [INFO] src.autoclave.devices.door: Actuador de cierre activado.
2026-01-19 17:08:06,426 [INFO] src.autoclave.devices.door: Actuador de cierre activado.
2026-01-19 17:08:06,427 [INFO] src.autoclave.devices.door: Actuador de cierre activado.
2026-01-19 17:08:06,613 [INFO] __main__: Cerrando la aplicación Autoclave...
2026-01-19 17:08:06,647 [INFO] autoclave: Deteniendo SerialLink...
2026-01-19 17:08:07,380 [INFO] autoclave: Puerto serial cerrado.
2026-01-19 17:08:07,381 [INFO] src.autoclave.services.control_loop: Flujo de datos detenido.
2026-01-19 17:08:12,525 [INFO] sqlalchemy.engine.Engine: BEGIN (implicit)
2026-01-19 17:08:12,525 [INFO] sqlalchemy.engine.Engine: PRAGMA main.table_info("ac_puerto")
2026-01-19 17:08:12,526 [INFO] sqlalchemy.engine.Engine: [raw sql] ()
2026-01-19 17:08:12,526 [INFO] sqlalchemy.engine.Engine: PRAGMA main.table_info("ac_pantalla_control")
2026-01-19 17:08:12,527 [INFO] sqlalchemy.engine.Engine: [raw sql] ()
2026-01-19 17:08:12,527 [INFO] sqlalchemy.engine.Engine: PRAGMA main.table_info("proceso_control")
2026-01-19 17:08:12,527 [INFO] sqlalchemy.engine.Engine: [raw sql] ()
2026-01-19 17:08:12,527 [INFO] sqlalchemy.engine.Engine: PRAGMA main.table_info("proceso_fase")
2026-01-19 17:08:12,527 [INFO] sqlalchemy.engine.Engine: [raw sql] ()
2026-01-19 17:08:12,528 [INFO] sqlalchemy.engine.Engine: PRAGMA main.table_info("proceso_fase_parametro")
2026-01-19 17:08:12,528 [INFO] sqlalchemy.engine.Engine: [raw sql] ()
2026-01-19 17:08:12,528 [INFO] sqlalchemy.engine.Engine: COMMIT
2026-01-19 17:08:12,649 [INFO] __main__: Iniciando la aplicación Autoclave...
2026-01-19 17:08:12,655 [INFO] autoclave: Iniciando SerialLink...
2026-01-19 17:08:12,656 [INFO] autoclave: SerialLink id: 1979705450448
2026-01-19 17:08:12,700 [INFO] src.autoclave.services.control_loop: Iniciando el bucle de control...
2026-01-19 17:08:12,701 [INFO] autoclave: SerialLink id: 1979705450448
2026-01-19 17:08:12,701 [INFO] src.autoclave.services.control_loop: Esperando conexión con ESP32...
2026-01-19 17:08:12,704 [INFO] autoclave: connected: True
2026-01-19 17:08:12,704 [INFO] autoclave: Conectado a ESP32 en COM3
2026-01-19 17:08:12,840 [INFO] src.autoclave.ui.ui_main.main_window: ✅ Interfaz creada correctamente.
2026-01-19 17:08:12,902 [INFO] autoclave: SerialLink id: 1979705450448
2026-01-19 17:08:12,904 [INFO] autoclave: SerialLink id: 1979705450448
2026-01-19 17:08:12,906 [INFO] src.autoclave.services.control_loop: Conexión establecida. Iniciando actualización de puertas...
2026-01-19 17:08:13,909 [ERROR] src.autoclave.devices.door: Error: Estado inicial de puerta inconsistente .
2026-01-19 17:08:13,909 [ERROR] src.autoclave.devices.door: Error: Estado inicial de puerta inconsistente .
2026-01-19 17:08:15,710 [INFO] src.autoclave.devices.door: Recuperación de error: Estado detectado CERRADO.
2026-01-19 17:08:16,012 [INFO] src.autoclave.devices.door: Recuperación de error: Estado detectado CERRADO.
2026-01-19 17:08:16,012 [INFO] __main__: Puerta Puerta 1: ERROR -> CERRADO
2026-01-19 17:08:16,012 [INFO] __main__: Puerta Puerta 1 cerrada.
2026-01-19 17:08:16,012 [INFO] __main__: Puerta Puerta 2: ERROR -> CERRADO
2026-01-19 17:08:16,013 [INFO] __main__: Puerta Puerta 2 cerrada.
2026-01-19 17:08:41,014 [INFO] __main__: Comando de apertura de puerta enviado.
2026-01-19 17:08:41,568 [INFO] src.autoclave.devices.door: Bloqueo de puerta desactivado.
2026-01-19 17:08:41,570 [INFO] src.autoclave.devices.door: Actuador de cierre desactivado.
2026-01-19 17:08:41,571 [INFO] src.autoclave.devices.door: Bomba de vacio encendida.
2026-01-19 17:08:41,572 [INFO] src.autoclave.devices.door: Desbloqueo de puerta activado.
2026-01-19 17:08:41,572 [INFO] src.autoclave.devices.door: presion empaque: 317.14 kPa.
2026-01-19 17:08:41,573 [INFO] __main__: Puerta Puerta 1: CERRADO -> ABRIENDO
2026-01-19 17:08:41,573 [INFO] __main__: Puerta Puerta 1 abriéndose...
2026-01-19 17:08:43,074 [INFO] src.autoclave.devices.door: presion empaque: 318.26 kPa.
2026-01-19 17:08:44,578 [INFO] src.autoclave.devices.door: presion empaque: 319.06 kPa.
2026-01-19 17:08:46,080 [INFO] src.autoclave.devices.door: presion empaque: 317.23 kPa.
2026-01-19 17:08:47,583 [INFO] src.autoclave.devices.door: presion empaque: 315.2 kPa.
2026-01-19 17:08:49,085 [INFO] src.autoclave.devices.door: presion empaque: 311.94 kPa.
2026-01-19 17:08:50,586 [INFO] src.autoclave.devices.door: presion empaque: 314.49 kPa.
2026-01-19 17:08:52,087 [INFO] src.autoclave.devices.door: presion empaque: 314.84 kPa.
2026-01-19 17:08:53,589 [INFO] src.autoclave.devices.door: presion empaque: 316.63 kPa.
2026-01-19 17:08:55,091 [INFO] src.autoclave.devices.door: presion empaque: 317.49 kPa.
2026-01-19 17:08:56,593 [INFO] src.autoclave.devices.door: presion empaque: 316.08 kPa.
2026-01-19 17:08:58,094 [INFO] src.autoclave.devices.door: presion empaque: 318.59 kPa.
2026-01-19 17:08:59,597 [INFO] src.autoclave.devices.door: presion empaque: 317.7 kPa.
2026-01-19 17:09:01,099 [INFO] src.autoclave.devices.door: presion empaque: 316.25 kPa.
2026-01-19 17:09:02,600 [INFO] src.autoclave.devices.door: presion empaque: 316.16 kPa.
2026-01-19 17:09:04,102 [INFO] src.autoclave.devices.door: presion empaque: 314.22 kPa.
2026-01-19 17:09:05,313 [INFO] src.autoclave.ui.ui_main.main_window: ⏻ Apagando equipo...
2026-01-19 17:09:05,606 [INFO] src.autoclave.devices.door: presion empaque: 313.15 kPa.
2026-01-19 17:09:07,109 [INFO] src.autoclave.devices.door: presion empaque: 311.94 kPa.
2026-01-19 17:09:08,351 [INFO] __main__: Cerrando la aplicación Autoclave...
2026-01-19 17:09:08,385 [INFO] autoclave: Deteniendo SerialLink...
2026-01-19 17:09:08,611 [INFO] src.autoclave.devices.door: presion empaque: 314.41 kPa.
2026-01-19 17:09:09,462 [INFO] autoclave: Puerto serial cerrado.
2026-01-19 17:09:09,463 [INFO] src.autoclave.services.control_loop: Flujo de datos detenido.
2026-01-19 17:11:22,966 [INFO] sqlalchemy.engine.Engine: BEGIN (implicit)
2026-01-19 17:11:22,966 [INFO] sqlalchemy.engine.Engine: PRAGMA main.table_info("ac_puerto")
2026-01-19 17:11:22,967 [INFO] sqlalchemy.engine.Engine: [raw sql] ()
2026-01-19 17:11:22,967 [INFO] sqlalchemy.engine.Engine: PRAGMA main.table_info("ac_pantalla_control")
2026-01-19 17:11:22,967 [INFO] sqlalchemy.engine.Engine: [raw sql] ()
2026-01-19 17:11:22,968 [INFO] sqlalchemy.engine.Engine: PRAGMA main.table_info("proceso_control")
2026-01-19 17:11:22,968 [INFO] sqlalchemy.engine.Engine: [raw sql] ()
2026-01-19 17:11:22,968 [INFO] sqlalchemy.engine.Engine: PRAGMA main.table_info("proceso_fase")
2026-01-19 17:11:22,968 [INFO] sqlalchemy.engine.Engine: [raw sql] ()
2026-01-19 17:11:22,968 [INFO] sqlalchemy.engine.Engine: PRAGMA main.table_info("proceso_fase_parametro")
2026-01-19 17:11:22,968 [INFO] sqlalchemy.engine.Engine: [raw sql] ()
2026-01-19 17:11:22,969 [INFO] sqlalchemy.engine.Engine: COMMIT
2026-01-19 17:11:23,067 [INFO] __main__: Iniciando la aplicación Autoclave...
2026-01-19 17:11:23,075 [INFO] autoclave: Iniciando SerialLink...
2026-01-19 17:11:23,076 [INFO] autoclave: SerialLink id: 2273735794640
2026-01-19 17:11:23,120 [INFO] src.autoclave.services.control_loop: Iniciando el bucle de control...
2026-01-19 17:11:23,121 [INFO] autoclave: SerialLink id: 2273735794640
2026-01-19 17:11:23,121 [INFO] src.autoclave.services.control_loop: Esperando conexión con ESP32...
2026-01-19 17:11:23,124 [INFO] autoclave: connected: True
2026-01-19 17:11:23,124 [INFO] autoclave: Conectado a ESP32 en COM3
2026-01-19 17:11:23,268 [INFO] src.autoclave.ui.ui_main.main_window: ✅ Interfaz creada correctamente.
2026-01-19 17:11:23,321 [INFO] autoclave: SerialLink id: 2273735794640
2026-01-19 17:11:23,322 [INFO] autoclave: SerialLink id: 2273735794640
2026-01-19 17:11:23,322 [INFO] src.autoclave.services.control_loop: Conexión establecida. Iniciando actualización de puertas...
2026-01-19 17:11:24,323 [ERROR] src.autoclave.devices.door: Error: Estado inicial de puerta inconsistente .
2026-01-19 17:11:24,323 [ERROR] src.autoclave.devices.door: Error: Estado inicial de puerta inconsistente .
2026-01-19 17:11:26,124 [INFO] src.autoclave.devices.door: Recuperación de error: Estado detectado CERRADO.
2026-01-19 17:11:26,426 [INFO] src.autoclave.devices.door: Recuperación de error: Estado detectado CERRADO.
2026-01-19 17:11:26,426 [INFO] __main__: Puerta Puerta 1: ERROR -> CERRADO
2026-01-19 17:11:26,426 [INFO] __main__: Puerta Puerta 1 cerrada.
2026-01-19 17:11:26,427 [INFO] __main__: Puerta Puerta 2: ERROR -> CERRADO
2026-01-19 17:11:26,427 [INFO] __main__: Puerta Puerta 2 cerrada.
2026-01-19 17:11:50,154 [INFO] __main__: Comando de apertura de puerta enviado.
2026-01-19 17:11:50,477 [INFO] src.autoclave.devices.door: Bloqueo de puerta desactivado.
2026-01-19 17:11:50,477 [INFO] src.autoclave.devices.door: Actuador de cierre desactivado.
2026-01-19 17:11:50,478 [INFO] src.autoclave.devices.door: Bomba de vacio encendida.
2026-01-19 17:11:50,479 [INFO] src.autoclave.devices.door: Desbloqueo de puerta activado.
2026-01-19 17:11:50,479 [INFO] src.autoclave.devices.door: presion empaque: 317.38 kPa.
2026-01-19 17:11:50,481 [INFO] __main__: Puerta Puerta 1: CERRADO -> ABRIENDO
2026-01-19 17:11:50,481 [INFO] __main__: Puerta Puerta 1 abriéndose...
2026-01-19 17:11:51,982 [INFO] src.autoclave.devices.door: presion empaque: 317.78 kPa.
2026-01-19 17:11:53,486 [INFO] src.autoclave.devices.door: presion empaque: 316.63 kPa.
2026-01-19 17:11:54,989 [INFO] src.autoclave.devices.door: presion empaque: 317.15 kPa.
2026-01-19 17:11:56,493 [INFO] src.autoclave.devices.door: presion empaque: 317.94 kPa.
2026-01-19 17:11:57,995 [INFO] src.autoclave.devices.door: presion empaque: 317.37 kPa.
2026-01-19 17:11:59,497 [INFO] src.autoclave.devices.door: presion empaque: 315.87 kPa.
2026-01-19 17:12:01,000 [INFO] src.autoclave.devices.door: presion empaque: 317.72 kPa.
2026-01-19 17:12:02,503 [INFO] src.autoclave.devices.door: presion empaque: 316.77 kPa.
2026-01-19 17:12:04,006 [INFO] src.autoclave.devices.door: presion empaque: 315.05 kPa.
2026-01-19 17:12:05,507 [INFO] src.autoclave.devices.door: presion empaque: 315.67 kPa.
2026-01-19 17:12:07,010 [INFO] src.autoclave.devices.door: presion empaque: 315.09 kPa.
2026-01-19 17:12:08,513 [INFO] src.autoclave.devices.door: presion empaque: 314.76 kPa.
2026-01-19 17:12:10,015 [INFO] src.autoclave.devices.door: presion empaque: 314.47 kPa.
2026-01-19 17:12:11,517 [INFO] src.autoclave.devices.door: presion empaque: 313.7 kPa.
2026-01-19 17:12:13,019 [INFO] src.autoclave.devices.door: presion empaque: 314.42 kPa.
2026-01-19 17:12:14,521 [INFO] src.autoclave.devices.door: presion empaque: 313.57 kPa.
2026-01-19 17:12:16,023 [INFO] src.autoclave.devices.door: presion empaque: 313.14 kPa.
2026-01-19 17:12:17,526 [INFO] src.autoclave.devices.door: presion empaque: 313.27 kPa.
2026-01-19 17:12:19,028 [INFO] src.autoclave.devices.door: presion empaque: 312.26 kPa.
2026-01-19 17:12:20,530 [INFO] src.autoclave.devices.door: presion empaque: 312.83 kPa.
2026-01-19 17:12:22,033 [INFO] src.autoclave.devices.door: presion empaque: 312.96 kPa.
2026-01-19 17:12:23,536 [INFO] src.autoclave.devices.door: presion empaque: 313.14 kPa.
2026-01-19 17:12:25,037 [INFO] src.autoclave.devices.door: presion empaque: 314.87 kPa.
2026-01-19 17:12:26,539 [INFO] src.autoclave.devices.door: presion empaque: 313.74 kPa.
2026-01-19 17:12:28,042 [INFO] src.autoclave.devices.door: presion empaque: 108.05 kPa.
2026-01-19 17:12:29,546 [INFO] src.autoclave.devices.door: presion empaque: 2.14 kPa.
2026-01-19 17:12:29,547 [INFO] src.autoclave.devices.door: Actuador de apertura activado.
2026-01-19 17:12:31,049 [INFO] src.autoclave.devices.door: presion empaque: 0.12 kPa.
2026-01-19 17:12:31,051 [INFO] src.autoclave.devices.door: Actuador de apertura activado.
2026-01-19 17:12:32,553 [INFO] src.autoclave.devices.door: presion empaque: 0.0 kPa.
2026-01-19 17:12:32,554 [INFO] src.autoclave.devices.door: Actuador de apertura activado.
2026-01-19 17:12:34,056 [INFO] src.autoclave.devices.door: presion empaque: 0.0 kPa.
2026-01-19 17:12:34,058 [INFO] src.autoclave.devices.door: Actuador de apertura activado.
2026-01-19 17:12:35,560 [INFO] src.autoclave.devices.door: presion empaque: 0.0 kPa.
2026-01-19 17:12:35,561 [INFO] src.autoclave.devices.door: Actuador de apertura activado.
2026-01-19 17:12:37,063 [INFO] src.autoclave.devices.door: presion empaque: 0.0 kPa.
2026-01-19 17:12:37,064 [INFO] src.autoclave.devices.door: Actuador de apertura activado.
2026-01-19 17:12:38,566 [INFO] src.autoclave.devices.door: presion empaque: 0.0 kPa.
2026-01-19 17:12:38,567 [INFO] src.autoclave.devices.door: Actuador de apertura activado.
2026-01-19 17:12:40,069 [INFO] src.autoclave.devices.door: presion empaque: 0.0 kPa.
2026-01-19 17:12:40,071 [INFO] src.autoclave.devices.door: Actuador de apertura activado.
2026-01-19 17:12:41,572 [INFO] src.autoclave.devices.door: presion empaque: 0.0 kPa.
2026-01-19 17:12:41,573 [INFO] src.autoclave.devices.door: Actuador de apertura activado.
2026-01-19 17:12:43,075 [INFO] src.autoclave.devices.door: presion empaque: 0.0 kPa.
2026-01-19 17:12:43,077 [INFO] src.autoclave.devices.door: Actuador de apertura activado.
2026-01-19 17:12:44,580 [INFO] src.autoclave.devices.door: presion empaque: 0.0 kPa.
2026-01-19 17:12:44,581 [INFO] src.autoclave.devices.door: Actuador de apertura activado.
2026-01-19 17:12:46,083 [INFO] src.autoclave.devices.door: presion empaque: 0.0 kPa.
2026-01-19 17:12:46,085 [INFO] src.autoclave.devices.door: Actuador de apertura activado.
2026-01-19 17:12:47,587 [INFO] src.autoclave.devices.door: presion empaque: 0.0 kPa.
2026-01-19 17:12:47,587 [INFO] src.autoclave.devices.door: Actuador de apertura activado.
2026-01-19 17:12:49,090 [INFO] src.autoclave.devices.door: presion empaque: 0.0 kPa.
2026-01-19 17:12:49,092 [INFO] src.autoclave.devices.door: Actuador de apertura activado.
2026-01-19 17:12:50,594 [INFO] src.autoclave.devices.door: presion empaque: 0.0 kPa.
2026-01-19 17:12:50,595 [INFO] src.autoclave.devices.door: Actuador de apertura activado.
2026-01-19 17:12:52,096 [INFO] src.autoclave.devices.door: presion empaque: 0.0 kPa.
2026-01-19 17:12:52,097 [INFO] src.autoclave.devices.door: Actuador de apertura activado.
2026-01-19 17:12:53,599 [INFO] src.autoclave.devices.door: presion empaque: 0.0 kPa.
2026-01-19 17:12:53,600 [INFO] src.autoclave.devices.door: Actuador de apertura activado.
2026-01-19 17:12:53,600 [INFO] src.autoclave.devices.door: Actuador de apertura desactivado.
2026-01-19 17:12:53,601 [INFO] src.autoclave.devices.door: Bomba de vacio apagada.
2026-01-19 17:12:53,602 [INFO] src.autoclave.devices.door: Desbloqueo de puerta desactivado.
2026-01-19 17:12:53,602 [INFO] src.autoclave.devices.door: Puerta abierta correctamente.
2026-01-19 17:12:53,604 [INFO] __main__: Puerta Puerta 1: ABRIENDO -> ABIERTO
2026-01-19 17:12:53,604 [INFO] __main__: Puerta Puerta 1 abierta.
2026-01-19 17:19:15,947 [INFO] __main__: Comando de cierre de puerta enviado.
2026-01-19 17:19:16,487 [INFO] src.autoclave.devices.door: Bomba de vacio encendida.
2026-01-19 17:19:16,489 [INFO] src.autoclave.devices.door: Desbloqueo de puerta activado.
2026-01-19 17:19:16,490 [INFO] src.autoclave.devices.door: Iniciando cierre de puerta.
2026-01-19 17:19:16,492 [INFO] __main__: Puerta Puerta 1: ABIERTO -> CERRANDO
2026-01-19 17:19:16,492 [INFO] __main__: Puerta Puerta 1 cerrándose...
2026-01-19 17:19:26,410 [INFO] src.autoclave.ui.ui_main.main_window: ⏻ Apagando equipo...
2026-01-19 17:19:29,434 [INFO] __main__: Cerrando la aplicación Autoclave...
2026-01-19 17:19:29,467 [INFO] autoclave: Deteniendo SerialLink...
2026-01-19 17:19:30,715 [INFO] autoclave: Puerto serial cerrado.
2026-01-19 17:19:30,716 [INFO] src.autoclave.services.control_loop: Flujo de datos detenido.
2026-01-19 17:19:34,792 [INFO] sqlalchemy.engine.Engine: BEGIN (implicit)
2026-01-19 17:19:34,793 [INFO] sqlalchemy.engine.Engine: PRAGMA main.table_info("ac_puerto")
2026-01-19 17:19:34,793 [INFO] sqlalchemy.engine.Engine: [raw sql] ()
2026-01-19 17:19:34,794 [INFO] sqlalchemy.engine.Engine: PRAGMA main.table_info("ac_pantalla_control")
2026-01-19 17:19:34,794 [INFO] sqlalchemy.engine.Engine: [raw sql] ()
2026-01-19 17:19:34,794 [INFO] sqlalchemy.engine.Engine: PRAGMA main.table_info("proceso_control")
2026-01-19 17:19:34,794 [INFO] sqlalchemy.engine.Engine: [raw sql] ()
2026-01-19 17:19:34,795 [INFO] sqlalchemy.engine.Engine: PRAGMA main.table_info("proceso_fase")
2026-01-19 17:19:34,795 [INFO] sqlalchemy.engine.Engine: [raw sql] ()
2026-01-19 17:19:34,795 [INFO] sqlalchemy.engine.Engine: PRAGMA main.table_info("proceso_fase_parametro")
2026-01-19 17:19:34,795 [INFO] sqlalchemy.engine.Engine: [raw sql] ()
2026-01-19 17:19:34,795 [INFO] sqlalchemy.engine.Engine: COMMIT
2026-01-19 17:19:34,925 [INFO] __main__: Iniciando la aplicación Autoclave...
2026-01-19 17:19:34,932 [INFO] autoclave: Iniciando SerialLink...
2026-01-19 17:19:34,933 [INFO] autoclave: SerialLink id: 1979224825808
2026-01-19 17:19:34,977 [INFO] src.autoclave.services.control_loop: Iniciando el bucle de control...
2026-01-19 17:19:34,978 [INFO] autoclave: SerialLink id: 1979224825808
2026-01-19 17:19:34,978 [INFO] src.autoclave.services.control_loop: Esperando conexión con ESP32...
2026-01-19 17:19:34,980 [INFO] autoclave: connected: True
2026-01-19 17:19:34,980 [INFO] autoclave: Conectado a ESP32 en COM3
2026-01-19 17:19:35,118 [INFO] src.autoclave.ui.ui_main.main_window: ✅ Interfaz creada correctamente.
2026-01-19 17:19:35,179 [INFO] autoclave: SerialLink id: 1979224825808
2026-01-19 17:19:35,187 [INFO] autoclave: SerialLink id: 1979224825808
2026-01-19 17:19:35,187 [INFO] src.autoclave.services.control_loop: Conexión establecida. Iniciando actualización de puertas...
2026-01-19 17:19:36,189 [ERROR] src.autoclave.devices.door: Error: Estado inicial de puerta inconsistente .
2026-01-19 17:19:36,189 [ERROR] src.autoclave.devices.door: Error: Estado inicial de puerta inconsistente .
2026-01-19 17:19:37,690 [INFO] src.autoclave.devices.door: Recuperación de error: Estado detectado ABIERTO.
2026-01-19 17:19:37,992 [INFO] src.autoclave.devices.door: Recuperación de error: Estado detectado CERRADO.
2026-01-19 17:19:37,993 [INFO] __main__: Puerta Puerta 1: ERROR -> ABIERTO
2026-01-19 17:19:37,993 [INFO] __main__: Puerta Puerta 1 abierta.
2026-01-19 17:19:37,994 [INFO] __main__: Puerta Puerta 2: ERROR -> CERRADO
2026-01-19 17:19:37,994 [INFO] __main__: Puerta Puerta 2 cerrada.
2026-01-19 17:21:29,563 [INFO] src.autoclave.ui.ui_main.main_window: ⏻ Apagando equipo...
2026-01-19 17:21:32,595 [INFO] __main__: Cerrando la aplicación Autoclave...
2026-01-19 17:21:32,629 [INFO] autoclave: Deteniendo SerialLink...
2026-01-19 17:21:33,802 [INFO] autoclave: Puerto serial cerrado.
2026-01-19 17:21:33,803 [INFO] src.autoclave.services.control_loop: Flujo de datos detenido.
2026-01-19 17:21:54,066 [INFO] sqlalchemy.engine.Engine: BEGIN (implicit)
2026-01-19 17:21:54,066 [INFO] sqlalchemy.engine.Engine: PRAGMA main.table_info("ac_puerto")
2026-01-19 17:21:54,067 [INFO] sqlalchemy.engine.Engine: [raw sql] ()
2026-01-19 17:21:54,067 [INFO] sqlalchemy.engine.Engine: PRAGMA main.table_info("ac_pantalla_control")
2026-01-19 17:21:54,068 [INFO] sqlalchemy.engine.Engine: [raw sql] ()
2026-01-19 17:21:54,068 [INFO] sqlalchemy.engine.Engine: PRAGMA main.table_info("proceso_control")
2026-01-19 17:21:54,069 [INFO] sqlalchemy.engine.Engine: [raw sql] ()
2026-01-19 17:21:54,069 [INFO] sqlalchemy.engine.Engine: PRAGMA main.table_info("proceso_fase")
2026-01-19 17:21:54,069 [INFO] sqlalchemy.engine.Engine: [raw sql] ()
2026-01-19 17:21:54,070 [INFO] sqlalchemy.engine.Engine: PRAGMA main.table_info("proceso_fase_parametro")
2026-01-19 17:21:54,070 [INFO] sqlalchemy.engine.Engine: [raw sql] ()
2026-01-19 17:21:54,070 [INFO] sqlalchemy.engine.Engine: COMMIT
2026-01-19 17:21:54,175 [INFO] __main__: Iniciando la aplicación Autoclave...
2026-01-19 17:21:54,181 [INFO] autoclave: Iniciando SerialLink...
2026-01-19 17:21:54,183 [INFO] autoclave: SerialLink id: 2244862648272
2026-01-19 17:21:54,231 [INFO] src.autoclave.services.control_loop: Iniciando el bucle de control...
2026-01-19 17:21:54,232 [INFO] autoclave: SerialLink id: 2244862648272
2026-01-19 17:21:54,232 [INFO] src.autoclave.services.control_loop: Esperando conexión con ESP32...
2026-01-19 17:21:54,235 [INFO] autoclave: connected: True
2026-01-19 17:21:54,235 [INFO] autoclave: Conectado a ESP32 en COM3
2026-01-19 17:21:54,374 [INFO] src.autoclave.ui.ui_main.main_window: ✅ Interfaz creada correctamente.
2026-01-19 17:21:54,433 [INFO] autoclave: SerialLink id: 2244862648272
2026-01-19 17:21:54,433 [INFO] autoclave: SerialLink id: 2244862648272
2026-01-19 17:21:54,433 [INFO] src.autoclave.services.control_loop: Conexión establecida. Iniciando actualización de puertas...
2026-01-19 17:21:55,434 [INFO] src.autoclave.devices.door: Estado inicial detectado: ABIERTO.
2026-01-19 17:21:55,735 [WARNING] src.autoclave.devices.door: Estado inicial inconsistente: Puerta cerrada pero presión de empaque baja, iniciando cierre.
2026-01-19 17:21:57,237 [INFO] src.autoclave.devices.door: Bomba de vacio encendida.
2026-01-19 17:21:57,239 [INFO] src.autoclave.devices.door: Desbloqueo de puerta activado.
2026-01-19 17:21:57,239 [INFO] src.autoclave.devices.door: Iniciando cierre de puerta.
2026-01-19 17:21:57,240 [INFO] src.autoclave.devices.door: Actuador de cierre desactivado.
2026-01-19 17:21:57,242 [INFO] src.autoclave.devices.door: Desbloqueo de puerta desactivado.
2026-01-19 17:21:57,243 [INFO] src.autoclave.devices.door: Bomba de vacio apagada.
2026-01-19 17:21:57,244 [INFO] src.autoclave.devices.door: Bloqueo de puerta desactivado.
2026-01-19 17:21:57,246 [INFO] src.autoclave.devices.door: Puerta cerrada correctamente.
2026-01-19 17:21:57,246 [INFO] __main__: Puerta Puerta 2: CERRANDO -> CERRADO
2026-01-19 17:21:57,246 [INFO] __main__: Puerta Puerta 2 cerrada.
2026-01-19 17:22:41,132 [WARNING] src.autoclave.services.puertas.ser_puertas: No se puede cerrar la puerta: presión de cámara baja.
2026-01-19 17:22:41,132 [WARNING] __main__: Cierre de puerta denegado por condiciones de seguridad.
2026-01-19 17:23:55,735 [WARNING] src.autoclave.services.puertas.ser_puertas: No se puede cerrar la puerta: temperatura de cámara alta.
2026-01-19 17:23:55,736 [WARNING] __main__: Cierre de puerta denegado por condiciones de seguridad.
2026-01-19 17:24:41,477 [INFO] __main__: Comando de cierre de puerta enviado.
2026-01-19 17:24:42,410 [INFO] src.autoclave.devices.door: Bomba de vacio encendida.
2026-01-19 17:24:42,410 [INFO] src.autoclave.devices.door: Desbloqueo de puerta activado.
2026-01-19 17:24:42,410 [INFO] src.autoclave.devices.door: Iniciando cierre de puerta.
2026-01-19 17:24:42,412 [INFO] __main__: Puerta Puerta 1: ABIERTO -> CERRANDO
2026-01-19 17:24:42,412 [INFO] __main__: Puerta Puerta 1 cerrándose...
2026-01-19 17:25:36,482 [INFO] src.autoclave.devices.door: Actuador de cierre desactivado.
2026-01-19 17:25:36,483 [INFO] src.autoclave.devices.door: Desbloqueo de puerta desactivado.
2026-01-19 17:25:36,484 [INFO] src.autoclave.devices.door: Bomba de vacio apagada.
2026-01-19 17:25:36,486 [INFO] src.autoclave.devices.door: Bloqueo de puerta desactivado.
2026-01-19 17:25:36,487 [ERROR] src.autoclave.devices.door: Error: Presión de empaque insuficiente al cerrar.
2026-01-19 17:25:36,488 [INFO] __main__: Puerta Puerta 1: CERRANDO -> ERROR
2026-01-19 17:25:36,489 [ERROR] __main__: ¡Error en puerta Puerta 1!
2026-01-19 17:25:37,989 [ERROR] src.autoclave.devices.door: Error persistente: Estado de puerta inconsistente.
2026-01-19 17:25:39,491 [ERROR] src.autoclave.devices.door: Error persistente: Estado de puerta inconsistente.
2026-01-19 17:25:40,993 [ERROR] src.autoclave.devices.door: Error persistente: Estado de puerta inconsistente.
2026-01-19 17:25:42,499 [ERROR] src.autoclave.devices.door: Error persistente: Estado de puerta inconsistente.
2026-01-19 17:25:44,001 [ERROR] src.autoclave.devices.door: Error persistente: Estado de puerta inconsistente.
2026-01-19 17:25:45,503 [ERROR] src.autoclave.devices.door: Error persistente: Estado de puerta inconsistente.
2026-01-19 17:25:47,005 [ERROR] src.autoclave.devices.door: Error persistente: Estado de puerta inconsistente.
2026-01-19 17:25:48,507 [ERROR] src.autoclave.devices.door: Error persistente: Estado de puerta inconsistente.
2026-01-19 17:25:50,009 [ERROR] src.autoclave.devices.door: Error persistente: Estado de puerta inconsistente.
2026-01-19 17:25:51,512 [ERROR] src.autoclave.devices.door: Error persistente: Estado de puerta inconsistente.
2026-01-19 17:25:53,014 [ERROR] src.autoclave.devices.door: Error persistente: Estado de puerta inconsistente.
2026-01-19 17:25:54,517 [ERROR] src.autoclave.devices.door: Error persistente: Estado de puerta inconsistente.
2026-01-19 17:25:56,019 [ERROR] src.autoclave.devices.door: Error persistente: Estado de puerta inconsistente.
2026-01-19 17:25:57,521 [ERROR] src.autoclave.devices.door: Error persistente: Estado de puerta inconsistente.
2026-01-19 17:25:59,023 [ERROR] src.autoclave.devices.door: Error persistente: Estado de puerta inconsistente.
2026-01-19 17:26:00,524 [ERROR] src.autoclave.devices.door: Error persistente: Estado de puerta inconsistente.
2026-01-19 17:26:02,026 [ERROR] src.autoclave.devices.door: Error persistente: Estado de puerta inconsistente.
2026-01-19 17:26:03,528 [ERROR] src.autoclave.devices.door: Error persistente: Estado de puerta inconsistente.
2026-01-19 17:26:05,030 [ERROR] src.autoclave.devices.door: Error persistente: Estado de puerta inconsistente.
2026-01-19 17:26:06,532 [ERROR] src.autoclave.devices.door: Error persistente: Estado de puerta inconsistente.
2026-01-19 17:26:08,034 [ERROR] src.autoclave.devices.door: Error persistente: Estado de puerta inconsistente.
2026-01-19 17:26:09,538 [ERROR] src.autoclave.devices.door: Error persistente: Estado de puerta inconsistente.
2026-01-19 17:26:11,040 [ERROR] src.autoclave.devices.door: Error persistente: Estado de puerta inconsistente.
2026-01-19 17:26:12,541 [ERROR] src.autoclave.devices.door: Error persistente: Estado de puerta inconsistente.
2026-01-19 17:26:14,043 [ERROR] src.autoclave.devices.door: Error persistente: Estado de puerta inconsistente.
2026-01-19 17:26:15,546 [ERROR] src.autoclave.devices.door: Error persistente: Estado de puerta inconsistente.
2026-01-19 17:26:17,048 [ERROR] src.autoclave.devices.door: Error persistente: Estado de puerta inconsistente.
2026-01-19 17:26:18,550 [ERROR] src.autoclave.devices.door: Error persistente: Estado de puerta inconsistente.
2026-01-19 17:26:20,051 [ERROR] src.autoclave.devices.door: Error persistente: Estado de puerta inconsistente.
2026-01-19 17:26:21,552 [ERROR] src.autoclave.devices.door: Error persistente: Estado de puerta inconsistente.
2026-01-19 17:26:23,054 [ERROR] src.autoclave.devices.door: Error persistente: Estado de puerta inconsistente.
2026-01-19 17:26:24,556 [ERROR] src.autoclave.devices.door: Error persistente: Estado de puerta inconsistente.
2026-01-19 17:26:26,058 [ERROR] src.autoclave.devices.door: Error persistente: Estado de puerta inconsistente.
2026-01-19 17:26:27,560 [ERROR] src.autoclave.devices.door: Error persistente: Estado de puerta inconsistente.
2026-01-19 17:26:29,062 [ERROR] src.autoclave.devices.door: Error persistente: Estado de puerta inconsistente.
2026-01-19 17:26:30,565 [ERROR] src.autoclave.devices.door: Error persistente: Estado de puerta inconsistente.
2026-01-19 17:26:32,067 [ERROR] src.autoclave.devices.door: Error persistente: Estado de puerta inconsistente.
2026-01-19 17:26:33,569 [ERROR] src.autoclave.devices.door: Error persistente: Estado de puerta inconsistente.
2026-01-19 17:26:35,070 [ERROR] src.autoclave.devices.door: Error persistente: Estado de puerta inconsistente.
2026-01-19 17:26:36,571 [ERROR] src.autoclave.devices.door: Error persistente: Estado de puerta inconsistente.
2026-01-19 17:26:38,073 [ERROR] src.autoclave.devices.door: Error persistente: Estado de puerta inconsistente.
2026-01-19 17:26:39,575 [ERROR] src.autoclave.devices.door: Error persistente: Estado de puerta inconsistente.
2026-01-19 17:26:41,078 [ERROR] src.autoclave.devices.door: Error persistente: Estado de puerta inconsistente.
2026-01-19 17:26:42,579 [ERROR] src.autoclave.devices.door: Error persistente: Estado de puerta inconsistente.
2026-01-19 17:26:44,080 [ERROR] src.autoclave.devices.door: Error persistente: Estado de puerta inconsistente.
2026-01-19 17:26:45,582 [ERROR] src.autoclave.devices.door: Error persistente: Estado de puerta inconsistente.
2026-01-19 17:26:47,085 [ERROR] src.autoclave.devices.door: Error persistente: Estado de puerta inconsistente.
2026-01-19 17:26:48,586 [ERROR] src.autoclave.devices.door: Error persistente: Estado de puerta inconsistente.
2026-01-19 17:26:50,088 [ERROR] src.autoclave.devices.door: Error persistente: Estado de puerta inconsistente.
2026-01-19 17:26:51,589 [ERROR] src.autoclave.devices.door: Error persistente: Estado de puerta inconsistente.
2026-01-19 17:26:53,091 [ERROR] src.autoclave.devices.door: Error persistente: Estado de puerta inconsistente.
2026-01-19 17:26:54,593 [ERROR] src.autoclave.devices.door: Error persistente: Estado de puerta inconsistente.
2026-01-19 17:26:56,095 [ERROR] src.autoclave.devices.door: Error persistente: Estado de puerta inconsistente.
2026-01-19 17:26:57,597 [ERROR] src.autoclave.devices.door: Error persistente: Estado de puerta inconsistente.
2026-01-19 17:26:59,099 [ERROR] src.autoclave.devices.door: Error persistente: Estado de puerta inconsistente.
2026-01-19 17:27:00,601 [ERROR] src.autoclave.devices.door: Error persistente: Estado de puerta inconsistente.
2026-01-19 17:27:02,104 [ERROR] src.autoclave.devices.door: Error persistente: Estado de puerta inconsistente.
2026-01-19 17:27:03,606 [ERROR] src.autoclave.devices.door: Error persistente: Estado de puerta inconsistente.
2026-01-19 17:27:05,109 [ERROR] src.autoclave.devices.door: Error persistente: Estado de puerta inconsistente.
2026-01-19 17:27:06,610 [ERROR] src.autoclave.devices.door: Error persistente: Estado de puerta inconsistente.
2026-01-19 17:27:08,111 [ERROR] src.autoclave.devices.door: Error persistente: Estado de puerta inconsistente.
2026-01-19 17:27:09,614 [ERROR] src.autoclave.devices.door: Error persistente: Estado de puerta inconsistente.
2026-01-19 17:27:11,116 [ERROR] src.autoclave.devices.door: Error persistente: Estado de puerta inconsistente.
2026-01-19 17:27:12,618 [ERROR] src.autoclave.devices.door: Error persistente: Estado de puerta inconsistente.
2026-01-19 17:27:14,120 [ERROR] src.autoclave.devices.door: Error persistente: Estado de puerta inconsistente.
2026-01-19 17:27:15,621 [ERROR] src.autoclave.devices.door: Error persistente: Estado de puerta inconsistente.
2026-01-19 17:27:17,123 [ERROR] src.autoclave.devices.door: Error persistente: Estado de puerta inconsistente.
2026-01-19 17:27:18,625 [ERROR] src.autoclave.devices.door: Error persistente: Estado de puerta inconsistente.
2026-01-19 17:27:20,129 [ERROR] src.autoclave.devices.door: Error persistente: Estado de puerta inconsistente.
2026-01-19 17:27:21,631 [ERROR] src.autoclave.devices.door: Error persistente: Estado de puerta inconsistente.
2026-01-19 17:27:23,132 [ERROR] src.autoclave.devices.door: Error persistente: Estado de puerta inconsistente.
2026-01-19 17:27:24,635 [ERROR] src.autoclave.devices.door: Error persistente: Estado de puerta inconsistente.
2026-01-19 17:27:26,137 [ERROR] src.autoclave.devices.door: Error persistente: Estado de puerta inconsistente.
2026-01-19 17:27:27,638 [ERROR] src.autoclave.devices.door: Error persistente: Estado de puerta inconsistente.
2026-01-19 17:27:29,140 [ERROR] src.autoclave.devices.door: Error persistente: Estado de puerta inconsistente.
2026-01-19 17:27:30,642 [ERROR] src.autoclave.devices.door: Error persistente: Estado de puerta inconsistente.
2026-01-19 17:27:32,144 [ERROR] src.autoclave.devices.door: Error persistente: Estado de puerta inconsistente.
2026-01-19 17:27:33,646 [ERROR] src.autoclave.devices.door: Error persistente: Estado de puerta inconsistente.
2026-01-19 17:27:35,147 [ERROR] src.autoclave.devices.door: Error persistente: Estado de puerta inconsistente.
2026-01-19 17:27:36,649 [ERROR] src.autoclave.devices.door: Error persistente: Estado de puerta inconsistente.
2026-01-19 17:27:38,151 [ERROR] src.autoclave.devices.door: Error persistente: Estado de puerta inconsistente.
2026-01-19 17:27:39,653 [ERROR] src.autoclave.devices.door: Error persistente: Estado de puerta inconsistente.
2026-01-19 17:27:41,156 [ERROR] src.autoclave.devices.door: Error persistente: Estado de puerta inconsistente.
2026-01-19 17:27:42,659 [ERROR] src.autoclave.devices.door: Error persistente: Estado de puerta inconsistente.
2026-01-19 17:27:44,161 [ERROR] src.autoclave.devices.door: Error persistente: Estado de puerta inconsistente.
2026-01-19 17:27:45,662 [ERROR] src.autoclave.devices.door: Error persistente: Estado de puerta inconsistente.
2026-01-19 17:27:47,164 [ERROR] src.autoclave.devices.door: Error persistente: Estado de puerta inconsistente.
2026-01-19 17:27:48,665 [ERROR] src.autoclave.devices.door: Error persistente: Estado de puerta inconsistente.
2026-01-19 17:27:50,167 [ERROR] src.autoclave.devices.door: Error persistente: Estado de puerta inconsistente.
2026-01-19 17:27:51,670 [ERROR] src.autoclave.devices.door: Error persistente: Estado de puerta inconsistente.
2026-01-19 17:27:53,171 [ERROR] src.autoclave.devices.door: Error persistente: Estado de puerta inconsistente.
2026-01-19 17:27:54,672 [ERROR] src.autoclave.devices.door: Error persistente: Estado de puerta inconsistente.
2026-01-19 17:27:56,176 [ERROR] src.autoclave.devices.door: Error persistente: Estado de puerta inconsistente.
2026-01-19 17:27:57,679 [ERROR] src.autoclave.devices.door: Error persistente: Estado de puerta inconsistente.
2026-01-19 17:27:59,182 [ERROR] src.autoclave.devices.door: Error persistente: Estado de puerta inconsistente.
2026-01-19 17:28:00,683 [ERROR] src.autoclave.devices.door: Error persistente: Estado de puerta inconsistente.
2026-01-19 17:28:02,186 [ERROR] src.autoclave.devices.door: Error persistente: Estado de puerta inconsistente.
2026-01-19 17:28:03,688 [ERROR] src.autoclave.devices.door: Error persistente: Estado de puerta inconsistente.
2026-01-19 17:28:05,190 [ERROR] src.autoclave.devices.door: Error persistente: Estado de puerta inconsistente.
2026-01-19 17:28:06,693 [ERROR] src.autoclave.devices.door: Error persistente: Estado de puerta inconsistente.
2026-01-19 17:28:08,195 [ERROR] src.autoclave.devices.door: Error persistente: Estado de puerta inconsistente.
2026-01-19 17:28:09,696 [ERROR] src.autoclave.devices.door: Error persistente: Estado de puerta inconsistente.
2026-01-19 17:28:11,198 [ERROR] src.autoclave.devices.door: Error persistente: Estado de puerta inconsistente.
2026-01-19 17:28:12,700 [ERROR] src.autoclave.devices.door: Error persistente: Estado de puerta inconsistente.
2026-01-19 17:28:14,202 [ERROR] src.autoclave.devices.door: Error persistente: Estado de puerta inconsistente.
2026-01-19 17:28:15,703 [ERROR] src.autoclave.devices.door: Error persistente: Estado de puerta inconsistente.
2026-01-19 17:28:17,205 [ERROR] src.autoclave.devices.door: Error persistente: Estado de puerta inconsistente.
2026-01-19 17:28:18,707 [ERROR] src.autoclave.devices.door: Error persistente: Estado de puerta inconsistente.
2026-01-19 17:28:20,209 [ERROR] src.autoclave.devices.door: Error persistente: Estado de puerta inconsistente.
2026-01-19 17:28:21,711 [ERROR] src.autoclave.devices.door: Error persistente: Estado de puerta inconsistente.
2026-01-19 17:28:23,212 [ERROR] src.autoclave.devices.door: Error persistente: Estado de puerta inconsistente.
2026-01-19 17:28:24,715 [ERROR] src.autoclave.devices.door: Error persistente: Estado de puerta inconsistente.
2026-01-19 17:28:26,218 [ERROR] src.autoclave.devices.door: Error persistente: Estado de puerta inconsistente.
2026-01-19 17:28:27,720 [ERROR] src.autoclave.devices.door: Error persistente: Estado de puerta inconsistente.
2026-01-19 17:28:29,221 [ERROR] src.autoclave.devices.door: Error persistente: Estado de puerta inconsistente.
2026-01-19 17:28:30,724 [ERROR] src.autoclave.devices.door: Error persistente: Estado de puerta inconsistente.
2026-01-19 17:28:32,227 [ERROR] src.autoclave.devices.door: Error persistente: Estado de puerta inconsistente.
2026-01-19 17:28:33,729 [ERROR] src.autoclave.devices.door: Error persistente: Estado de puerta inconsistente.
2026-01-19 17:28:35,230 [ERROR] src.autoclave.devices.door: Error persistente: Estado de puerta inconsistente.
2026-01-19 17:28:36,732 [ERROR] src.autoclave.devices.door: Error persistente: Estado de puerta inconsistente.
2026-01-19 17:28:38,235 [ERROR] src.autoclave.devices.door: Error persistente: Estado de puerta inconsistente.
2026-01-19 17:28:39,737 [ERROR] src.autoclave.devices.door: Error persistente: Estado de puerta inconsistente.
2026-01-19 17:28:41,238 [ERROR] src.autoclave.devices.door: Error persistente: Estado de puerta inconsistente.
2026-01-19 17:28:42,740 [ERROR] src.autoclave.devices.door: Error persistente: Estado de puerta inconsistente.
2026-01-19 17:28:44,242 [ERROR] src.autoclave.devices.door: Error persistente: Estado de puerta inconsistente.
2026-01-19 17:28:45,743 [ERROR] src.autoclave.devices.door: Error persistente: Estado de puerta inconsistente.
2026-01-19 17:28:47,245 [ERROR] src.autoclave.devices.door: Error persistente: Estado de puerta inconsistente.
2026-01-19 17:28:48,747 [ERROR] src.autoclave.devices.door: Error persistente: Estado de puerta inconsistente.
2026-01-19 17:28:50,249 [ERROR] src.autoclave.devices.door: Error persistente: Estado de puerta inconsistente.
2026-01-19 17:28:51,751 [ERROR] src.autoclave.devices.door: Error persistente: Estado de puerta inconsistente.
2026-01-19 17:28:53,253 [ERROR] src.autoclave.devices.door: Error persistente: Estado de puerta inconsistente.
2026-01-19 17:28:54,756 [ERROR] src.autoclave.devices.door: Error persistente: Estado de puerta inconsistente.
2026-01-19 17:28:56,260 [ERROR] src.autoclave.devices.door: Error persistente: Estado de puerta inconsistente.
2026-01-19 17:28:57,763 [ERROR] src.autoclave.devices.door: Error persistente: Estado de puerta inconsistente.
2026-01-19 17:28:59,265 [ERROR] src.autoclave.devices.door: Error persistente: Estado de puerta inconsistente.
2026-01-19 17:29:00,767 [ERROR] src.autoclave.devices.door: Error persistente: Estado de puerta inconsistente.
2026-01-19 17:29:02,268 [ERROR] src.autoclave.devices.door: Error persistente: Estado de puerta inconsistente.
2026-01-19 17:29:03,771 [ERROR] src.autoclave.devices.door: Error persistente: Estado de puerta inconsistente.
2026-01-19 17:29:05,275 [ERROR] src.autoclave.devices.door: Error persistente: Estado de puerta inconsistente.
2026-01-19 17:29:06,778 [ERROR] src.autoclave.devices.door: Error persistente: Estado de puerta inconsistente.
2026-01-19 17:29:08,279 [ERROR] src.autoclave.devices.door: Error persistente: Estado de puerta inconsistente.
2026-01-19 17:29:09,781 [ERROR] src.autoclave.devices.door: Error persistente: Estado de puerta inconsistente.
2026-01-19 17:29:11,282 [ERROR] src.autoclave.devices.door: Error persistente: Estado de puerta inconsistente.
2026-01-19 17:29:12,786 [ERROR] src.autoclave.devices.door: Error persistente: Estado de puerta inconsistente.
2026-01-19 17:29:14,288 [ERROR] src.autoclave.devices.door: Error persistente: Estado de puerta inconsistente.
2026-01-19 17:29:15,790 [ERROR] src.autoclave.devices.door: Error persistente: Estado de puerta inconsistente.
2026-01-19 17:29:17,293 [ERROR] src.autoclave.devices.door: Error persistente: Estado de puerta inconsistente.
2026-01-19 17:29:18,795 [ERROR] src.autoclave.devices.door: Error persistente: Estado de puerta inconsistente.
2026-01-19 17:29:20,296 [ERROR] src.autoclave.devices.door: Error persistente: Estado de puerta inconsistente.
2026-01-19 17:29:21,798 [ERROR] src.autoclave.devices.door: Error persistente: Estado de puerta inconsistente.
2026-01-19 17:29:22,535 [INFO] src.autoclave.ui.ui_main.main_window: ⏻ Apagando equipo...
2026-01-19 17:29:23,299 [ERROR] src.autoclave.devices.door: Error persistente: Estado de puerta inconsistente.
2026-01-19 17:29:24,801 [ERROR] src.autoclave.devices.door: Error persistente: Estado de puerta inconsistente.
2026-01-19 17:29:25,572 [INFO] __main__: Cerrando la aplicación Autoclave...
2026-01-19 17:29:25,607 [INFO] autoclave: Deteniendo SerialLink...
2026-01-19 17:29:26,303 [ERROR] src.autoclave.devices.door: Error persistente: Estado de puerta inconsistente.
2026-01-19 17:29:26,734 [INFO] autoclave: Puerto serial cerrado.
2026-01-19 17:29:26,735 [INFO] src.autoclave.services.control_loop: Flujo de datos detenido.
2026-01-19 17:29:51,870 [INFO] sqlalchemy.engine.Engine: BEGIN (implicit)
2026-01-19 17:29:51,871 [INFO] sqlalchemy.engine.Engine: PRAGMA main.table_info("ac_puerto")
2026-01-19 17:29:51,871 [INFO] sqlalchemy.engine.Engine: [raw sql] ()
2026-01-19 17:29:51,871 [INFO] sqlalchemy.engine.Engine: PRAGMA main.table_info("ac_pantalla_control")
2026-01-19 17:29:51,872 [INFO] sqlalchemy.engine.Engine: [raw sql] ()
2026-01-19 17:29:51,872 [INFO] sqlalchemy.engine.Engine: PRAGMA main.table_info("proceso_control")
2026-01-19 17:29:51,872 [INFO] sqlalchemy.engine.Engine: [raw sql] ()
2026-01-19 17:29:51,872 [INFO] sqlalchemy.engine.Engine: PRAGMA main.table_info("proceso_fase")
2026-01-19 17:29:51,873 [INFO] sqlalchemy.engine.Engine: [raw sql] ()
2026-01-19 17:29:51,873 [INFO] sqlalchemy.engine.Engine: PRAGMA main.table_info("proceso_fase_parametro")
2026-01-19 17:29:51,873 [INFO] sqlalchemy.engine.Engine: [raw sql] ()
2026-01-19 17:29:51,874 [INFO] sqlalchemy.engine.Engine: COMMIT
2026-01-19 17:29:51,999 [INFO] __main__: Iniciando la aplicación Autoclave...
2026-01-19 17:29:52,006 [INFO] autoclave: Iniciando SerialLink...
2026-01-19 17:29:52,006 [INFO] autoclave: SerialLink id: 2115819249616
2026-01-19 17:29:52,053 [INFO] src.autoclave.services.control_loop: Iniciando el bucle de control...
2026-01-19 17:29:52,053 [INFO] autoclave: SerialLink id: 2115819249616
2026-01-19 17:29:52,053 [INFO] src.autoclave.services.control_loop: Esperando conexión con ESP32...
2026-01-19 17:29:52,055 [INFO] autoclave: connected: True
2026-01-19 17:29:52,056 [INFO] autoclave: Conectado a ESP32 en COM3
2026-01-19 17:29:52,206 [INFO] src.autoclave.ui.ui_main.main_window: ✅ Interfaz creada correctamente.
2026-01-19 17:29:52,254 [INFO] autoclave: SerialLink id: 2115819249616
2026-01-19 17:29:52,254 [INFO] autoclave: SerialLink id: 2115819249616
2026-01-19 17:29:52,254 [INFO] src.autoclave.services.control_loop: Conexión establecida. Iniciando actualización de puertas...
2026-01-19 17:29:53,254 [ERROR] src.autoclave.devices.door: Error: Estado inicial de puerta inconsistente .
2026-01-19 17:29:53,255 [ERROR] src.autoclave.devices.door: Error: Estado inicial de puerta inconsistente .
2026-01-19 17:29:54,755 [ERROR] src.autoclave.devices.door: Error persistente: Estado de puerta inconsistente.
2026-01-19 17:29:56,558 [ERROR] src.autoclave.devices.door: Error persistente: Estado de puerta inconsistente.
2026-01-19 17:29:56,859 [INFO] src.autoclave.devices.door: Recuperación de error: Estado detectado CERRADO.
2026-01-19 17:29:56,860 [INFO] __main__: Puerta Puerta 2: ERROR -> CERRADO
2026-01-19 17:29:56,861 [INFO] __main__: Puerta Puerta 2 cerrada.
2026-01-19 17:29:58,362 [ERROR] src.autoclave.devices.door: Error persistente: Estado de puerta inconsistente.
2026-01-19 17:29:59,864 [ERROR] src.autoclave.devices.door: Error persistente: Estado de puerta inconsistente.
2026-01-19 17:30:01,367 [ERROR] src.autoclave.devices.door: Error persistente: Estado de puerta inconsistente.
2026-01-19 17:30:02,870 [ERROR] src.autoclave.devices.door: Error persistente: Estado de puerta inconsistente.
2026-01-19 17:30:04,373 [ERROR] src.autoclave.devices.door: Error persistente: Estado de puerta inconsistente.
2026-01-19 17:30:05,875 [ERROR] src.autoclave.devices.door: Error persistente: Estado de puerta inconsistente.
2026-01-19 17:30:07,377 [ERROR] src.autoclave.devices.door: Error persistente: Estado de puerta inconsistente.
2026-01-19 17:30:08,880 [ERROR] src.autoclave.devices.door: Error persistente: Estado de puerta inconsistente.
2026-01-19 17:30:10,381 [ERROR] src.autoclave.devices.door: Error persistente: Estado de puerta inconsistente.
2026-01-19 17:30:11,883 [ERROR] src.autoclave.devices.door: Error persistente: Estado de puerta inconsistente.
2026-01-19 17:30:13,386 [INFO] src.autoclave.devices.door: Recuperación de error: Estado detectado ABIERTO.
2026-01-19 17:30:13,389 [INFO] __main__: Puerta Puerta 1: ERROR -> ABIERTO
2026-01-19 17:30:13,390 [INFO] __main__: Puerta Puerta 1 abierta.
2026-01-19 17:30:34,274 [INFO] __main__: Comando de cierre de puerta enviado.
2026-01-19 17:30:34,413 [INFO] src.autoclave.devices.door: Bomba de vacio encendida.
2026-01-19 17:30:34,414 [INFO] src.autoclave.devices.door: Desbloqueo de puerta activado.
2026-01-19 17:30:34,414 [INFO] src.autoclave.devices.door: Iniciando cierre de puerta.
2026-01-19 17:30:34,416 [INFO] __main__: Puerta Puerta 1: ABIERTO -> CERRANDO
2026-01-19 17:30:34,416 [INFO] __main__: Puerta Puerta 1 cerrándose...
2026-01-19 17:30:46,435 [INFO] src.autoclave.devices.door: Actuador de cierre desactivado.
2026-01-19 17:30:46,436 [INFO] src.autoclave.devices.door: Desbloqueo de puerta desactivado.
2026-01-19 17:30:46,438 [INFO] src.autoclave.devices.door: Bomba de vacio apagada.
2026-01-19 17:30:46,439 [INFO] src.autoclave.devices.door: Bloqueo de puerta desactivado.
2026-01-19 17:30:46,439 [ERROR] src.autoclave.devices.door: Error: Presión de empaque insuficiente al cerrar.
2026-01-19 17:30:46,441 [INFO] __main__: Puerta Puerta 1: CERRANDO -> ERROR
2026-01-19 17:30:46,442 [ERROR] __main__: ¡Error en puerta Puerta 1!
2026-01-19 17:31:00,859 [INFO] src.autoclave.devices.door: Recuperación de error: Estado detectado CERRADO.
2026-01-19 17:31:00,861 [INFO] __main__: Puerta Puerta 1: ERROR -> CERRADO
2026-01-19 17:31:00,861 [INFO] __main__: Puerta Puerta 1 cerrada.
2026-01-19 17:32:01,378 [INFO] __main__: Comando de apertura de puerta enviado.
2026-01-19 17:32:02,499 [INFO] src.autoclave.devices.door: Bloqueo de puerta desactivado.
2026-01-19 17:32:02,500 [INFO] src.autoclave.devices.door: Actuador de cierre desactivado.
2026-01-19 17:32:02,501 [INFO] src.autoclave.devices.door: Bomba de vacio encendida.
2026-01-19 17:32:02,502 [INFO] src.autoclave.devices.door: Desbloqueo de puerta activado.
2026-01-19 17:32:02,503 [INFO] src.autoclave.devices.door: presion empaque: 309.37 kPa.
2026-01-19 17:32:02,504 [INFO] __main__: Puerta Puerta 1: CERRADO -> ABRIENDO
2026-01-19 17:32:02,504 [INFO] __main__: Puerta Puerta 1 abriéndose...
2026-01-19 17:32:04,006 [INFO] src.autoclave.devices.door: presion empaque: 310.43 kPa.
2026-01-19 17:32:05,509 [INFO] src.autoclave.devices.door: presion empaque: 311.32 kPa.
2026-01-19 17:32:07,011 [INFO] src.autoclave.devices.door: presion empaque: 310.13 kPa.
2026-01-19 17:32:08,513 [INFO] src.autoclave.devices.door: presion empaque: 307.9 kPa.
2026-01-19 17:32:10,016 [INFO] src.autoclave.devices.door: presion empaque: 308.2 kPa.
2026-01-19 17:32:11,518 [INFO] src.autoclave.devices.door: presion empaque: 307.64 kPa.
2026-01-19 17:32:13,020 [INFO] src.autoclave.devices.door: presion empaque: 305.71 kPa.
2026-01-19 17:32:14,522 [INFO] src.autoclave.devices.door: presion empaque: 307.76 kPa.
2026-01-19 17:32:16,025 [INFO] src.autoclave.devices.door: presion empaque: 308.89 kPa.
2026-01-19 17:32:17,529 [INFO] src.autoclave.devices.door: presion empaque: 308.04 kPa.
2026-01-19 17:32:19,031 [INFO] src.autoclave.devices.door: presion empaque: 308.02 kPa.
2026-01-19 17:32:20,532 [INFO] src.autoclave.devices.door: presion empaque: 307.76 kPa.
2026-01-19 17:32:22,034 [INFO] src.autoclave.devices.door: presion empaque: 309.1 kPa.
2026-01-19 17:32:23,537 [INFO] src.autoclave.devices.door: presion empaque: 308.7 kPa.
2026-01-19 17:32:25,040 [INFO] src.autoclave.devices.door: presion empaque: 17.78 kPa.
2026-01-19 17:32:25,040 [INFO] src.autoclave.devices.door: Actuador de apertura activado.
2026-01-19 17:32:26,542 [INFO] src.autoclave.devices.door: presion empaque: 0.35 kPa.
2026-01-19 17:32:26,543 [INFO] src.autoclave.devices.door: Actuador de apertura activado.
2026-01-19 17:32:28,045 [INFO] src.autoclave.devices.door: presion empaque: 0.0 kPa.
2026-01-19 17:32:28,046 [INFO] src.autoclave.devices.door: Actuador de apertura activado.
2026-01-19 17:32:29,548 [INFO] src.autoclave.devices.door: presion empaque: 0.0 kPa.
2026-01-19 17:32:29,549 [INFO] src.autoclave.devices.door: Actuador de apertura activado.
2026-01-19 17:32:31,051 [INFO] src.autoclave.devices.door: presion empaque: 0.0 kPa.
2026-01-19 17:32:31,051 [INFO] src.autoclave.devices.door: Actuador de apertura activado.
2026-01-19 17:32:32,553 [INFO] src.autoclave.devices.door: presion empaque: 0.0 kPa.
2026-01-19 17:32:32,554 [INFO] src.autoclave.devices.door: Actuador de apertura activado.
2026-01-19 17:32:34,057 [INFO] src.autoclave.devices.door: presion empaque: 0.0 kPa.
2026-01-19 17:32:34,059 [INFO] src.autoclave.devices.door: Actuador de apertura activado.
2026-01-19 17:32:35,562 [INFO] src.autoclave.devices.door: presion empaque: 0.0 kPa.
2026-01-19 17:32:35,563 [INFO] src.autoclave.devices.door: Actuador de apertura activado.
2026-01-19 17:32:37,065 [INFO] src.autoclave.devices.door: presion empaque: 0.0 kPa.
2026-01-19 17:32:37,067 [INFO] src.autoclave.devices.door: Actuador de apertura activado.
2026-01-19 17:32:38,570 [INFO] src.autoclave.devices.door: presion empaque: 0.0 kPa.
2026-01-19 17:32:38,571 [INFO] src.autoclave.devices.door: Actuador de apertura activado.
2026-01-19 17:32:40,072 [INFO] src.autoclave.devices.door: presion empaque: 0.0 kPa.
2026-01-19 17:32:40,073 [INFO] src.autoclave.devices.door: Actuador de apertura activado.
2026-01-19 17:32:41,575 [INFO] src.autoclave.devices.door: presion empaque: 0.0 kPa.
2026-01-19 17:32:41,576 [INFO] src.autoclave.devices.door: Actuador de apertura activado.
2026-01-19 17:32:43,078 [INFO] src.autoclave.devices.door: presion empaque: 0.0 kPa.
2026-01-19 17:32:43,079 [INFO] src.autoclave.devices.door: Actuador de apertura activado.
2026-01-19 17:32:44,582 [INFO] src.autoclave.devices.door: presion empaque: 0.0 kPa.
2026-01-19 17:32:44,582 [INFO] src.autoclave.devices.door: Actuador de apertura activado.
2026-01-19 17:32:46,084 [INFO] src.autoclave.devices.door: presion empaque: 0.0 kPa.
2026-01-19 17:32:46,085 [INFO] src.autoclave.devices.door: Actuador de apertura activado.
2026-01-19 17:32:46,085 [INFO] src.autoclave.devices.door: Actuador de apertura desactivado.
2026-01-19 17:32:46,086 [INFO] src.autoclave.devices.door: Bomba de vacio apagada.
2026-01-19 17:32:46,087 [INFO] src.autoclave.devices.door: Desbloqueo de puerta desactivado.
2026-01-19 17:32:46,087 [INFO] src.autoclave.devices.door: Puerta abierta correctamente.
2026-01-19 17:32:46,089 [INFO] __main__: Puerta Puerta 1: ABRIENDO -> ABIERTO
2026-01-19 17:32:46,089 [INFO] __main__: Puerta Puerta 1 abierta.
2026-01-19 17:33:36,595 [INFO] __main__: Comando de cierre de puerta enviado.
2026-01-19 17:33:37,140 [INFO] src.autoclave.devices.door: Bomba de vacio encendida.
2026-01-19 17:33:37,141 [INFO] src.autoclave.devices.door: Desbloqueo de puerta activado.
2026-01-19 17:33:37,141 [INFO] src.autoclave.devices.door: Iniciando cierre de puerta.
2026-01-19 17:33:37,142 [INFO] __main__: Puerta Puerta 1: ABIERTO -> CERRANDO
2026-01-19 17:33:37,142 [INFO] __main__: Puerta Puerta 1 cerrándose...
2026-01-19 17:34:02,676 [INFO] src.autoclave.devices.door: Actuador de cierre desactivado.
2026-01-19 17:34:02,677 [INFO] src.autoclave.devices.door: Desbloqueo de puerta desactivado.
2026-01-19 17:34:02,678 [INFO] src.autoclave.devices.door: Bomba de vacio apagada.
2026-01-19 17:34:02,680 [INFO] src.autoclave.devices.door: Bloqueo de puerta desactivado.
2026-01-19 17:34:02,680 [ERROR] src.autoclave.devices.door: Error: Presión de empaque insuficiente al cerrar.
2026-01-19 17:34:02,682 [INFO] __main__: Puerta Puerta 1: CERRANDO -> ERROR
2026-01-19 17:34:02,682 [ERROR] __main__: ¡Error en puerta Puerta 1!
2026-01-19 17:34:18,898 [INFO] src.autoclave.devices.door: Recuperación de error: Estado detectado CERRADO.
2026-01-19 17:34:18,899 [INFO] __main__: Puerta Puerta 1: ERROR -> CERRADO
2026-01-19 17:34:18,899 [INFO] __main__: Puerta Puerta 1 cerrada.
2026-01-19 17:34:31,000 [INFO] __main__: Comando de apertura de puerta enviado.
2026-01-19 17:34:32,427 [INFO] src.autoclave.devices.door: Bloqueo de puerta desactivado.
2026-01-19 17:34:32,428 [INFO] src.autoclave.devices.door: Actuador de cierre desactivado.
2026-01-19 17:34:32,429 [INFO] src.autoclave.devices.door: Bomba de vacio encendida.
2026-01-19 17:34:32,430 [INFO] src.autoclave.devices.door: Desbloqueo de puerta activado.
2026-01-19 17:34:32,430 [INFO] src.autoclave.devices.door: presion empaque: 309.66 kPa.
2026-01-19 17:34:32,432 [INFO] __main__: Puerta Puerta 1: CERRADO -> ABRIENDO
2026-01-19 17:34:32,432 [INFO] __main__: Puerta Puerta 1 abriéndose...
2026-01-19 17:34:33,933 [INFO] src.autoclave.devices.door: presion empaque: 309.41 kPa.
2026-01-19 17:34:35,436 [INFO] src.autoclave.devices.door: presion empaque: 309.79 kPa.
2026-01-19 17:34:36,941 [INFO] src.autoclave.devices.door: presion empaque: 309.32 kPa.
2026-01-19 17:34:38,443 [INFO] src.autoclave.devices.door: presion empaque: 311.48 kPa.
2026-01-19 17:34:39,947 [INFO] src.autoclave.devices.door: presion empaque: 311.9 kPa.
2026-01-19 17:34:41,448 [INFO] src.autoclave.devices.door: presion empaque: 4.32 kPa.
2026-01-19 17:34:41,449 [INFO] src.autoclave.devices.door: Actuador de apertura activado.
2026-01-19 17:34:42,951 [INFO] src.autoclave.devices.door: presion empaque: 0.06 kPa.
2026-01-19 17:34:42,952 [INFO] src.autoclave.devices.door: Actuador de apertura activado.
2026-01-19 17:34:44,454 [INFO] src.autoclave.devices.door: presion empaque: 0.0 kPa.
2026-01-19 17:34:44,455 [INFO] src.autoclave.devices.door: Actuador de apertura activado.
2026-01-19 17:34:45,957 [INFO] src.autoclave.devices.door: presion empaque: 0.0 kPa.
2026-01-19 17:34:45,958 [INFO] src.autoclave.devices.door: Actuador de apertura activado.
2026-01-19 17:34:47,460 [INFO] src.autoclave.devices.door: presion empaque: 0.0 kPa.
2026-01-19 17:34:47,462 [INFO] src.autoclave.devices.door: Actuador de apertura activado.
2026-01-19 17:34:48,964 [INFO] src.autoclave.devices.door: presion empaque: 0.0 kPa.
2026-01-19 17:34:48,965 [INFO] src.autoclave.devices.door: Actuador de apertura activado.
2026-01-19 17:34:50,467 [INFO] src.autoclave.devices.door: presion empaque: 0.0 kPa.
2026-01-19 17:34:50,469 [INFO] src.autoclave.devices.door: Actuador de apertura activado.
2026-01-19 17:34:51,971 [INFO] src.autoclave.devices.door: presion empaque: 0.0 kPa.
2026-01-19 17:34:51,972 [INFO] src.autoclave.devices.door: Actuador de apertura activado.
2026-01-19 17:34:53,474 [INFO] src.autoclave.devices.door: presion empaque: 0.0 kPa.
2026-01-19 17:34:53,476 [INFO] src.autoclave.devices.door: Actuador de apertura activado.
2026-01-19 17:34:53,477 [INFO] src.autoclave.devices.door: Actuador de apertura desactivado.
2026-01-19 17:34:53,477 [INFO] src.autoclave.devices.door: Bomba de vacio apagada.
2026-01-19 17:34:53,478 [INFO] src.autoclave.devices.door: Desbloqueo de puerta desactivado.
2026-01-19 17:34:53,478 [INFO] src.autoclave.devices.door: Puerta abierta correctamente.
2026-01-19 17:34:53,480 [INFO] __main__: Puerta Puerta 1: ABRIENDO -> ABIERTO
2026-01-19 17:34:53,480 [INFO] __main__: Puerta Puerta 1 abierta.
2026-01-19 17:36:11,252 [INFO] __main__: Comando de cierre de puerta enviado.
2026-01-19 17:36:11,562 [INFO] src.autoclave.devices.door: Bomba de vacio encendida.
2026-01-19 17:36:11,562 [INFO] src.autoclave.devices.door: Desbloqueo de puerta activado.
2026-01-19 17:36:11,562 [INFO] src.autoclave.devices.door: Iniciando cierre de puerta.
2026-01-19 17:36:11,564 [INFO] __main__: Puerta Puerta 1: ABIERTO -> CERRANDO
2026-01-19 17:36:11,564 [INFO] __main__: Puerta Puerta 1 cerrándose...
2026-01-19 17:36:31,092 [INFO] src.autoclave.devices.door: Actuador de cierre desactivado.
2026-01-19 17:36:31,093 [INFO] src.autoclave.devices.door: Desbloqueo de puerta desactivado.
2026-01-19 17:36:31,094 [INFO] src.autoclave.devices.door: Bomba de vacio apagada.
2026-01-19 17:36:31,096 [INFO] src.autoclave.devices.door: Bloqueo de puerta desactivado.
2026-01-19 17:36:31,096 [ERROR] src.autoclave.devices.door: Error: Presión de empaque insuficiente al cerrar.
2026-01-19 17:36:31,098 [INFO] __main__: Puerta Puerta 1: CERRANDO -> ERROR
2026-01-19 17:36:31,098 [ERROR] __main__: ¡Error en puerta Puerta 1!
2026-01-19 17:42:12,195 [INFO] src.autoclave.ui.ui_main.main_window: ⏻ Apagando equipo...
2026-01-19 17:42:15,229 [INFO] __main__: Cerrando la aplicación Autoclave...
2026-01-19 17:42:15,264 [INFO] autoclave: Deteniendo SerialLink...
2026-01-19 17:42:16,156 [INFO] autoclave: Puerto serial cerrado.
2026-01-19 17:42:16,157 [INFO] src.autoclave.services.control_loop: Flujo de datos detenido.
2026-01-19 17:42:25,215 [INFO] sqlalchemy.engine.Engine: BEGIN (implicit)
2026-01-19 17:42:25,215 [INFO] sqlalchemy.engine.Engine: PRAGMA main.table_info("ac_puerto")
2026-01-19 17:42:25,215 [INFO] sqlalchemy.engine.Engine: [raw sql] ()
2026-01-19 17:42:25,216 [INFO] sqlalchemy.engine.Engine: PRAGMA main.table_info("ac_pantalla_control")
2026-01-19 17:42:25,216 [INFO] sqlalchemy.engine.Engine: [raw sql] ()
2026-01-19 17:42:25,217 [INFO] sqlalchemy.engine.Engine: PRAGMA main.table_info("proceso_control")
2026-01-19 17:42:25,217 [INFO] sqlalchemy.engine.Engine: [raw sql] ()
2026-01-19 17:42:25,217 [INFO] sqlalchemy.engine.Engine: PRAGMA main.table_info("proceso_fase")
2026-01-19 17:42:25,217 [INFO] sqlalchemy.engine.Engine: [raw sql] ()
2026-01-19 17:42:25,218 [INFO] sqlalchemy.engine.Engine: PRAGMA main.table_info("proceso_fase_parametro")
2026-01-19 17:42:25,218 [INFO] sqlalchemy.engine.Engine: [raw sql] ()
2026-01-19 17:42:25,218 [INFO] sqlalchemy.engine.Engine: COMMIT
2026-01-19 17:42:25,324 [INFO] __main__: Iniciando la aplicación Autoclave...
2026-01-19 17:42:25,332 [INFO] autoclave: Iniciando SerialLink...
2026-01-19 17:42:25,332 [INFO] autoclave: SerialLink id: 2843463098320
2026-01-19 17:42:25,333 [INFO] src.autoclave.services.control_loop: Iniciando el bucle de control...
2026-01-19 17:42:25,378 [INFO] autoclave: SerialLink id: 2843463098320
2026-01-19 17:42:25,378 [INFO] src.autoclave.services.control_loop: Esperando conexión con ESP32...
2026-01-19 17:42:25,382 [INFO] autoclave: connected: True
2026-01-19 17:42:25,382 [INFO] autoclave: Conectado a ESP32 en COM3
2026-01-19 17:42:25,519 [INFO] src.autoclave.ui.ui_main.main_window: ✅ Interfaz creada correctamente.
2026-01-19 17:42:25,579 [INFO] autoclave: SerialLink id: 2843463098320
2026-01-19 17:42:25,579 [INFO] autoclave: SerialLink id: 2843463098320
2026-01-19 17:42:25,579 [INFO] src.autoclave.services.control_loop: Conexión establecida. Iniciando actualización de puertas...
2026-01-19 17:42:26,580 [ERROR] src.autoclave.devices.door: Error: Estado inicial de puerta inconsistente .
2026-01-19 17:42:26,580 [ERROR] src.autoclave.devices.door: Error: Estado inicial de puerta inconsistente .
2026-01-19 17:42:28,682 [INFO] src.autoclave.devices.door: Recuperación de error: Estado detectado CERRADO.
2026-01-19 17:42:28,682 [INFO] __main__: Puerta Puerta 2: ERROR -> CERRADO
2026-01-19 17:42:28,683 [INFO] __main__: Puerta Puerta 2 cerrada.
2026-01-19 17:42:44,599 [ERROR] src.autoclave.devices.door: Error persistente: Estado de puerta inconsistente.
2026-01-19 17:42:46,101 [INFO] src.autoclave.devices.door: Recuperación de error: Estado detectado ABIERTO.
2026-01-19 17:42:46,102 [INFO] __main__: Puerta Puerta 1: ERROR -> ABIERTO
2026-01-19 17:42:46,102 [INFO] __main__: Puerta Puerta 1 abierta.
2026-01-19 17:42:55,863 [INFO] __main__: Comando de cierre de puerta enviado.
2026-01-19 17:42:56,613 [INFO] src.autoclave.devices.door: Bomba de vacio encendida.
2026-01-19 17:42:56,613 [INFO] src.autoclave.devices.door: Desbloqueo de puerta activado.
2026-01-19 17:42:56,613 [INFO] src.autoclave.devices.door: Iniciando cierre de puerta.
2026-01-19 17:42:56,616 [INFO] __main__: Puerta Puerta 1: ABIERTO -> CERRANDO
2026-01-19 17:42:56,616 [INFO] __main__: Puerta Puerta 1 cerrándose...
2026-01-19 17:43:10,138 [INFO] src.autoclave.devices.door: Actuador de cierre desactivado.
2026-01-19 17:43:10,139 [INFO] src.autoclave.devices.door: Desbloqueo de puerta desactivado.
2026-01-19 17:43:10,141 [INFO] src.autoclave.devices.door: Bomba de vacio apagada.
2026-01-19 17:43:11,645 [INFO] src.autoclave.devices.door: Actuador de cierre desactivado.
2026-01-19 17:43:11,645 [INFO] src.autoclave.devices.door: Desbloqueo de puerta desactivado.
2026-01-19 17:43:11,647 [INFO] src.autoclave.devices.door: Bomba de vacio apagada.
2026-01-19 17:43:13,151 [INFO] src.autoclave.devices.door: Actuador de cierre desactivado.
2026-01-19 17:43:13,152 [INFO] src.autoclave.devices.door: Desbloqueo de puerta desactivado.
2026-01-19 17:43:13,154 [INFO] src.autoclave.devices.door: Bomba de vacio apagada.
2026-01-19 17:43:14,658 [INFO] src.autoclave.devices.door: Actuador de cierre desactivado.
2026-01-19 17:43:14,660 [INFO] src.autoclave.devices.door: Desbloqueo de puerta desactivado.
2026-01-19 17:43:14,661 [INFO] src.autoclave.devices.door: Bomba de vacio apagada.
2026-01-19 17:43:16,165 [INFO] src.autoclave.devices.door: Actuador de cierre desactivado.
2026-01-19 17:43:16,166 [INFO] src.autoclave.devices.door: Desbloqueo de puerta desactivado.
2026-01-19 17:43:16,167 [INFO] src.autoclave.devices.door: Bomba de vacio apagada.
2026-01-19 17:43:17,671 [INFO] src.autoclave.devices.door: Actuador de cierre desactivado.
2026-01-19 17:43:17,672 [INFO] src.autoclave.devices.door: Desbloqueo de puerta desactivado.
2026-01-19 17:43:17,673 [INFO] src.autoclave.devices.door: Bomba de vacio apagada.
2026-01-19 17:43:19,178 [INFO] src.autoclave.devices.door: Actuador de cierre desactivado.
2026-01-19 17:43:19,179 [INFO] src.autoclave.devices.door: Desbloqueo de puerta desactivado.
2026-01-19 17:43:19,180 [INFO] src.autoclave.devices.door: Bomba de vacio apagada.
2026-01-19 17:43:20,684 [INFO] src.autoclave.devices.door: Actuador de cierre desactivado.
2026-01-19 17:43:20,685 [INFO] src.autoclave.devices.door: Desbloqueo de puerta desactivado.
2026-01-19 17:43:20,686 [INFO] src.autoclave.devices.door: Bomba de vacio apagada.
2026-01-19 17:43:22,191 [INFO] src.autoclave.devices.door: Actuador de cierre desactivado.
2026-01-19 17:43:22,193 [INFO] src.autoclave.devices.door: Desbloqueo de puerta desactivado.
2026-01-19 17:43:22,193 [INFO] src.autoclave.devices.door: Bomba de vacio apagada.
2026-01-19 17:43:23,698 [INFO] src.autoclave.devices.door: Actuador de cierre desactivado.
2026-01-19 17:43:23,700 [INFO] src.autoclave.devices.door: Desbloqueo de puerta desactivado.
2026-01-19 17:43:23,701 [INFO] src.autoclave.devices.door: Bomba de vacio apagada.
2026-01-19 17:43:25,206 [INFO] src.autoclave.devices.door: Actuador de cierre desactivado.
2026-01-19 17:43:25,207 [INFO] src.autoclave.devices.door: Desbloqueo de puerta desactivado.
2026-01-19 17:43:25,208 [INFO] src.autoclave.devices.door: Bomba de vacio apagada.
2026-01-19 17:43:26,713 [INFO] src.autoclave.devices.door: Actuador de cierre desactivado.
2026-01-19 17:43:26,714 [INFO] src.autoclave.devices.door: Desbloqueo de puerta desactivado.
2026-01-19 17:43:26,715 [INFO] src.autoclave.devices.door: Bomba de vacio apagada.
2026-01-19 17:43:28,219 [INFO] src.autoclave.devices.door: Actuador de cierre desactivado.
2026-01-19 17:43:28,220 [INFO] src.autoclave.devices.door: Desbloqueo de puerta desactivado.
2026-01-19 17:43:28,221 [INFO] src.autoclave.devices.door: Bomba de vacio apagada.
2026-01-19 17:43:29,725 [INFO] src.autoclave.devices.door: Actuador de cierre desactivado.
2026-01-19 17:43:29,726 [INFO] src.autoclave.devices.door: Desbloqueo de puerta desactivado.
2026-01-19 17:43:29,727 [INFO] src.autoclave.devices.door: Bomba de vacio apagada.
2026-01-19 17:43:31,232 [INFO] src.autoclave.devices.door: Actuador de cierre desactivado.
2026-01-19 17:43:31,233 [INFO] src.autoclave.devices.door: Desbloqueo de puerta desactivado.
2026-01-19 17:43:31,234 [INFO] src.autoclave.devices.door: Bomba de vacio apagada.
2026-01-19 17:43:32,738 [INFO] src.autoclave.devices.door: Actuador de cierre desactivado.
2026-01-19 17:43:32,739 [INFO] src.autoclave.devices.door: Desbloqueo de puerta desactivado.
2026-01-19 17:43:32,740 [INFO] src.autoclave.devices.door: Bomba de vacio apagada.
2026-01-19 17:43:34,245 [INFO] src.autoclave.devices.door: Actuador de cierre desactivado.
2026-01-19 17:43:34,246 [INFO] src.autoclave.devices.door: Desbloqueo de puerta desactivado.
2026-01-19 17:43:34,247 [INFO] src.autoclave.devices.door: Bomba de vacio apagada.
2026-01-19 17:43:35,752 [INFO] src.autoclave.devices.door: Actuador de cierre desactivado.
2026-01-19 17:43:35,753 [INFO] src.autoclave.devices.door: Desbloqueo de puerta desactivado.
2026-01-19 17:43:35,754 [INFO] src.autoclave.devices.door: Bomba de vacio apagada.
2026-01-19 17:43:37,258 [INFO] src.autoclave.devices.door: Actuador de cierre desactivado.
2026-01-19 17:43:37,259 [INFO] src.autoclave.devices.door: Desbloqueo de puerta desactivado.
2026-01-19 17:43:37,260 [INFO] src.autoclave.devices.door: Bomba de vacio apagada.
2026-01-19 17:43:38,766 [INFO] src.autoclave.devices.door: Actuador de cierre desactivado.
2026-01-19 17:43:38,767 [INFO] src.autoclave.devices.door: Desbloqueo de puerta desactivado.
2026-01-19 17:43:38,768 [INFO] src.autoclave.devices.door: Bomba de vacio apagada.
2026-01-19 17:43:40,272 [INFO] src.autoclave.devices.door: Actuador de cierre desactivado.
2026-01-19 17:43:40,273 [INFO] src.autoclave.devices.door: Desbloqueo de puerta desactivado.
2026-01-19 17:43:40,273 [INFO] src.autoclave.devices.door: Bomba de vacio apagada.
2026-01-19 17:43:41,778 [INFO] src.autoclave.devices.door: Actuador de cierre desactivado.
2026-01-19 17:43:41,779 [INFO] src.autoclave.devices.door: Desbloqueo de puerta desactivado.
2026-01-19 17:43:41,780 [INFO] src.autoclave.devices.door: Bomba de vacio apagada.
2026-01-19 17:43:41,781 [INFO] src.autoclave.devices.door: Bloqueo de puerta desactivado.
2026-01-19 17:43:41,782 [INFO] src.autoclave.devices.door: Puerta cerrada correctamente.
2026-01-19 17:43:41,784 [INFO] __main__: Puerta Puerta 1: CERRANDO -> CERRADO
2026-01-19 17:43:41,784 [INFO] __main__: Puerta Puerta 1 cerrada.
2026-01-19 17:45:11,505 [INFO] src.autoclave.ui.ui_main.main_window: ⏻ Apagando equipo...
2026-01-19 17:45:14,549 [INFO] __main__: Cerrando la aplicación Autoclave...
2026-01-19 17:45:14,583 [INFO] autoclave: Deteniendo SerialLink...
2026-01-19 17:45:15,826 [INFO] autoclave: Puerto serial cerrado.
2026-01-19 17:45:15,827 [INFO] src.autoclave.services.control_loop: Flujo de datos detenido.
2026-01-19 17:45:41,903 [INFO] sqlalchemy.engine.Engine: BEGIN (implicit)
2026-01-19 17:45:41,904 [INFO] sqlalchemy.engine.Engine: PRAGMA main.table_info("ac_puerto")
2026-01-19 17:45:41,904 [INFO] sqlalchemy.engine.Engine: [raw sql] ()
2026-01-19 17:45:41,904 [INFO] sqlalchemy.engine.Engine: PRAGMA main.table_info("ac_pantalla_control")
2026-01-19 17:45:41,905 [INFO] sqlalchemy.engine.Engine: [raw sql] ()
2026-01-19 17:45:41,905 [INFO] sqlalchemy.engine.Engine: PRAGMA main.table_info("proceso_control")
2026-01-19 17:45:41,905 [INFO] sqlalchemy.engine.Engine: [raw sql] ()
2026-01-19 17:45:41,905 [INFO] sqlalchemy.engine.Engine: PRAGMA main.table_info("proceso_fase")
2026-01-19 17:45:41,906 [INFO] sqlalchemy.engine.Engine: [raw sql] ()
2026-01-19 17:45:41,906 [INFO] sqlalchemy.engine.Engine: PRAGMA main.table_info("proceso_fase_parametro")
2026-01-19 17:45:41,907 [INFO] sqlalchemy.engine.Engine: [raw sql] ()
2026-01-19 17:45:41,907 [INFO] sqlalchemy.engine.Engine: COMMIT
2026-01-19 17:45:42,040 [INFO] __main__: Iniciando la aplicación Autoclave...
2026-01-19 17:45:42,046 [INFO] autoclave: Iniciando SerialLink...
2026-01-19 17:45:42,047 [INFO] autoclave: SerialLink id: 2921510789072
2026-01-19 17:45:42,091 [INFO] src.autoclave.services.control_loop: Iniciando el bucle de control...
2026-01-19 17:45:42,091 [INFO] autoclave: SerialLink id: 2921510789072
2026-01-19 17:45:42,092 [INFO] src.autoclave.services.control_loop: Esperando conexión con ESP32...
2026-01-19 17:45:42,093 [INFO] autoclave: connected: True
2026-01-19 17:45:42,094 [INFO] autoclave: Conectado a ESP32 en COM3
2026-01-19 17:45:42,227 [INFO] src.autoclave.ui.ui_main.main_window: ✅ Interfaz creada correctamente.
2026-01-19 17:45:42,292 [INFO] autoclave: SerialLink id: 2921510789072
2026-01-19 17:45:42,293 [INFO] autoclave: SerialLink id: 2921510789072
2026-01-19 17:45:42,293 [INFO] src.autoclave.services.control_loop: Conexión establecida. Iniciando actualización de puertas...
2026-01-19 17:45:43,294 [ERROR] src.autoclave.devices.door: Error: Estado inicial de puerta inconsistente .
2026-01-19 17:45:43,294 [ERROR] src.autoclave.devices.door: Error: Estado inicial de puerta inconsistente .
2026-01-19 17:45:47,197 [INFO] src.autoclave.devices.door: Recuperación de error: Estado detectado CERRADO.
2026-01-19 17:45:47,498 [INFO] src.autoclave.devices.door: Recuperación de error: Estado detectado CERRADO.
2026-01-19 17:45:47,498 [INFO] __main__: Puerta Puerta 1: ERROR -> CERRADO
2026-01-19 17:45:47,498 [INFO] __main__: Puerta Puerta 1 cerrada.
2026-01-19 17:45:47,499 [INFO] __main__: Puerta Puerta 2: ERROR -> CERRADO
2026-01-19 17:45:47,499 [INFO] __main__: Puerta Puerta 2 cerrada.
2026-01-19 17:45:52,008 [ERROR] src.autoclave.devices.door: Error: Inconsistencia detectada, puerta no está cerrada.
2026-01-19 17:45:52,010 [INFO] __main__: Puerta Puerta 1: CERRADO -> ERROR
2026-01-19 17:45:52,011 [ERROR] __main__: ¡Error en puerta Puerta 1!
2026-01-19 17:45:53,512 [INFO] src.autoclave.devices.door: Recuperación de error: Estado detectado ABIERTO.
2026-01-19 17:45:53,514 [INFO] __main__: Puerta Puerta 1: ERROR -> ABIERTO
2026-01-19 17:45:53,514 [INFO] __main__: Puerta Puerta 1 abierta.
2026-01-19 17:46:21,523 [INFO] __main__: Comando de cierre de puerta enviado.
2026-01-19 17:46:22,043 [INFO] src.autoclave.devices.door: Bomba de vacio encendida.
2026-01-19 17:46:22,044 [INFO] src.autoclave.devices.door: Desbloqueo de puerta activado.
2026-01-19 17:46:22,044 [INFO] src.autoclave.devices.door: Iniciando cierre de puerta.
2026-01-19 17:46:22,045 [INFO] __main__: Puerta Puerta 1: ABIERTO -> CERRANDO
2026-01-19 17:46:22,045 [INFO] __main__: Puerta Puerta 1 cerrándose...
2026-01-19 17:46:41,568 [INFO] src.autoclave.devices.door: Desbloqueo de puerta desactivado.
2026-01-19 17:46:41,569 [INFO] src.autoclave.devices.door: Bomba de vacio apagada.
2026-01-19 17:46:43,072 [INFO] src.autoclave.devices.door: Desbloqueo de puerta desactivado.
2026-01-19 17:46:43,072 [INFO] src.autoclave.devices.door: Bomba de vacio apagada.
2026-01-19 17:46:44,577 [INFO] src.autoclave.devices.door: Desbloqueo de puerta desactivado.
2026-01-19 17:46:44,579 [INFO] src.autoclave.devices.door: Bomba de vacio apagada.
2026-01-19 17:46:46,082 [INFO] src.autoclave.devices.door: Desbloqueo de puerta desactivado.
2026-01-19 17:46:46,084 [INFO] src.autoclave.devices.door: Bomba de vacio apagada.
2026-01-19 17:46:47,589 [INFO] src.autoclave.devices.door: Desbloqueo de puerta desactivado.
2026-01-19 17:46:47,590 [INFO] src.autoclave.devices.door: Bomba de vacio apagada.
2026-01-19 17:46:49,093 [INFO] src.autoclave.devices.door: Desbloqueo de puerta desactivado.
2026-01-19 17:46:49,094 [INFO] src.autoclave.devices.door: Bomba de vacio apagada.
2026-01-19 17:46:50,598 [INFO] src.autoclave.devices.door: Desbloqueo de puerta desactivado.
2026-01-19 17:46:50,599 [INFO] src.autoclave.devices.door: Bomba de vacio apagada.
2026-01-19 17:46:52,103 [INFO] src.autoclave.devices.door: Desbloqueo de puerta desactivado.
2026-01-19 17:46:52,104 [INFO] src.autoclave.devices.door: Bomba de vacio apagada.
2026-01-19 17:46:52,106 [INFO] src.autoclave.devices.door: Bloqueo de puerta desactivado.
2026-01-19 17:46:52,107 [INFO] src.autoclave.devices.door: Puerta cerrada correctamente.
2026-01-19 17:46:52,108 [INFO] __main__: Puerta Puerta 1: CERRANDO -> CERRADO
2026-01-19 17:46:52,108 [INFO] __main__: Puerta Puerta 1 cerrada.
2026-01-19 17:47:02,628 [ERROR] src.autoclave.devices.door: Error: Inconsistencia detectada, presión de empaque insuficiente.
2026-01-19 17:47:02,630 [INFO] __main__: Puerta Puerta 1: CERRADO -> ERROR
2026-01-19 17:47:02,630 [ERROR] __main__: ¡Error en puerta Puerta 1!
2026-01-19 17:47:24,255 [INFO] src.autoclave.devices.door: Recuperación de error: Estado detectado CERRADO.
2026-01-19 17:47:24,257 [INFO] __main__: Puerta Puerta 1: ERROR -> CERRADO
2026-01-19 17:47:24,258 [INFO] __main__: Puerta Puerta 1 cerrada.
2026-01-19 17:47:38,041 [INFO] __main__: Comando de apertura de puerta enviado.
2026-01-19 17:47:39,289 [INFO] src.autoclave.devices.door: Bloqueo de puerta desactivado.
2026-01-19 17:47:39,291 [INFO] src.autoclave.devices.door: Actuador de cierre desactivado.
2026-01-19 17:47:39,293 [INFO] src.autoclave.devices.door: Bomba de vacio encendida.
2026-01-19 17:47:39,294 [INFO] src.autoclave.devices.door: Desbloqueo de puerta activado.
2026-01-19 17:47:39,294 [INFO] src.autoclave.devices.door: presion empaque: 306.6 kPa.
2026-01-19 17:47:39,295 [INFO] __main__: Puerta Puerta 1: CERRADO -> ABRIENDO
2026-01-19 17:47:39,295 [INFO] __main__: Puerta Puerta 1 abriéndose...
2026-01-19 17:47:40,796 [INFO] src.autoclave.devices.door: presion empaque: 306.2 kPa.
2026-01-19 17:47:42,298 [INFO] src.autoclave.devices.door: presion empaque: 305.97 kPa.
2026-01-19 17:47:43,801 [INFO] src.autoclave.devices.door: presion empaque: 306.28 kPa.
2026-01-19 17:47:45,303 [INFO] src.autoclave.devices.door: presion empaque: 307.29 kPa.
2026-01-19 17:47:46,804 [INFO] src.autoclave.devices.door: presion empaque: 308.55 kPa.
2026-01-19 17:47:48,306 [INFO] src.autoclave.devices.door: presion empaque: 310.11 kPa.
2026-01-19 17:47:49,809 [INFO] src.autoclave.devices.door: presion empaque: 309.79 kPa.
2026-01-19 17:47:51,311 [INFO] src.autoclave.devices.door: presion empaque: 306.77 kPa.
2026-01-19 17:47:52,812 [INFO] src.autoclave.devices.door: presion empaque: 305.69 kPa.
2026-01-19 17:47:54,314 [INFO] src.autoclave.devices.door: presion empaque: 306.95 kPa.
2026-01-19 17:47:55,817 [INFO] src.autoclave.devices.door: presion empaque: 17.66 kPa.
2026-01-19 17:47:55,818 [INFO] src.autoclave.devices.door: Actuador de apertura activado.
2026-01-19 17:47:57,319 [INFO] src.autoclave.devices.door: presion empaque: 0.24 kPa.
2026-01-19 17:47:57,320 [INFO] src.autoclave.devices.door: Actuador de apertura activado.
2026-01-19 17:47:58,823 [INFO] src.autoclave.devices.door: presion empaque: 0.0 kPa.
2026-01-19 17:47:58,824 [INFO] src.autoclave.devices.door: Actuador de apertura activado.
2026-01-19 17:48:00,327 [INFO] src.autoclave.devices.door: presion empaque: 0.0 kPa.
2026-01-19 17:48:00,329 [INFO] src.autoclave.devices.door: Actuador de apertura activado.
2026-01-19 17:48:01,832 [INFO] src.autoclave.devices.door: presion empaque: 0.0 kPa.
2026-01-19 17:48:01,832 [INFO] src.autoclave.devices.door: Actuador de apertura activado.
2026-01-19 17:48:03,334 [INFO] src.autoclave.devices.door: presion empaque: 0.0 kPa.
2026-01-19 17:48:03,335 [INFO] src.autoclave.devices.door: Actuador de apertura activado.
2026-01-19 17:48:04,836 [INFO] src.autoclave.devices.door: presion empaque: 0.0 kPa.
2026-01-19 17:48:04,838 [INFO] src.autoclave.devices.door: Actuador de apertura activado.
2026-01-19 17:48:06,340 [INFO] src.autoclave.devices.door: presion empaque: 0.0 kPa.
2026-01-19 17:48:06,342 [INFO] src.autoclave.devices.door: Actuador de apertura activado.
2026-01-19 17:48:07,844 [INFO] src.autoclave.devices.door: presion empaque: 0.0 kPa.
2026-01-19 17:48:07,845 [INFO] src.autoclave.devices.door: Actuador de apertura activado.
2026-01-19 17:48:09,348 [INFO] src.autoclave.devices.door: presion empaque: 0.0 kPa.
2026-01-19 17:48:09,348 [INFO] src.autoclave.devices.door: Actuador de apertura activado.
2026-01-19 17:48:09,349 [INFO] src.autoclave.devices.door: Actuador de apertura desactivado.
2026-01-19 17:48:09,349 [INFO] src.autoclave.devices.door: Bomba de vacio apagada.
2026-01-19 17:48:09,350 [INFO] src.autoclave.devices.door: Desbloqueo de puerta desactivado.
2026-01-19 17:48:09,351 [INFO] src.autoclave.devices.door: Puerta abierta correctamente.
2026-01-19 17:48:09,353 [INFO] __main__: Puerta Puerta 1: ABRIENDO -> ABIERTO
2026-01-19 17:48:09,353 [INFO] __main__: Puerta Puerta 1 abierta.
2026-01-19 17:48:30,365 [INFO] __main__: Comando de cierre de puerta enviado.
2026-01-19 17:48:30,376 [INFO] src.autoclave.devices.door: Bomba de vacio encendida.
2026-01-19 17:48:30,376 [INFO] src.autoclave.devices.door: Desbloqueo de puerta activado.
2026-01-19 17:48:30,377 [INFO] src.autoclave.devices.door: Iniciando cierre de puerta.
2026-01-19 17:48:30,378 [INFO] __main__: Puerta Puerta 1: ABIERTO -> CERRANDO
2026-01-19 17:48:30,378 [INFO] __main__: Puerta Puerta 1 cerrándose...
2026-01-19 17:48:51,402 [INFO] src.autoclave.devices.door: Actuador de cierre desactivado.
2026-01-19 17:48:51,402 [INFO] src.autoclave.devices.door: Bomba de vacio apagada.
2026-01-19 17:48:51,404 [INFO] __main__: Puerta Puerta 1: CERRANDO -> ATRAPADA
2026-01-19 17:48:51,405 [ERROR] __main__: ¡Puerta Puerta 1 atrapada!
2026-01-19 17:48:52,906 [INFO] src.autoclave.devices.door: Actuador de cierre desactivado.
2026-01-19 17:48:52,907 [INFO] src.autoclave.devices.door: Bomba de vacio apagada.
2026-01-19 17:48:52,907 [INFO] src.autoclave.devices.door: Desbloqueo de puerta desactivado.
2026-01-19 17:48:52,907 [INFO] src.autoclave.devices.door: Puerta atrapada, intentando apertura automática.
2026-01-19 17:48:52,908 [INFO] src.autoclave.devices.door: Puerta liberada y abierta correctamente.
2026-01-19 17:48:52,909 [INFO] __main__: Puerta Puerta 1: ATRAPADA -> ABIERTO
2026-01-19 17:48:52,909 [INFO] __main__: Puerta Puerta 1 abierta.
2026-01-19 17:50:52,212 [INFO] __main__: Comando de cierre de puerta enviado.
2026-01-19 17:50:53,033 [INFO] src.autoclave.devices.door: Actuador de cierre desactivado.
2026-01-19 17:50:53,034 [INFO] src.autoclave.devices.door: Bomba de vacio apagada.
2026-01-19 17:50:53,036 [INFO] __main__: Puerta Puerta 1: ABIERTO -> ATRAPADA
2026-01-19 17:50:53,037 [ERROR] __main__: ¡Puerta Puerta 1 atrapada!
2026-01-19 17:50:54,538 [INFO] src.autoclave.devices.door: Actuador de cierre desactivado.
2026-01-19 17:50:54,539 [INFO] src.autoclave.devices.door: Bomba de vacio apagada.
2026-01-19 17:50:54,540 [INFO] src.autoclave.devices.door: Desbloqueo de puerta desactivado.
2026-01-19 17:50:54,540 [INFO] src.autoclave.devices.door: Puerta atrapada, intentando apertura automática.
2026-01-19 17:50:54,541 [INFO] src.autoclave.devices.door: Puerta liberada y abierta correctamente.
2026-01-19 17:50:54,541 [INFO] __main__: Puerta Puerta 1: ATRAPADA -> ABIERTO
2026-01-19 17:50:54,542 [INFO] __main__: Puerta Puerta 1 abierta.
2026-01-19 17:53:36,347 [INFO] src.autoclave.ui.ui_main.main_window: ⏻ Apagando equipo...
2026-01-19 17:53:39,400 [INFO] __main__: Cerrando la aplicación Autoclave...
2026-01-19 17:53:39,434 [INFO] autoclave: Deteniendo SerialLink...
2026-01-19 17:53:40,583 [INFO] autoclave: Puerto serial cerrado.
2026-01-19 17:53:40,583 [INFO] src.autoclave.services.control_loop: Flujo de datos detenido.
2026-01-19 17:53:48,575 [INFO] sqlalchemy.engine.Engine: BEGIN (implicit)
2026-01-19 17:53:48,576 [INFO] sqlalchemy.engine.Engine: PRAGMA main.table_info("ac_puerto")
2026-01-19 17:53:48,576 [INFO] sqlalchemy.engine.Engine: [raw sql] ()
2026-01-19 17:53:48,576 [INFO] sqlalchemy.engine.Engine: PRAGMA main.table_info("ac_pantalla_control")
2026-01-19 17:53:48,577 [INFO] sqlalchemy.engine.Engine: [raw sql] ()
2026-01-19 17:53:48,577 [INFO] sqlalchemy.engine.Engine: PRAGMA main.table_info("proceso_control")
2026-01-19 17:53:48,577 [INFO] sqlalchemy.engine.Engine: [raw sql] ()
2026-01-19 17:53:48,577 [INFO] sqlalchemy.engine.Engine: PRAGMA main.table_info("proceso_fase")
2026-01-19 17:53:48,578 [INFO] sqlalchemy.engine.Engine: [raw sql] ()
2026-01-19 17:53:48,578 [INFO] sqlalchemy.engine.Engine: PRAGMA main.table_info("proceso_fase_parametro")
2026-01-19 17:53:48,578 [INFO] sqlalchemy.engine.Engine: [raw sql] ()
2026-01-19 17:53:48,579 [INFO] sqlalchemy.engine.Engine: COMMIT
2026-01-19 17:53:48,713 [INFO] __main__: Iniciando la aplicación Autoclave...
2026-01-19 17:53:48,719 [INFO] autoclave: Iniciando SerialLink...
2026-01-19 17:53:48,720 [INFO] autoclave: SerialLink id: 2022585262032
2026-01-19 17:53:48,764 [INFO] src.autoclave.services.control_loop: Iniciando el bucle de control...
2026-01-19 17:53:48,764 [INFO] autoclave: SerialLink id: 2022585262032
2026-01-19 17:53:48,764 [INFO] src.autoclave.services.control_loop: Esperando conexión con ESP32...
2026-01-19 17:53:48,767 [INFO] autoclave: connected: True
2026-01-19 17:53:48,768 [INFO] autoclave: Conectado a ESP32 en COM3
2026-01-19 17:53:48,924 [INFO] src.autoclave.ui.ui_main.main_window: ✅ Interfaz creada correctamente.
2026-01-19 17:53:48,965 [INFO] autoclave: SerialLink id: 2022585262032
2026-01-19 17:53:48,965 [INFO] autoclave: SerialLink id: 2022585262032
2026-01-19 17:53:48,966 [INFO] src.autoclave.services.control_loop: Conexión establecida. Iniciando actualización de puertas...
2026-01-19 17:53:49,967 [ERROR] src.autoclave.devices.door: Error: Estado inicial de puerta inconsistente .
2026-01-19 17:53:49,967 [ERROR] src.autoclave.devices.door: Error: Estado inicial de puerta inconsistente .
2026-01-19 17:53:53,870 [INFO] src.autoclave.devices.door: Recuperación de error: Estado detectado CERRADO.
2026-01-19 17:53:54,172 [INFO] src.autoclave.devices.door: Recuperación de error: Estado detectado CERRADO.
2026-01-19 17:53:54,172 [INFO] __main__: Puerta Puerta 1: ERROR -> CERRADO
2026-01-19 17:53:54,172 [INFO] __main__: Puerta Puerta 1 cerrada.
2026-01-19 17:53:54,172 [INFO] __main__: Puerta Puerta 2: ERROR -> CERRADO
2026-01-19 17:53:54,172 [INFO] __main__: Puerta Puerta 2 cerrada.
2026-01-19 17:54:07,701 [ERROR] src.autoclave.devices.door: Error: Inconsistencia detectada, puerta no está cerrada.
2026-01-19 17:54:07,703 [INFO] __main__: Puerta Puerta 1: CERRADO -> ERROR
2026-01-19 17:54:07,703 [ERROR] __main__: ¡Error en puerta Puerta 1!
2026-01-19 17:54:09,205 [ERROR] src.autoclave.devices.door: Error persistente: Estado de puerta inconsistente.
2026-01-19 17:54:10,708 [ERROR] src.autoclave.devices.door: Error persistente: Estado de puerta inconsistente.
2026-01-19 17:54:12,210 [ERROR] src.autoclave.devices.door: Error persistente: Estado de puerta inconsistente.
2026-01-19 17:54:13,712 [ERROR] src.autoclave.devices.door: Error persistente: Estado de puerta inconsistente.
2026-01-19 17:54:15,514 [INFO] src.autoclave.devices.door: Recuperación de error: Estado detectado CERRADO.
2026-01-19 17:54:15,515 [INFO] __main__: Puerta Puerta 1: ERROR -> CERRADO
2026-01-19 17:54:15,516 [INFO] __main__: Puerta Puerta 1 cerrada.
2026-01-19 17:54:20,025 [ERROR] src.autoclave.devices.door: Error: Inconsistencia detectada, puerta no puede estar abierta y cerrada a la vez.
2026-01-19 17:54:20,026 [INFO] __main__: Puerta Puerta 1: CERRADO -> ERROR
2026-01-19 17:54:20,027 [ERROR] __main__: ¡Error en puerta Puerta 1!
2026-01-19 17:54:21,528 [ERROR] src.autoclave.devices.door: Error persistente: Estado de puerta inconsistente.
2026-01-19 17:54:23,031 [ERROR] src.autoclave.devices.door: Error persistente: Estado de puerta inconsistente.
2026-01-19 17:54:24,534 [ERROR] src.autoclave.devices.door: Error persistente: Estado de puerta inconsistente.
2026-01-19 17:54:26,036 [ERROR] src.autoclave.devices.door: Error persistente: Estado de puerta inconsistente.
2026-01-19 17:54:27,539 [ERROR] src.autoclave.devices.door: Error persistente: Estado de puerta inconsistente.
2026-01-19 17:54:29,340 [INFO] src.autoclave.devices.door: Recuperación de error: Estado detectado CERRADO.
2026-01-19 17:54:29,341 [INFO] __main__: Puerta Puerta 1: ERROR -> CERRADO
2026-01-19 17:54:29,341 [INFO] __main__: Puerta Puerta 1 cerrada.
2026-01-19 17:55:18,009 [INFO] __main__: Comando de apertura de puerta enviado.
2026-01-19 17:55:18,950 [INFO] src.autoclave.devices.door: Bloqueo de puerta desactivado.
2026-01-19 17:55:18,952 [INFO] src.autoclave.devices.door: Actuador de cierre desactivado.
2026-01-19 17:55:18,953 [INFO] src.autoclave.devices.door: Bomba de vacio encendida.
2026-01-19 17:55:18,954 [INFO] src.autoclave.devices.door: Desbloqueo de puerta activado.
2026-01-19 17:55:18,955 [INFO] src.autoclave.devices.door: presion empaque: 304.31 kPa.
2026-01-19 17:55:18,956 [INFO] __main__: Puerta Puerta 1: CERRADO -> ABRIENDO
2026-01-19 17:55:18,956 [INFO] __main__: Puerta Puerta 1 abriéndose...
2026-01-19 17:55:20,458 [INFO] src.autoclave.devices.door: presion empaque: 302.16 kPa.
2026-01-19 17:55:21,959 [INFO] src.autoclave.devices.door: presion empaque: 302.88 kPa.
2026-01-19 17:55:23,462 [INFO] src.autoclave.devices.door: presion empaque: 302.26 kPa.
2026-01-19 17:55:24,963 [INFO] src.autoclave.devices.door: presion empaque: 299.54 kPa.
2026-01-19 17:55:26,467 [INFO] src.autoclave.devices.door: presion empaque: 4.15 kPa.
2026-01-19 17:55:26,468 [INFO] src.autoclave.devices.door: Actuador de apertura activado.
2026-01-19 17:55:27,969 [INFO] src.autoclave.devices.door: presion empaque: 0.06 kPa.
2026-01-19 17:55:27,972 [INFO] src.autoclave.devices.door: Actuador de apertura activado.
2026-01-19 17:55:29,474 [INFO] src.autoclave.devices.door: presion empaque: 0.0 kPa.
2026-01-19 17:55:29,475 [INFO] src.autoclave.devices.door: Actuador de apertura activado.
2026-01-19 17:55:30,978 [INFO] src.autoclave.devices.door: presion empaque: 0.0 kPa.
2026-01-19 17:55:30,980 [INFO] src.autoclave.devices.door: Actuador de apertura activado.
2026-01-19 17:55:32,483 [INFO] src.autoclave.devices.door: presion empaque: 0.0 kPa.
2026-01-19 17:55:32,484 [INFO] src.autoclave.devices.door: Actuador de apertura activado.
2026-01-19 17:55:33,986 [INFO] src.autoclave.devices.door: presion empaque: 0.0 kPa.
2026-01-19 17:55:33,987 [INFO] src.autoclave.devices.door: Actuador de apertura activado.
2026-01-19 17:55:35,489 [INFO] src.autoclave.devices.door: presion empaque: 0.0 kPa.
2026-01-19 17:55:35,490 [INFO] src.autoclave.devices.door: Actuador de apertura activado.
2026-01-19 17:55:36,992 [INFO] src.autoclave.devices.door: presion empaque: 0.0 kPa.
2026-01-19 17:55:36,993 [INFO] src.autoclave.devices.door: Actuador de apertura activado.
2026-01-19 17:55:38,495 [INFO] src.autoclave.devices.door: presion empaque: 0.0 kPa.
2026-01-19 17:55:38,497 [INFO] src.autoclave.devices.door: Actuador de apertura activado.
2026-01-19 17:55:39,999 [INFO] src.autoclave.devices.door: presion empaque: 0.0 kPa.
2026-01-19 17:55:40,001 [INFO] src.autoclave.devices.door: Actuador de apertura activado.
2026-01-19 17:55:41,503 [INFO] src.autoclave.devices.door: presion empaque: 0.0 kPa.
2026-01-19 17:55:41,504 [INFO] src.autoclave.devices.door: Actuador de apertura activado.
2026-01-19 17:55:43,006 [INFO] src.autoclave.devices.door: presion empaque: 0.0 kPa.
2026-01-19 17:55:43,007 [INFO] src.autoclave.devices.door: Actuador de apertura activado.
2026-01-19 17:55:44,508 [INFO] src.autoclave.devices.door: presion empaque: 0.0 kPa.
2026-01-19 17:55:44,509 [INFO] src.autoclave.devices.door: Actuador de apertura activado.
2026-01-19 17:55:46,011 [INFO] src.autoclave.devices.door: presion empaque: 0.0 kPa.
2026-01-19 17:55:46,013 [INFO] src.autoclave.devices.door: Actuador de apertura activado.
2026-01-19 17:55:47,516 [INFO] src.autoclave.devices.door: presion empaque: 0.0 kPa.
2026-01-19 17:55:47,517 [INFO] src.autoclave.devices.door: Actuador de apertura activado.
2026-01-19 17:55:49,020 [INFO] src.autoclave.devices.door: presion empaque: 0.0 kPa.
2026-01-19 17:55:49,021 [INFO] src.autoclave.devices.door: Actuador de apertura activado.
2026-01-19 17:55:50,522 [INFO] src.autoclave.devices.door: presion empaque: 0.0 kPa.
2026-01-19 17:55:50,524 [INFO] src.autoclave.devices.door: Actuador de apertura activado.
2026-01-19 17:55:52,026 [INFO] src.autoclave.devices.door: presion empaque: 0.0 kPa.
2026-01-19 17:55:52,027 [INFO] src.autoclave.devices.door: Actuador de apertura activado.
2026-01-19 17:55:53,529 [INFO] src.autoclave.devices.door: presion empaque: 0.0 kPa.
2026-01-19 17:55:53,530 [INFO] src.autoclave.devices.door: Actuador de apertura activado.
2026-01-19 17:55:55,032 [INFO] src.autoclave.devices.door: presion empaque: 0.0 kPa.
2026-01-19 17:55:55,034 [INFO] src.autoclave.devices.door: Actuador de apertura activado.
2026-01-19 17:55:55,035 [INFO] src.autoclave.devices.door: Actuador de apertura desactivado.
2026-01-19 17:55:55,037 [INFO] src.autoclave.devices.door: Bomba de vacio apagada.
2026-01-19 17:55:55,038 [INFO] src.autoclave.devices.door: Desbloqueo de puerta desactivado.
2026-01-19 17:55:55,038 [INFO] src.autoclave.devices.door: Puerta abierta correctamente.
2026-01-19 17:55:55,039 [INFO] __main__: Puerta Puerta 1: ABRIENDO -> ABIERTO
2026-01-19 17:55:55,039 [INFO] __main__: Puerta Puerta 1 abierta.
2026-01-19 17:56:11,844 [INFO] __main__: Comando de cierre de puerta enviado.
2026-01-19 17:56:13,057 [INFO] src.autoclave.devices.door: Bomba de vacio encendida.
2026-01-19 17:56:13,058 [INFO] src.autoclave.devices.door: Desbloqueo de puerta activado.
2026-01-19 17:56:13,058 [INFO] src.autoclave.devices.door: Iniciando cierre de puerta.
2026-01-19 17:56:13,060 [INFO] __main__: Puerta Puerta 1: ABIERTO -> CERRANDO
2026-01-19 17:56:13,060 [INFO] __main__: Puerta Puerta 1 cerrándose...
2026-01-19 17:56:34,092 [ERROR] src.autoclave.devices.door: Error: Inconsistencia detectada, presión de empaque insuficiente.
2026-01-19 17:56:34,093 [INFO] __main__: Puerta Puerta 2: CERRADO -> ERROR
2026-01-19 17:56:34,094 [ERROR] __main__: ¡Error en puerta Puerta 2!
2026-01-19 17:56:35,896 [INFO] src.autoclave.devices.door: Recuperación de error: Estado detectado CERRADO.
2026-01-19 17:56:35,896 [INFO] __main__: Puerta Puerta 2: ERROR -> CERRADO
2026-01-19 17:56:35,896 [INFO] __main__: Puerta Puerta 2 cerrada.
2026-01-20 07:35:35,383 [INFO] sqlalchemy.engine.Engine: BEGIN (implicit)
2026-01-20 07:35:35,383 [INFO] sqlalchemy.engine.Engine: PRAGMA main.table_info("ac_puerto")
2026-01-20 07:35:35,384 [INFO] sqlalchemy.engine.Engine: [raw sql] ()
2026-01-20 07:35:35,384 [INFO] sqlalchemy.engine.Engine: PRAGMA main.table_info("ac_pantalla_control")
2026-01-20 07:35:35,384 [INFO] sqlalchemy.engine.Engine: [raw sql] ()
2026-01-20 07:35:35,385 [INFO] sqlalchemy.engine.Engine: PRAGMA main.table_info("proceso_control")
2026-01-20 07:35:35,385 [INFO] sqlalchemy.engine.Engine: [raw sql] ()
2026-01-20 07:35:35,385 [INFO] sqlalchemy.engine.Engine: PRAGMA main.table_info("proceso_fase")
2026-01-20 07:35:35,385 [INFO] sqlalchemy.engine.Engine: [raw sql] ()
2026-01-20 07:35:35,386 [INFO] sqlalchemy.engine.Engine: PRAGMA main.table_info("proceso_fase_parametro")
2026-01-20 07:35:35,386 [INFO] sqlalchemy.engine.Engine: [raw sql] ()
2026-01-20 07:35:35,386 [INFO] sqlalchemy.engine.Engine: COMMIT
2026-01-20 07:35:35,746 [INFO] __main__: Iniciando la aplicación Autoclave...
2026-01-20 07:35:35,775 [INFO] autoclave: Iniciando SerialLink...
2026-01-20 07:35:35,776 [INFO] autoclave: SerialLink id: 1750192152528
2026-01-20 07:35:35,776 [INFO] src.autoclave.services.control_loop: Iniciando el bucle de control...
2026-01-20 07:35:36,882 [INFO] autoclave: SerialLink id: 1750192152528
2026-01-20 07:35:36,882 [INFO] src.autoclave.services.control_loop: Esperando conexión con ESP32...
2026-01-20 07:35:36,886 [INFO] autoclave: connected: True
2026-01-20 07:35:36,886 [INFO] autoclave: Conectado a ESP32 en COM3
2026-01-20 07:35:37,083 [INFO] autoclave: SerialLink id: 1750192152528
2026-01-20 07:35:37,084 [INFO] autoclave: SerialLink id: 1750192152528
2026-01-20 07:35:37,084 [INFO] src.autoclave.services.control_loop: Conexión establecida. Iniciando actualización de puertas...
2026-01-20 07:35:37,264 [INFO] src.autoclave.ui.ui_main.main_window: ✅ Interfaz creada correctamente.
2026-01-20 07:35:38,084 [ERROR] src.autoclave.devices.door: Error: Estado inicial de puerta inconsistente .
2026-01-20 07:35:38,085 [ERROR] src.autoclave.devices.door: Error: Estado inicial de puerta inconsistente .
2026-01-20 07:35:39,586 [INFO] src.autoclave.devices.door: Recuperación de error: Estado detectado ABIERTO.
2026-01-20 07:35:39,886 [INFO] __main__: Puerta Puerta 1: ERROR -> ABIERTO
2026-01-20 07:35:39,887 [INFO] __main__: Puerta Puerta 1 abierta.
2026-01-20 07:36:39,221 [INFO] src.autoclave.ui.ui_main.main_window: ⏻ Apagando equipo...
2026-01-20 07:36:42,256 [INFO] __main__: Cerrando la aplicación Autoclave...
2026-01-20 07:36:42,290 [INFO] autoclave: Deteniendo SerialLink...
2026-01-20 07:36:42,897 [INFO] autoclave: Puerto serial cerrado.
2026-01-20 07:36:42,899 [INFO] src.autoclave.services.control_loop: Flujo de datos detenido.
2026-01-20 07:36:45,959 [INFO] sqlalchemy.engine.Engine: BEGIN (implicit)
2026-01-20 07:36:45,959 [INFO] sqlalchemy.engine.Engine: PRAGMA main.table_info("ac_puerto")
2026-01-20 07:36:45,959 [INFO] sqlalchemy.engine.Engine: [raw sql] ()
2026-01-20 07:36:45,960 [INFO] sqlalchemy.engine.Engine: PRAGMA main.table_info("ac_pantalla_control")
2026-01-20 07:36:45,960 [INFO] sqlalchemy.engine.Engine: [raw sql] ()
2026-01-20 07:36:45,960 [INFO] sqlalchemy.engine.Engine: PRAGMA main.table_info("proceso_control")
2026-01-20 07:36:45,961 [INFO] sqlalchemy.engine.Engine: [raw sql] ()
2026-01-20 07:36:45,961 [INFO] sqlalchemy.engine.Engine: PRAGMA main.table_info("proceso_fase")
2026-01-20 07:36:45,961 [INFO] sqlalchemy.engine.Engine: [raw sql] ()
2026-01-20 07:36:45,961 [INFO] sqlalchemy.engine.Engine: PRAGMA main.table_info("proceso_fase_parametro")
2026-01-20 07:36:45,961 [INFO] sqlalchemy.engine.Engine: [raw sql] ()
2026-01-20 07:36:45,962 [INFO] sqlalchemy.engine.Engine: COMMIT
2026-01-20 07:36:46,061 [INFO] __main__: Iniciando la aplicación Autoclave...
2026-01-20 07:36:46,067 [INFO] autoclave: Iniciando SerialLink...
2026-01-20 07:36:46,068 [INFO] autoclave: SerialLink id: 2715040718800
2026-01-20 07:36:46,113 [INFO] src.autoclave.services.control_loop: Iniciando el bucle de control...
2026-01-20 07:36:46,113 [INFO] autoclave: SerialLink id: 2715040718800
2026-01-20 07:36:46,114 [INFO] src.autoclave.services.control_loop: Esperando conexión con ESP32...
2026-01-20 07:36:46,116 [INFO] autoclave: connected: True
2026-01-20 07:36:46,116 [INFO] autoclave: Conectado a ESP32 en COM3
2026-01-20 07:36:46,255 [INFO] src.autoclave.ui.ui_main.main_window: ✅ Interfaz creada correctamente.
2026-01-20 07:36:46,314 [INFO] autoclave: SerialLink id: 2715040718800
2026-01-20 07:36:46,315 [INFO] autoclave: SerialLink id: 2715040718800
2026-01-20 07:36:46,315 [INFO] src.autoclave.services.control_loop: Conexión establecida. Iniciando actualización de puertas...
2026-01-20 07:36:47,315 [ERROR] src.autoclave.devices.door: Error: Estado inicial de puerta inconsistente .
2026-01-20 07:36:47,316 [ERROR] src.autoclave.devices.door: Error: Estado inicial de puerta inconsistente .
2026-01-20 07:37:41,659 [INFO] src.autoclave.devices.door: Recuperación de error: Estado detectado CERRADO.
2026-01-20 07:37:41,961 [INFO] src.autoclave.devices.door: Recuperación de error: Estado detectado CERRADO.
2026-01-20 07:37:41,962 [INFO] __main__: Puerta Puerta 1: ERROR -> CERRADO
2026-01-20 07:37:41,962 [INFO] __main__: Puerta Puerta 1 cerrada.
2026-01-20 07:37:41,962 [INFO] __main__: Puerta Puerta 2: ERROR -> CERRADO
2026-01-20 07:37:41,963 [INFO] __main__: Puerta Puerta 2 cerrada.
2026-01-20 07:39:43,738 [ERROR] src.autoclave.devices.door: Error: Inconsistencia detectada, presión de empaque insuficiente.
2026-01-20 07:39:43,740 [ERROR] src.autoclave.devices.door: Error: Inconsistencia detectada, presión de empaque insuficiente.
2026-01-20 07:39:43,741 [INFO] __main__: Puerta Puerta 1: CERRADO -> ERROR
2026-01-20 07:39:43,742 [ERROR] __main__: ¡Error en puerta Puerta 1!
2026-01-20 07:39:43,742 [INFO] __main__: Puerta Puerta 2: CERRADO -> ERROR
2026-01-20 07:39:43,743 [ERROR] __main__: ¡Error en puerta Puerta 2!
2026-01-20 07:50:53,377 [WARNING] src.autoclave.services.puertas.ser_puertas: No se puede abrir la puerta: otra puerta está abierta.
2026-01-20 07:50:53,378 [WARNING] __main__: Apertura de puerta denegada por condiciones de seguridad.
2026-01-20 07:54:04,860 [INFO] src.autoclave.devices.door: Recuperación de error: Estado detectado ABIERTO.
2026-01-20 07:54:05,161 [INFO] __main__: Puerta Puerta 1: ERROR -> ABIERTO
2026-01-20 07:54:05,162 [INFO] __main__: Puerta Puerta 1 abierta.
2026-01-20 07:55:25,079 [INFO] src.autoclave.ui.ui_main.main_window: ⏻ Apagando equipo...
2026-01-20 07:55:28,142 [INFO] __main__: Cerrando la aplicación Autoclave...
2026-01-20 07:55:28,176 [INFO] autoclave: Deteniendo SerialLink...
2026-01-20 07:55:28,287 [INFO] autoclave: Puerto serial cerrado.
2026-01-20 07:55:28,288 [INFO] src.autoclave.services.control_loop: Flujo de datos detenido.
2026-01-20 07:56:16,436 [INFO] sqlalchemy.engine.Engine: BEGIN (implicit)
2026-01-20 07:56:16,437 [INFO] sqlalchemy.engine.Engine: PRAGMA main.table_info("ac_puerto")
2026-01-20 07:56:16,437 [INFO] sqlalchemy.engine.Engine: [raw sql] ()
2026-01-20 07:56:16,438 [INFO] sqlalchemy.engine.Engine: PRAGMA main.table_info("ac_pantalla_control")
2026-01-20 07:56:16,438 [INFO] sqlalchemy.engine.Engine: [raw sql] ()
2026-01-20 07:56:16,439 [INFO] sqlalchemy.engine.Engine: PRAGMA main.table_info("proceso_control")
2026-01-20 07:56:16,439 [INFO] sqlalchemy.engine.Engine: [raw sql] ()
2026-01-20 07:56:16,439 [INFO] sqlalchemy.engine.Engine: PRAGMA main.table_info("proceso_fase")
2026-01-20 07:56:16,440 [INFO] sqlalchemy.engine.Engine: [raw sql] ()
2026-01-20 07:56:16,440 [INFO] sqlalchemy.engine.Engine: PRAGMA main.table_info("proceso_fase_parametro")
2026-01-20 07:56:16,440 [INFO] sqlalchemy.engine.Engine: [raw sql] ()
2026-01-20 07:56:16,440 [INFO] sqlalchemy.engine.Engine: COMMIT
2026-01-20 07:56:16,577 [INFO] __main__: Iniciando la aplicación Autoclave...
2026-01-20 07:56:16,584 [INFO] autoclave: Iniciando SerialLink...
2026-01-20 07:56:16,584 [INFO] autoclave: SerialLink id: 1866088685520
2026-01-20 07:56:16,629 [INFO] src.autoclave.services.control_loop: Iniciando el bucle de control...
2026-01-20 07:56:16,629 [INFO] autoclave: SerialLink id: 1866088685520
2026-01-20 07:56:16,630 [INFO] src.autoclave.services.control_loop: Esperando conexión con ESP32...
2026-01-20 07:56:16,631 [INFO] autoclave: connected: True
2026-01-20 07:56:16,632 [INFO] autoclave: Conectado a ESP32 en COM3
2026-01-20 07:56:16,767 [INFO] src.autoclave.ui.ui_main.main_window: ✅ Interfaz creada correctamente.
2026-01-20 07:56:16,830 [INFO] autoclave: SerialLink id: 1866088685520
2026-01-20 07:56:16,830 [INFO] autoclave: SerialLink id: 1866088685520
2026-01-20 07:56:16,830 [INFO] src.autoclave.services.control_loop: Conexión establecida. Iniciando actualización de puertas...
2026-01-20 07:56:18,132 [WARNING] src.autoclave.devices.door: Estado inicial inconsistente: Puerta cerrada pero presión de empaque baja, iniciando cierre.
2026-01-20 07:56:18,434 [WARNING] src.autoclave.devices.door: Estado inicial inconsistente: Puerta cerrada pero presión de empaque baja, iniciando cierre.
2026-01-20 07:56:19,937 [INFO] src.autoclave.devices.door: Bomba de vacio encendida.
2026-01-20 07:56:19,938 [INFO] src.autoclave.devices.door: Desbloqueo de puerta activado.
2026-01-20 07:56:19,938 [INFO] src.autoclave.devices.door: Iniciando cierre de puerta.
2026-01-20 07:56:19,939 [INFO] src.autoclave.devices.door: Desbloqueo de puerta desactivado.
2026-01-20 07:56:19,940 [INFO] src.autoclave.devices.door: Bomba de vacio apagada.
2026-01-20 07:56:19,941 [INFO] src.autoclave.devices.door: Bomba de vacio encendida.
2026-01-20 07:56:19,942 [INFO] src.autoclave.devices.door: Desbloqueo de puerta activado.
2026-01-20 07:56:19,943 [INFO] src.autoclave.devices.door: Iniciando cierre de puerta.
2026-01-20 07:56:19,943 [INFO] src.autoclave.devices.door: Desbloqueo de puerta desactivado.
2026-01-20 07:56:19,944 [INFO] src.autoclave.devices.door: Bomba de vacio apagada.
2026-01-20 07:56:21,447 [INFO] src.autoclave.devices.door: Desbloqueo de puerta desactivado.
2026-01-20 07:56:21,448 [INFO] src.autoclave.devices.door: Bomba de vacio apagada.
2026-01-20 07:56:21,449 [INFO] src.autoclave.devices.door: Desbloqueo de puerta desactivado.
2026-01-20 07:56:21,450 [INFO] src.autoclave.devices.door: Bomba de vacio apagada.
2026-01-20 07:56:22,952 [INFO] src.autoclave.devices.door: Desbloqueo de puerta desactivado.
2026-01-20 07:56:22,953 [INFO] src.autoclave.devices.door: Bomba de vacio apagada.
2026-01-20 07:56:22,954 [INFO] src.autoclave.devices.door: Desbloqueo de puerta desactivado.
2026-01-20 07:56:22,955 [INFO] src.autoclave.devices.door: Bomba de vacio apagada.
2026-01-20 07:56:24,459 [INFO] src.autoclave.devices.door: Desbloqueo de puerta desactivado.
2026-01-20 07:56:24,460 [INFO] src.autoclave.devices.door: Bomba de vacio apagada.
2026-01-20 07:56:24,461 [INFO] src.autoclave.devices.door: Desbloqueo de puerta desactivado.
2026-01-20 07:56:24,462 [INFO] src.autoclave.devices.door: Bomba de vacio apagada.
2026-01-20 07:56:25,965 [INFO] src.autoclave.devices.door: Desbloqueo de puerta desactivado.
2026-01-20 07:56:25,965 [INFO] src.autoclave.devices.door: Bomba de vacio apagada.
2026-01-20 07:56:25,967 [INFO] src.autoclave.devices.door: Desbloqueo de puerta desactivado.
2026-01-20 07:56:25,968 [INFO] src.autoclave.devices.door: Bomba de vacio apagada.
2026-01-20 07:56:27,471 [INFO] src.autoclave.devices.door: Desbloqueo de puerta desactivado.
2026-01-20 07:56:27,472 [INFO] src.autoclave.devices.door: Bomba de vacio apagada.
2026-01-20 07:56:27,474 [INFO] src.autoclave.devices.door: Desbloqueo de puerta desactivado.
2026-01-20 07:56:27,475 [INFO] src.autoclave.devices.door: Bomba de vacio apagada.
2026-01-20 07:56:28,976 [INFO] src.autoclave.devices.door: Desbloqueo de puerta desactivado.
2026-01-20 07:56:28,977 [INFO] src.autoclave.devices.door: Bomba de vacio apagada.
2026-01-20 07:56:28,978 [INFO] src.autoclave.devices.door: Desbloqueo de puerta desactivado.
2026-01-20 07:56:28,979 [INFO] src.autoclave.devices.door: Bomba de vacio apagada.
2026-01-20 07:56:30,481 [INFO] src.autoclave.devices.door: Desbloqueo de puerta desactivado.
2026-01-20 07:56:30,481 [INFO] src.autoclave.devices.door: Bomba de vacio apagada.
2026-01-20 07:56:30,483 [INFO] src.autoclave.devices.door: Desbloqueo de puerta desactivado.
2026-01-20 07:56:30,484 [INFO] src.autoclave.devices.door: Bomba de vacio apagada.
2026-01-20 07:56:31,987 [INFO] src.autoclave.devices.door: Desbloqueo de puerta desactivado.
2026-01-20 07:56:31,987 [INFO] src.autoclave.devices.door: Bomba de vacio apagada.
2026-01-20 07:56:31,989 [INFO] src.autoclave.devices.door: Desbloqueo de puerta desactivado.
2026-01-20 07:56:31,990 [INFO] src.autoclave.devices.door: Bomba de vacio apagada.
2026-01-20 07:56:33,492 [INFO] src.autoclave.devices.door: Desbloqueo de puerta desactivado.
2026-01-20 07:56:33,493 [INFO] src.autoclave.devices.door: Bomba de vacio apagada.
2026-01-20 07:56:33,495 [INFO] src.autoclave.devices.door: Desbloqueo de puerta desactivado.
2026-01-20 07:56:33,495 [INFO] src.autoclave.devices.door: Bomba de vacio apagada.
2026-01-20 07:56:34,997 [INFO] src.autoclave.devices.door: Desbloqueo de puerta desactivado.
2026-01-20 07:56:34,998 [INFO] src.autoclave.devices.door: Bomba de vacio apagada.
2026-01-20 07:56:35,000 [INFO] src.autoclave.devices.door: Desbloqueo de puerta desactivado.
2026-01-20 07:56:35,001 [INFO] src.autoclave.devices.door: Bomba de vacio apagada.
2026-01-20 07:56:36,503 [INFO] src.autoclave.devices.door: Desbloqueo de puerta desactivado.
2026-01-20 07:56:36,505 [INFO] src.autoclave.devices.door: Bomba de vacio apagada.
2026-01-20 07:56:36,506 [INFO] src.autoclave.devices.door: Desbloqueo de puerta desactivado.
2026-01-20 07:56:36,507 [INFO] src.autoclave.devices.door: Bomba de vacio apagada.
2026-01-20 07:56:38,009 [INFO] src.autoclave.devices.door: Desbloqueo de puerta desactivado.
2026-01-20 07:56:38,011 [INFO] src.autoclave.devices.door: Bomba de vacio apagada.
2026-01-20 07:56:38,012 [INFO] src.autoclave.devices.door: Desbloqueo de puerta desactivado.
2026-01-20 07:56:38,013 [INFO] src.autoclave.devices.door: Bomba de vacio apagada.
2026-01-20 07:56:39,515 [INFO] src.autoclave.devices.door: Desbloqueo de puerta desactivado.
2026-01-20 07:56:39,516 [INFO] src.autoclave.devices.door: Bomba de vacio apagada.
2026-01-20 07:56:39,517 [INFO] src.autoclave.devices.door: Desbloqueo de puerta desactivado.
2026-01-20 07:56:39,518 [INFO] src.autoclave.devices.door: Bomba de vacio apagada.
2026-01-20 07:56:41,021 [INFO] src.autoclave.devices.door: Desbloqueo de puerta desactivado.
2026-01-20 07:56:41,023 [INFO] src.autoclave.devices.door: Bomba de vacio apagada.
2026-01-20 07:56:41,025 [INFO] src.autoclave.devices.door: Desbloqueo de puerta desactivado.
2026-01-20 07:56:41,026 [INFO] src.autoclave.devices.door: Bomba de vacio apagada.
2026-01-20 07:56:42,527 [INFO] src.autoclave.devices.door: Desbloqueo de puerta desactivado.
2026-01-20 07:56:42,528 [INFO] src.autoclave.devices.door: Bomba de vacio apagada.
2026-01-20 07:56:42,529 [INFO] src.autoclave.devices.door: Desbloqueo de puerta desactivado.
2026-01-20 07:56:42,530 [INFO] src.autoclave.devices.door: Bomba de vacio apagada.
2026-01-20 07:56:44,032 [INFO] src.autoclave.devices.door: Desbloqueo de puerta desactivado.
2026-01-20 07:56:44,033 [INFO] src.autoclave.devices.door: Bomba de vacio apagada.
2026-01-20 07:56:44,034 [INFO] src.autoclave.devices.door: Desbloqueo de puerta desactivado.
2026-01-20 07:56:44,036 [INFO] src.autoclave.devices.door: Bomba de vacio apagada.
2026-01-20 07:56:45,538 [INFO] src.autoclave.devices.door: Desbloqueo de puerta desactivado.
2026-01-20 07:56:45,539 [INFO] src.autoclave.devices.door: Bomba de vacio apagada.
2026-01-20 07:56:45,540 [INFO] src.autoclave.devices.door: Desbloqueo de puerta desactivado.
2026-01-20 07:56:45,541 [INFO] src.autoclave.devices.door: Bomba de vacio apagada.
2026-01-20 07:56:47,043 [INFO] src.autoclave.devices.door: Desbloqueo de puerta desactivado.
2026-01-20 07:56:47,045 [INFO] src.autoclave.devices.door: Bomba de vacio apagada.
2026-01-20 07:56:47,047 [INFO] src.autoclave.devices.door: Desbloqueo de puerta desactivado.
2026-01-20 07:56:47,048 [INFO] src.autoclave.devices.door: Bomba de vacio apagada.
2026-01-20 07:56:48,551 [INFO] src.autoclave.devices.door: Desbloqueo de puerta desactivado.
2026-01-20 07:56:48,552 [INFO] src.autoclave.devices.door: Bomba de vacio apagada.
2026-01-20 07:56:48,554 [INFO] src.autoclave.devices.door: Desbloqueo de puerta desactivado.
2026-01-20 07:56:48,555 [INFO] src.autoclave.devices.door: Bomba de vacio apagada.
2026-01-20 07:56:50,057 [INFO] src.autoclave.devices.door: Desbloqueo de puerta desactivado.
2026-01-20 07:56:50,059 [INFO] src.autoclave.devices.door: Bomba de vacio apagada.
2026-01-20 07:56:50,061 [INFO] src.autoclave.devices.door: Desbloqueo de puerta desactivado.
2026-01-20 07:56:50,062 [INFO] src.autoclave.devices.door: Bomba de vacio apagada.
2026-01-20 07:56:51,564 [INFO] src.autoclave.devices.door: Desbloqueo de puerta desactivado.
2026-01-20 07:56:51,565 [INFO] src.autoclave.devices.door: Bomba de vacio apagada.
2026-01-20 07:56:51,567 [INFO] src.autoclave.devices.door: Desbloqueo de puerta desactivado.
2026-01-20 07:56:51,568 [INFO] src.autoclave.devices.door: Bomba de vacio apagada.
2026-01-20 07:56:53,070 [INFO] src.autoclave.devices.door: Desbloqueo de puerta desactivado.
2026-01-20 07:56:53,072 [INFO] src.autoclave.devices.door: Bomba de vacio apagada.
2026-01-20 07:56:53,073 [INFO] src.autoclave.devices.door: Desbloqueo de puerta desactivado.
2026-01-20 07:56:53,075 [INFO] src.autoclave.devices.door: Bomba de vacio apagada.
2026-01-20 07:56:54,577 [INFO] src.autoclave.devices.door: Desbloqueo de puerta desactivado.
2026-01-20 07:56:54,578 [INFO] src.autoclave.devices.door: Bomba de vacio apagada.
2026-01-20 07:56:54,579 [INFO] src.autoclave.devices.door: Desbloqueo de puerta desactivado.
2026-01-20 07:56:54,580 [INFO] src.autoclave.devices.door: Bomba de vacio apagada.
2026-01-20 07:56:56,083 [INFO] src.autoclave.devices.door: Desbloqueo de puerta desactivado.
2026-01-20 07:56:56,084 [INFO] src.autoclave.devices.door: Bomba de vacio apagada.
2026-01-20 07:56:56,086 [INFO] src.autoclave.devices.door: Desbloqueo de puerta desactivado.
2026-01-20 07:56:56,086 [INFO] src.autoclave.devices.door: Bomba de vacio apagada.
2026-01-20 07:56:57,589 [INFO] src.autoclave.devices.door: Desbloqueo de puerta desactivado.
2026-01-20 07:56:57,590 [INFO] src.autoclave.devices.door: Bomba de vacio apagada.
2026-01-20 07:56:57,592 [INFO] src.autoclave.devices.door: Desbloqueo de puerta desactivado.
2026-01-20 07:56:57,593 [INFO] src.autoclave.devices.door: Bomba de vacio apagada.
2026-01-20 07:56:59,095 [INFO] src.autoclave.devices.door: Desbloqueo de puerta desactivado.
2026-01-20 07:56:59,095 [INFO] src.autoclave.devices.door: Bomba de vacio apagada.
2026-01-20 07:56:59,097 [INFO] src.autoclave.devices.door: Desbloqueo de puerta desactivado.
2026-01-20 07:56:59,098 [INFO] src.autoclave.devices.door: Bomba de vacio apagada.
2026-01-20 07:57:00,601 [INFO] src.autoclave.devices.door: Desbloqueo de puerta desactivado.
2026-01-20 07:57:00,602 [INFO] src.autoclave.devices.door: Bomba de vacio apagada.
2026-01-20 07:57:00,603 [INFO] src.autoclave.devices.door: Desbloqueo de puerta desactivado.
2026-01-20 07:57:00,604 [INFO] src.autoclave.devices.door: Bomba de vacio apagada.
2026-01-20 07:57:02,106 [INFO] src.autoclave.devices.door: Desbloqueo de puerta desactivado.
2026-01-20 07:57:02,108 [INFO] src.autoclave.devices.door: Bomba de vacio apagada.
2026-01-20 07:57:02,110 [INFO] src.autoclave.devices.door: Desbloqueo de puerta desactivado.
2026-01-20 07:57:02,111 [INFO] src.autoclave.devices.door: Bomba de vacio apagada.
2026-01-20 07:57:03,613 [INFO] src.autoclave.devices.door: Desbloqueo de puerta desactivado.
2026-01-20 07:57:03,613 [INFO] src.autoclave.devices.door: Bomba de vacio apagada.
2026-01-20 07:57:03,615 [INFO] src.autoclave.devices.door: Desbloqueo de puerta desactivado.
2026-01-20 07:57:03,616 [INFO] src.autoclave.devices.door: Bomba de vacio apagada.
2026-01-20 07:57:05,118 [INFO] src.autoclave.devices.door: Desbloqueo de puerta desactivado.
2026-01-20 07:57:05,119 [INFO] src.autoclave.devices.door: Bomba de vacio apagada.
2026-01-20 07:57:05,120 [INFO] src.autoclave.devices.door: Desbloqueo de puerta desactivado.
2026-01-20 07:57:05,121 [INFO] src.autoclave.devices.door: Bomba de vacio apagada.
2026-01-20 07:57:06,477 [INFO] src.autoclave.ui.ui_main.main_window: ⏻ Apagando equipo...
2026-01-20 07:57:06,624 [INFO] src.autoclave.devices.door: Desbloqueo de puerta desactivado.
2026-01-20 07:57:06,626 [INFO] src.autoclave.devices.door: Bomba de vacio apagada.
2026-01-20 07:57:06,627 [INFO] src.autoclave.devices.door: Desbloqueo de puerta desactivado.
2026-01-20 07:57:06,628 [INFO] src.autoclave.devices.door: Bomba de vacio apagada.
2026-01-20 07:57:08,130 [INFO] src.autoclave.devices.door: Desbloqueo de puerta desactivado.
2026-01-20 07:57:08,132 [INFO] src.autoclave.devices.door: Bomba de vacio apagada.
2026-01-20 07:57:08,134 [INFO] src.autoclave.devices.door: Desbloqueo de puerta desactivado.
2026-01-20 07:57:08,134 [INFO] src.autoclave.devices.door: Bomba de vacio apagada.
2026-01-20 07:57:09,521 [INFO] __main__: Cerrando la aplicación Autoclave...
2026-01-20 07:57:09,554 [INFO] autoclave: Deteniendo SerialLink...
2026-01-20 07:57:09,637 [INFO] src.autoclave.devices.door: Desbloqueo de puerta desactivado.
2026-01-20 07:57:09,638 [INFO] src.autoclave.devices.door: Bomba de vacio apagada.
2026-01-20 07:57:09,640 [INFO] src.autoclave.devices.door: Desbloqueo de puerta desactivado.
2026-01-20 07:57:09,641 [INFO] src.autoclave.devices.door: Bomba de vacio apagada.
2026-01-20 07:57:10,616 [INFO] autoclave: Puerto serial cerrado.
2026-01-20 07:57:10,617 [INFO] src.autoclave.services.control_loop: Flujo de datos detenido.
2026-01-20 08:04:33,246 [INFO] sqlalchemy.engine.Engine: BEGIN (implicit)
2026-01-20 08:04:33,247 [INFO] sqlalchemy.engine.Engine: PRAGMA main.table_info("ac_puerto")
2026-01-20 08:04:33,247 [INFO] sqlalchemy.engine.Engine: [raw sql] ()
2026-01-20 08:04:33,250 [INFO] sqlalchemy.engine.Engine: PRAGMA main.table_info("ac_pantalla_control")
2026-01-20 08:04:33,250 [INFO] sqlalchemy.engine.Engine: [raw sql] ()
2026-01-20 08:04:33,250 [INFO] sqlalchemy.engine.Engine: PRAGMA main.table_info("proceso_control")
2026-01-20 08:04:33,251 [INFO] sqlalchemy.engine.Engine: [raw sql] ()
2026-01-20 08:04:33,251 [INFO] sqlalchemy.engine.Engine: PRAGMA main.table_info("proceso_fase")
2026-01-20 08:04:33,251 [INFO] sqlalchemy.engine.Engine: [raw sql] ()
2026-01-20 08:04:33,251 [INFO] sqlalchemy.engine.Engine: PRAGMA main.table_info("proceso_fase_parametro")
2026-01-20 08:04:33,251 [INFO] sqlalchemy.engine.Engine: [raw sql] ()
2026-01-20 08:04:33,251 [INFO] sqlalchemy.engine.Engine: COMMIT
2026-01-20 08:04:33,396 [INFO] __main__: Iniciando la aplicación Autoclave...
2026-01-20 08:04:33,403 [INFO] autoclave: Iniciando SerialLink...
2026-01-20 08:04:33,404 [INFO] autoclave: SerialLink id: 1767131946960
2026-01-20 08:04:33,467 [INFO] src.autoclave.services.control_loop: Iniciando el bucle de control...
2026-01-20 08:04:33,467 [INFO] autoclave: SerialLink id: 1767131946960
2026-01-20 08:04:33,468 [INFO] src.autoclave.services.control_loop: Esperando conexión con ESP32...
2026-01-20 08:04:33,470 [INFO] autoclave: connected: True
2026-01-20 08:04:33,470 [INFO] autoclave: Conectado a ESP32 en COM3
2026-01-20 08:04:33,620 [INFO] src.autoclave.ui.ui_main.main_window: ✅ Interfaz creada correctamente.
2026-01-20 08:04:33,668 [INFO] autoclave: SerialLink id: 1767131946960
2026-01-20 08:04:33,668 [INFO] autoclave: SerialLink id: 1767131946960
2026-01-20 08:04:33,668 [INFO] src.autoclave.services.control_loop: Conexión establecida. Iniciando actualización de puertas...
2026-01-20 08:04:34,669 [ERROR] src.autoclave.devices.door: Error: Estado inicial de puerta inconsistente .
2026-01-20 08:04:34,669 [ERROR] src.autoclave.devices.door: Error: Estado inicial de puerta inconsistente .
2026-01-20 08:04:50,881 [INFO] src.autoclave.devices.door: Recuperación de error: Estado detectado ABIERTO.
2026-01-20 08:04:51,182 [INFO] __main__: Puerta Puerta 1: ERROR -> ABIERTO
2026-01-20 08:04:51,183 [INFO] __main__: Puerta Puerta 1 abierta.
2026-01-20 08:04:52,684 [INFO] src.autoclave.devices.door: Actuador de cierre desactivado.
2026-01-20 08:04:52,684 [INFO] src.autoclave.devices.door: Desbloqueo de puerta desactivado.
2026-01-20 08:04:52,685 [INFO] src.autoclave.devices.door: Bloqueo de puerta desactivado.
2026-01-20 08:04:54,487 [INFO] src.autoclave.devices.door: Actuador de cierre desactivado.
2026-01-20 08:04:54,487 [INFO] src.autoclave.devices.door: Desbloqueo de puerta desactivado.
2026-01-20 08:04:54,488 [INFO] src.autoclave.devices.door: Bloqueo de puerta desactivado.
2026-01-20 08:04:56,289 [INFO] src.autoclave.devices.door: Actuador de cierre desactivado.
2026-01-20 08:04:56,290 [INFO] src.autoclave.devices.door: Desbloqueo de puerta desactivado.
2026-01-20 08:04:56,291 [INFO] src.autoclave.devices.door: Bloqueo de puerta desactivado.
2026-01-20 08:04:58,093 [INFO] src.autoclave.devices.door: Actuador de cierre desactivado.
2026-01-20 08:04:58,094 [INFO] src.autoclave.devices.door: Desbloqueo de puerta desactivado.
2026-01-20 08:04:58,095 [INFO] src.autoclave.devices.door: Bloqueo de puerta desactivado.
2026-01-20 08:04:59,897 [INFO] src.autoclave.devices.door: Actuador de cierre desactivado.
2026-01-20 08:04:59,898 [INFO] src.autoclave.devices.door: Desbloqueo de puerta desactivado.
2026-01-20 08:04:59,899 [INFO] src.autoclave.devices.door: Bloqueo de puerta desactivado.
2026-01-20 08:05:01,702 [INFO] src.autoclave.devices.door: Actuador de cierre desactivado.
2026-01-20 08:05:01,703 [INFO] src.autoclave.devices.door: Desbloqueo de puerta desactivado.
2026-01-20 08:05:01,704 [INFO] src.autoclave.devices.door: Bloqueo de puerta desactivado.
2026-01-20 08:05:03,506 [INFO] src.autoclave.devices.door: Actuador de cierre desactivado.
2026-01-20 08:05:03,507 [INFO] src.autoclave.devices.door: Desbloqueo de puerta desactivado.
2026-01-20 08:05:03,508 [INFO] src.autoclave.devices.door: Bloqueo de puerta desactivado.
2026-01-20 08:05:05,309 [INFO] src.autoclave.devices.door: Actuador de cierre desactivado.
2026-01-20 08:05:05,311 [INFO] src.autoclave.devices.door: Desbloqueo de puerta desactivado.
2026-01-20 08:05:05,312 [INFO] src.autoclave.devices.door: Bloqueo de puerta desactivado.
2026-01-20 08:05:07,114 [INFO] src.autoclave.devices.door: Actuador de cierre desactivado.
2026-01-20 08:05:07,115 [INFO] src.autoclave.devices.door: Desbloqueo de puerta desactivado.
2026-01-20 08:05:07,116 [INFO] src.autoclave.devices.door: Bloqueo de puerta desactivado.
2026-01-20 08:05:08,917 [INFO] src.autoclave.devices.door: Actuador de cierre desactivado.
2026-01-20 08:05:08,918 [INFO] src.autoclave.devices.door: Desbloqueo de puerta desactivado.
2026-01-20 08:05:08,919 [INFO] src.autoclave.devices.door: Bloqueo de puerta desactivado.
2026-01-20 08:05:10,721 [INFO] src.autoclave.devices.door: Actuador de cierre desactivado.
2026-01-20 08:05:10,721 [INFO] src.autoclave.devices.door: Desbloqueo de puerta desactivado.
2026-01-20 08:05:10,722 [INFO] src.autoclave.devices.door: Bloqueo de puerta desactivado.
2026-01-20 08:05:12,524 [INFO] src.autoclave.devices.door: Actuador de cierre desactivado.
2026-01-20 08:05:12,524 [INFO] src.autoclave.devices.door: Desbloqueo de puerta desactivado.
2026-01-20 08:05:12,525 [INFO] src.autoclave.devices.door: Bloqueo de puerta desactivado.
2026-01-20 08:05:14,327 [INFO] src.autoclave.devices.door: Actuador de cierre desactivado.
2026-01-20 08:05:14,328 [INFO] src.autoclave.devices.door: Desbloqueo de puerta desactivado.
2026-01-20 08:05:14,328 [INFO] src.autoclave.devices.door: Bloqueo de puerta desactivado.
2026-01-20 08:05:16,131 [INFO] src.autoclave.devices.door: Actuador de cierre desactivado.
2026-01-20 08:05:16,131 [INFO] src.autoclave.devices.door: Desbloqueo de puerta desactivado.
2026-01-20 08:05:16,132 [INFO] src.autoclave.devices.door: Bloqueo de puerta desactivado.
2026-01-20 08:05:17,935 [INFO] src.autoclave.devices.door: Actuador de cierre desactivado.
2026-01-20 08:05:17,936 [INFO] src.autoclave.devices.door: Desbloqueo de puerta desactivado.
2026-01-20 08:05:17,936 [INFO] src.autoclave.devices.door: Bloqueo de puerta desactivado.
2026-01-20 08:05:19,738 [INFO] src.autoclave.devices.door: Actuador de cierre desactivado.
2026-01-20 08:05:19,739 [INFO] src.autoclave.devices.door: Desbloqueo de puerta desactivado.
2026-01-20 08:05:19,739 [INFO] src.autoclave.devices.door: Bloqueo de puerta desactivado.
2026-01-20 08:05:21,541 [INFO] src.autoclave.devices.door: Actuador de cierre desactivado.
2026-01-20 08:05:21,541 [INFO] src.autoclave.devices.door: Desbloqueo de puerta desactivado.
2026-01-20 08:05:21,542 [INFO] src.autoclave.devices.door: Bloqueo de puerta desactivado.
2026-01-20 08:05:23,088 [INFO] src.autoclave.ui.ui_main.main_window: ⏻ Apagando equipo...
2026-01-20 08:05:23,344 [INFO] src.autoclave.devices.door: Actuador de cierre desactivado.
2026-01-20 08:05:23,345 [INFO] src.autoclave.devices.door: Desbloqueo de puerta desactivado.
2026-01-20 08:05:23,345 [INFO] src.autoclave.devices.door: Bloqueo de puerta desactivado.
2026-01-20 08:05:25,147 [INFO] src.autoclave.devices.door: Actuador de cierre desactivado.
2026-01-20 08:05:25,149 [INFO] src.autoclave.devices.door: Desbloqueo de puerta desactivado.
2026-01-20 08:05:25,150 [INFO] src.autoclave.devices.door: Bloqueo de puerta desactivado.
2026-01-20 08:05:26,138 [INFO] __main__: Cerrando la aplicación Autoclave...
2026-01-20 08:05:26,172 [INFO] autoclave: Deteniendo SerialLink...
2026-01-20 08:05:26,953 [INFO] src.autoclave.devices.door: Actuador de cierre desactivado.
2026-01-20 08:05:26,954 [INFO] src.autoclave.devices.door: Desbloqueo de puerta desactivado.
2026-01-20 08:05:26,955 [INFO] src.autoclave.devices.door: Bloqueo de puerta desactivado.
2026-01-20 08:05:27,253 [INFO] autoclave: Puerto serial cerrado.
2026-01-20 08:05:27,253 [INFO] src.autoclave.services.control_loop: Flujo de datos detenido.
2026-01-20 08:58:10,113 [INFO] sqlalchemy.engine.Engine: BEGIN (implicit)
2026-01-20 08:58:10,113 [INFO] sqlalchemy.engine.Engine: PRAGMA main.table_info("ac_puerto")
2026-01-20 08:58:10,114 [INFO] sqlalchemy.engine.Engine: [raw sql] ()
2026-01-20 08:58:10,116 [INFO] sqlalchemy.engine.Engine: PRAGMA main.table_info("ac_pantalla_control")
2026-01-20 08:58:10,116 [INFO] sqlalchemy.engine.Engine: [raw sql] ()
2026-01-20 08:58:10,116 [INFO] sqlalchemy.engine.Engine: PRAGMA main.table_info("proceso_control")
2026-01-20 08:58:10,116 [INFO] sqlalchemy.engine.Engine: [raw sql] ()
2026-01-20 08:58:10,117 [INFO] sqlalchemy.engine.Engine: PRAGMA main.table_info("proceso_fase")
2026-01-20 08:58:10,117 [INFO] sqlalchemy.engine.Engine: [raw sql] ()
2026-01-20 08:58:10,117 [INFO] sqlalchemy.engine.Engine: PRAGMA main.table_info("proceso_fase_parametro")
2026-01-20 08:58:10,117 [INFO] sqlalchemy.engine.Engine: [raw sql] ()
2026-01-20 08:58:10,117 [INFO] sqlalchemy.engine.Engine: COMMIT
2026-01-20 08:58:10,556 [INFO] __main__: Iniciando la aplicación Autoclave...
2026-01-20 08:58:10,585 [INFO] autoclave: Iniciando SerialLink...
2026-01-20 08:58:10,586 [INFO] autoclave: SerialLink id: 2203680890832
2026-01-20 08:58:12,000 [INFO] src.autoclave.services.control_loop: Iniciando el bucle de control...
2026-01-20 08:58:12,001 [INFO] autoclave: SerialLink id: 2203680890832
2026-01-20 08:58:12,001 [INFO] src.autoclave.services.control_loop: Esperando conexión con ESP32...
2026-01-20 08:58:12,004 [INFO] autoclave: connected: True
2026-01-20 08:58:12,004 [INFO] autoclave: Conectado a ESP32 en COM3
2026-01-20 08:58:12,202 [INFO] autoclave: SerialLink id: 2203680890832
2026-01-20 08:58:12,202 [INFO] autoclave: SerialLink id: 2203680890832
2026-01-20 08:58:12,202 [INFO] src.autoclave.services.control_loop: Conexión establecida. Iniciando actualización de puertas...
2026-01-20 08:58:12,493 [INFO] src.autoclave.ui.ui_main.main_window: ✅ Interfaz creada correctamente.
2026-01-20 08:58:13,203 [ERROR] src.autoclave.devices.door: Error: Estado inicial de puerta inconsistente .
2026-01-20 08:58:13,204 [ERROR] src.autoclave.devices.door: Error: Estado inicial de puerta inconsistente .
2026-01-20 09:33:41,392 [ERROR] autoclave: Error en lectura serial: invalid literal for int() with base 10: 'A'
2026-01-20 09:33:43,625 [ERROR] autoclave: Error en lectura serial: invalid literal for int() with base 10: 'A'
2026-01-20 09:33:43,866 [ERROR] autoclave: Error en lectura serial: invalid literal for int() with base 10: 'A'
2026-01-20 09:33:44,335 [ERROR] autoclave: Error en lectura serial: invalid literal for int() with base 10: 'A'
2026-01-20 09:34:13,179 [ERROR] autoclave: Error en lectura serial: invalid literal for int() with base 10: 'A'
2026-01-20 09:36:24,669 [ERROR] autoclave: Error en lectura serial: invalid literal for int() with base 10: 'A'
2026-01-20 09:36:26,175 [ERROR] autoclave: Error en lectura serial: invalid literal for int() with base 10: 'A'
2026-01-20 09:38:21,657 [WARNING] autoclave: Conexión serial perdida.
2026-01-20 09:38:21,658 [INFO] autoclave: Puerto serial cerrado.
2026-01-20 09:38:23,333 [INFO] autoclave: SerialLink id: 2203680890832
2026-01-20 09:38:26,342 [INFO] autoclave: SerialLink id: 2203680890832
2026-01-20 09:38:29,347 [INFO] autoclave: SerialLink id: 2203680890832
2026-01-20 09:38:32,354 [INFO] autoclave: SerialLink id: 2203680890832
2026-01-20 09:38:35,366 [INFO] autoclave: SerialLink id: 2203680890832
2026-01-20 09:38:38,375 [INFO] autoclave: SerialLink id: 2203680890832
2026-01-20 09:38:41,380 [INFO] autoclave: SerialLink id: 2203680890832
2026-01-20 09:38:41,423 [INFO] autoclave: connected: True
2026-01-20 09:38:41,423 [INFO] autoclave: Conectado a ESP32 en COM3
2026-01-20 09:40:28,394 [WARNING] src.autoclave.services.puertas.ser_puertas: No se puede abrir la puerta: otra puerta está abierta.
2026-01-20 09:40:28,394 [WARNING] __main__: Apertura de puerta denegada por condiciones de seguridad.
2026-01-20 09:40:45,543 [ERROR] src.autoclave.devices.door: Error persistente: Estado de puerta inconsistente.
2026-01-20 09:40:47,344 [INFO] src.autoclave.devices.door: Recuperación de error: Estado detectado ABIERTO.
2026-01-20 09:40:47,646 [INFO] __main__: Puerta Puerta 1: ERROR -> ABIERTO
2026-01-20 09:40:47,647 [INFO] __main__: Puerta Puerta 1 abierta.
2026-01-20 09:40:49,150 [INFO] src.autoclave.devices.door: Actuador de cierre desactivado.
2026-01-20 09:40:49,151 [INFO] src.autoclave.devices.door: Desbloqueo de puerta desactivado.
2026-01-20 09:40:49,152 [INFO] src.autoclave.devices.door: Bloqueo de puerta desactivado.
2026-01-20 09:40:50,955 [INFO] src.autoclave.devices.door: Actuador de cierre desactivado.
2026-01-20 09:40:50,957 [INFO] src.autoclave.devices.door: Desbloqueo de puerta desactivado.
2026-01-20 09:40:50,958 [INFO] src.autoclave.devices.door: Bloqueo de puerta desactivado.
2026-01-20 09:40:50,958 [ERROR] src.autoclave.devices.door: Error persistente: Estado de puerta inconsistente.
2026-01-20 09:40:52,460 [INFO] src.autoclave.devices.door: Actuador de cierre desactivado.
2026-01-20 09:40:52,461 [INFO] src.autoclave.devices.door: Desbloqueo de puerta desactivado.
2026-01-20 09:40:52,462 [INFO] src.autoclave.devices.door: Bloqueo de puerta desactivado.
2026-01-20 09:40:52,463 [INFO] src.autoclave.devices.door: Recuperación de error: Estado detectado ABIERTO.
2026-01-20 09:40:52,464 [INFO] __main__: Puerta Puerta 2: ERROR -> ABIERTO
2026-01-20 09:40:52,464 [INFO] __main__: Puerta Puerta 2 abierta.
2026-01-20 09:40:53,966 [INFO] src.autoclave.devices.door: Actuador de cierre desactivado.
2026-01-20 09:40:53,966 [INFO] src.autoclave.devices.door: Desbloqueo de puerta desactivado.
2026-01-20 09:40:53,967 [INFO] src.autoclave.devices.door: Bloqueo de puerta desactivado.
2026-01-20 09:40:53,968 [INFO] src.autoclave.devices.door: Actuador de cierre desactivado.
2026-01-20 09:40:53,969 [INFO] src.autoclave.devices.door: Desbloqueo de puerta desactivado.
2026-01-20 09:40:53,970 [INFO] src.autoclave.devices.door: Bloqueo de puerta desactivado.
2026-01-20 09:40:55,472 [INFO] src.autoclave.devices.door: Actuador de cierre desactivado.
2026-01-20 09:40:55,473 [INFO] src.autoclave.devices.door: Desbloqueo de puerta desactivado.
2026-01-20 09:40:55,474 [INFO] src.autoclave.devices.door: Bloqueo de puerta desactivado.
2026-01-20 09:40:55,476 [INFO] src.autoclave.devices.door: Actuador de cierre desactivado.
2026-01-20 09:40:55,477 [INFO] src.autoclave.devices.door: Desbloqueo de puerta desactivado.
2026-01-20 09:40:55,478 [INFO] src.autoclave.devices.door: Bloqueo de puerta desactivado.
2026-01-20 09:40:56,980 [INFO] src.autoclave.devices.door: Actuador de cierre desactivado.
2026-01-20 09:40:56,981 [INFO] src.autoclave.devices.door: Desbloqueo de puerta desactivado.
2026-01-20 09:40:56,982 [INFO] src.autoclave.devices.door: Bloqueo de puerta desactivado.
2026-01-20 09:40:56,983 [INFO] src.autoclave.devices.door: Actuador de cierre desactivado.
2026-01-20 09:40:56,984 [INFO] src.autoclave.devices.door: Desbloqueo de puerta desactivado.
2026-01-20 09:40:56,985 [INFO] src.autoclave.devices.door: Bloqueo de puerta desactivado.
2026-01-20 09:40:58,486 [INFO] src.autoclave.devices.door: Actuador de cierre desactivado.
2026-01-20 09:40:58,488 [INFO] src.autoclave.devices.door: Desbloqueo de puerta desactivado.
2026-01-20 09:40:58,489 [INFO] src.autoclave.devices.door: Bloqueo de puerta desactivado.
2026-01-20 09:40:58,489 [INFO] src.autoclave.devices.door: Actuador de cierre desactivado.
2026-01-20 09:40:58,490 [INFO] src.autoclave.devices.door: Desbloqueo de puerta desactivado.
2026-01-20 09:40:58,491 [INFO] src.autoclave.devices.door: Bloqueo de puerta desactivado.
2026-01-20 09:40:59,992 [INFO] src.autoclave.devices.door: Actuador de cierre desactivado.
2026-01-20 09:40:59,993 [INFO] src.autoclave.devices.door: Desbloqueo de puerta desactivado.
2026-01-20 09:40:59,994 [INFO] src.autoclave.devices.door: Bloqueo de puerta desactivado.
2026-01-20 09:40:59,995 [INFO] src.autoclave.devices.door: Actuador de cierre desactivado.
2026-01-20 09:40:59,996 [INFO] src.autoclave.devices.door: Desbloqueo de puerta desactivado.
2026-01-20 09:40:59,997 [INFO] src.autoclave.devices.door: Bloqueo de puerta desactivado.
2026-01-20 09:41:01,498 [INFO] src.autoclave.devices.door: Actuador de cierre desactivado.
2026-01-20 09:41:01,498 [INFO] src.autoclave.devices.door: Desbloqueo de puerta desactivado.
2026-01-20 09:41:01,499 [INFO] src.autoclave.devices.door: Bloqueo de puerta desactivado.
2026-01-20 09:41:01,500 [INFO] src.autoclave.devices.door: Actuador de cierre desactivado.
2026-01-20 09:41:01,501 [INFO] src.autoclave.devices.door: Desbloqueo de puerta desactivado.
2026-01-20 09:41:01,502 [INFO] src.autoclave.devices.door: Bloqueo de puerta desactivado.
2026-01-20 09:41:03,003 [INFO] src.autoclave.devices.door: Actuador de cierre desactivado.
2026-01-20 09:41:03,005 [INFO] src.autoclave.devices.door: Desbloqueo de puerta desactivado.
2026-01-20 09:41:03,006 [INFO] src.autoclave.devices.door: Bloqueo de puerta desactivado.
2026-01-20 09:41:03,006 [INFO] src.autoclave.devices.door: Actuador de cierre desactivado.
2026-01-20 09:41:03,007 [INFO] src.autoclave.devices.door: Desbloqueo de puerta desactivado.
2026-01-20 09:41:03,008 [INFO] src.autoclave.devices.door: Bloqueo de puerta desactivado.
2026-01-20 09:41:04,511 [INFO] src.autoclave.devices.door: Actuador de cierre desactivado.
2026-01-20 09:41:04,513 [INFO] src.autoclave.devices.door: Desbloqueo de puerta desactivado.
2026-01-20 09:41:04,514 [INFO] src.autoclave.devices.door: Bloqueo de puerta desactivado.
2026-01-20 09:41:04,515 [INFO] src.autoclave.devices.door: Actuador de cierre desactivado.
2026-01-20 09:41:04,516 [INFO] src.autoclave.devices.door: Desbloqueo de puerta desactivado.
2026-01-20 09:41:04,517 [INFO] src.autoclave.devices.door: Bloqueo de puerta desactivado.
2026-01-20 09:41:06,018 [INFO] src.autoclave.devices.door: Actuador de cierre desactivado.
2026-01-20 09:41:06,018 [INFO] src.autoclave.devices.door: Desbloqueo de puerta desactivado.
2026-01-20 09:41:06,019 [INFO] src.autoclave.devices.door: Bloqueo de puerta desactivado.
2026-01-20 09:41:06,020 [INFO] src.autoclave.devices.door: Actuador de cierre desactivado.
2026-01-20 09:41:06,022 [INFO] src.autoclave.devices.door: Desbloqueo de puerta desactivado.
2026-01-20 09:41:06,022 [INFO] src.autoclave.devices.door: Bloqueo de puerta desactivado.
2026-01-20 09:41:07,524 [INFO] src.autoclave.devices.door: Actuador de cierre desactivado.
2026-01-20 09:41:07,525 [INFO] src.autoclave.devices.door: Desbloqueo de puerta desactivado.
2026-01-20 09:41:07,526 [INFO] src.autoclave.devices.door: Bloqueo de puerta desactivado.
2026-01-20 09:41:07,527 [INFO] src.autoclave.devices.door: Actuador de cierre desactivado.
2026-01-20 09:41:07,528 [INFO] src.autoclave.devices.door: Desbloqueo de puerta desactivado.
2026-01-20 09:41:07,529 [INFO] src.autoclave.devices.door: Bloqueo de puerta desactivado.
2026-01-20 09:41:09,030 [INFO] src.autoclave.devices.door: Actuador de cierre desactivado.
2026-01-20 09:41:09,032 [INFO] src.autoclave.devices.door: Desbloqueo de puerta desactivado.
2026-01-20 09:41:09,033 [INFO] src.autoclave.devices.door: Bloqueo de puerta desactivado.
2026-01-20 09:41:09,034 [INFO] src.autoclave.devices.door: Actuador de cierre desactivado.
2026-01-20 09:41:09,035 [INFO] src.autoclave.devices.door: Desbloqueo de puerta desactivado.
2026-01-20 09:41:09,036 [INFO] src.autoclave.devices.door: Bloqueo de puerta desactivado.
2026-01-20 09:41:10,538 [INFO] src.autoclave.devices.door: Actuador de cierre desactivado.
2026-01-20 09:41:10,539 [INFO] src.autoclave.devices.door: Desbloqueo de puerta desactivado.
2026-01-20 09:41:10,540 [INFO] src.autoclave.devices.door: Bloqueo de puerta desactivado.
2026-01-20 09:41:10,540 [INFO] src.autoclave.devices.door: Actuador de cierre desactivado.
2026-01-20 09:41:10,541 [INFO] src.autoclave.devices.door: Desbloqueo de puerta desactivado.
2026-01-20 09:41:10,542 [INFO] src.autoclave.devices.door: Bloqueo de puerta desactivado.
2026-01-20 09:41:12,044 [INFO] src.autoclave.devices.door: Actuador de cierre desactivado.
2026-01-20 09:41:12,044 [INFO] src.autoclave.devices.door: Desbloqueo de puerta desactivado.
2026-01-20 09:41:12,045 [INFO] src.autoclave.devices.door: Bloqueo de puerta desactivado.
2026-01-20 09:41:12,046 [INFO] src.autoclave.devices.door: Actuador de cierre desactivado.
2026-01-20 09:41:12,047 [INFO] src.autoclave.devices.door: Desbloqueo de puerta desactivado.
2026-01-20 09:41:12,048 [INFO] src.autoclave.devices.door: Bloqueo de puerta desactivado.
2026-01-20 09:41:13,549 [INFO] src.autoclave.devices.door: Actuador de cierre desactivado.
2026-01-20 09:41:13,551 [INFO] src.autoclave.devices.door: Desbloqueo de puerta desactivado.
2026-01-20 09:41:13,553 [INFO] src.autoclave.devices.door: Bloqueo de puerta desactivado.
2026-01-20 09:41:13,554 [INFO] src.autoclave.devices.door: Actuador de cierre desactivado.
2026-01-20 09:41:13,555 [INFO] src.autoclave.devices.door: Desbloqueo de puerta desactivado.
2026-01-20 09:41:13,556 [INFO] src.autoclave.devices.door: Bloqueo de puerta desactivado.
2026-01-20 09:41:15,057 [INFO] src.autoclave.devices.door: Actuador de cierre desactivado.
2026-01-20 09:41:15,058 [INFO] src.autoclave.devices.door: Desbloqueo de puerta desactivado.
2026-01-20 09:41:15,059 [INFO] src.autoclave.devices.door: Bloqueo de puerta desactivado.
2026-01-20 09:41:15,060 [INFO] src.autoclave.devices.door: Actuador de cierre desactivado.
2026-01-20 09:41:15,061 [INFO] src.autoclave.devices.door: Desbloqueo de puerta desactivado.
2026-01-20 09:41:15,062 [INFO] src.autoclave.devices.door: Bloqueo de puerta desactivado.
2026-01-20 09:41:16,563 [INFO] src.autoclave.devices.door: Actuador de cierre desactivado.
2026-01-20 09:41:16,563 [INFO] src.autoclave.devices.door: Desbloqueo de puerta desactivado.
2026-01-20 09:41:16,564 [INFO] src.autoclave.devices.door: Bloqueo de puerta desactivado.
2026-01-20 09:41:16,565 [INFO] src.autoclave.devices.door: Actuador de cierre desactivado.
2026-01-20 09:41:16,566 [INFO] src.autoclave.devices.door: Desbloqueo de puerta desactivado.
2026-01-20 09:41:16,567 [INFO] src.autoclave.devices.door: Bloqueo de puerta desactivado.
2026-01-20 09:41:18,068 [INFO] src.autoclave.devices.door: Actuador de cierre desactivado.
2026-01-20 09:41:18,069 [INFO] src.autoclave.devices.door: Desbloqueo de puerta desactivado.
2026-01-20 09:41:18,069 [INFO] src.autoclave.devices.door: Bloqueo de puerta desactivado.
2026-01-20 09:41:18,070 [INFO] src.autoclave.devices.door: Actuador de cierre desactivado.
2026-01-20 09:41:18,071 [INFO] src.autoclave.devices.door: Desbloqueo de puerta desactivado.
2026-01-20 09:41:18,072 [INFO] src.autoclave.devices.door: Bloqueo de puerta desactivado.
2026-01-20 09:41:19,574 [INFO] src.autoclave.devices.door: Actuador de cierre desactivado.
2026-01-20 09:41:19,575 [INFO] src.autoclave.devices.door: Desbloqueo de puerta desactivado.
2026-01-20 09:41:19,577 [INFO] src.autoclave.devices.door: Bloqueo de puerta desactivado.
2026-01-20 09:41:19,578 [INFO] src.autoclave.devices.door: Actuador de cierre desactivado.
2026-01-20 09:41:19,579 [INFO] src.autoclave.devices.door: Desbloqueo de puerta desactivado.
2026-01-20 09:41:19,580 [INFO] src.autoclave.devices.door: Bloqueo de puerta desactivado.
2026-01-20 09:41:21,081 [INFO] src.autoclave.devices.door: Actuador de cierre desactivado.
2026-01-20 09:41:21,083 [INFO] src.autoclave.devices.door: Desbloqueo de puerta desactivado.
2026-01-20 09:41:21,084 [INFO] src.autoclave.devices.door: Bloqueo de puerta desactivado.
2026-01-20 09:41:21,086 [INFO] src.autoclave.devices.door: Actuador de cierre desactivado.
2026-01-20 09:41:21,087 [INFO] src.autoclave.devices.door: Desbloqueo de puerta desactivado.
2026-01-20 09:41:21,088 [INFO] src.autoclave.devices.door: Bloqueo de puerta desactivado.
2026-01-20 09:41:22,590 [INFO] src.autoclave.devices.door: Actuador de cierre desactivado.
2026-01-20 09:41:22,590 [INFO] src.autoclave.devices.door: Desbloqueo de puerta desactivado.
2026-01-20 09:41:22,591 [INFO] src.autoclave.devices.door: Bloqueo de puerta desactivado.
2026-01-20 09:41:22,592 [INFO] src.autoclave.devices.door: Actuador de cierre desactivado.
2026-01-20 09:41:22,593 [INFO] src.autoclave.devices.door: Desbloqueo de puerta desactivado.
2026-01-20 09:41:22,594 [INFO] src.autoclave.devices.door: Bloqueo de puerta desactivado.
2026-01-20 09:41:24,095 [INFO] src.autoclave.devices.door: Actuador de cierre desactivado.
2026-01-20 09:41:24,097 [INFO] src.autoclave.devices.door: Desbloqueo de puerta desactivado.
2026-01-20 09:41:24,098 [INFO] src.autoclave.devices.door: Bloqueo de puerta desactivado.
2026-01-20 09:41:24,099 [INFO] src.autoclave.devices.door: Actuador de cierre desactivado.
2026-01-20 09:41:24,099 [INFO] src.autoclave.devices.door: Desbloqueo de puerta desactivado.
2026-01-20 09:41:24,101 [INFO] src.autoclave.devices.door: Bloqueo de puerta desactivado.
2026-01-20 09:41:25,602 [INFO] src.autoclave.devices.door: Actuador de cierre desactivado.
2026-01-20 09:41:25,603 [INFO] src.autoclave.devices.door: Desbloqueo de puerta desactivado.
2026-01-20 09:41:25,603 [INFO] src.autoclave.devices.door: Bloqueo de puerta desactivado.
2026-01-20 09:41:25,604 [INFO] src.autoclave.devices.door: Actuador de cierre desactivado.
2026-01-20 09:41:25,606 [INFO] src.autoclave.devices.door: Desbloqueo de puerta desactivado.
2026-01-20 09:41:25,607 [INFO] src.autoclave.devices.door: Bloqueo de puerta desactivado.
2026-01-20 09:41:26,252 [INFO] src.autoclave.ui.ui_main.main_window: ⏻ Apagando equipo...
2026-01-20 09:41:27,108 [INFO] src.autoclave.devices.door: Actuador de cierre desactivado.
2026-01-20 09:41:27,109 [INFO] src.autoclave.devices.door: Desbloqueo de puerta desactivado.
2026-01-20 09:41:27,110 [INFO] src.autoclave.devices.door: Bloqueo de puerta desactivado.
2026-01-20 09:41:27,111 [INFO] src.autoclave.devices.door: Actuador de cierre desactivado.
2026-01-20 09:41:27,111 [INFO] src.autoclave.devices.door: Desbloqueo de puerta desactivado.
2026-01-20 09:41:27,112 [INFO] src.autoclave.devices.door: Bloqueo de puerta desactivado.
2026-01-20 09:41:28,614 [INFO] src.autoclave.devices.door: Actuador de cierre desactivado.
2026-01-20 09:41:28,615 [INFO] src.autoclave.devices.door: Desbloqueo de puerta desactivado.
2026-01-20 09:41:28,616 [INFO] src.autoclave.devices.door: Bloqueo de puerta desactivado.
2026-01-20 09:41:28,617 [INFO] src.autoclave.devices.door: Actuador de cierre desactivado.
2026-01-20 09:41:28,617 [INFO] src.autoclave.devices.door: Desbloqueo de puerta desactivado.
2026-01-20 09:41:28,618 [INFO] src.autoclave.devices.door: Bloqueo de puerta desactivado.
2026-01-20 09:41:29,301 [INFO] __main__: Cerrando la aplicación Autoclave...
2026-01-20 09:41:29,335 [INFO] autoclave: Deteniendo SerialLink...
2026-01-20 09:41:29,444 [INFO] autoclave: Puerto serial cerrado.
2026-01-20 09:41:29,445 [INFO] src.autoclave.services.control_loop: Flujo de datos detenido.
2026-01-20 09:41:30,120 [WARNING] autoclave: No hay conexión serial activa para enviar comando.
2026-01-20 09:41:30,121 [INFO] src.autoclave.devices.door: Actuador de cierre desactivado.
2026-01-20 09:41:30,122 [WARNING] autoclave: No hay conexión serial activa para enviar comando.
2026-01-20 09:41:30,122 [INFO] src.autoclave.devices.door: Desbloqueo de puerta desactivado.
2026-01-20 09:41:30,123 [WARNING] autoclave: No hay conexión serial activa para enviar comando.
2026-01-20 09:41:30,123 [INFO] src.autoclave.devices.door: Bloqueo de puerta desactivado.
2026-01-20 09:41:30,124 [WARNING] autoclave: No hay conexión serial activa para enviar comando.
2026-01-20 09:41:30,124 [INFO] src.autoclave.devices.door: Actuador de cierre desactivado.
2026-01-20 09:41:30,124 [WARNING] autoclave: No hay conexión serial activa para enviar comando.
2026-01-20 09:41:30,125 [INFO] src.autoclave.devices.door: Desbloqueo de puerta desactivado.
2026-01-20 09:41:30,125 [WARNING] autoclave: No hay conexión serial activa para enviar comando.
2026-01-20 09:41:30,125 [INFO] src.autoclave.devices.door: Bloqueo de puerta desactivado.
2026-01-20 09:41:58,790 [INFO] sqlalchemy.engine.Engine: BEGIN (implicit)
2026-01-20 09:41:58,791 [INFO] sqlalchemy.engine.Engine: PRAGMA main.table_info("ac_puerto")
2026-01-20 09:41:58,791 [INFO] sqlalchemy.engine.Engine: [raw sql] ()
2026-01-20 09:41:58,792 [INFO] sqlalchemy.engine.Engine: PRAGMA main.table_info("ac_pantalla_control")
2026-01-20 09:41:58,792 [INFO] sqlalchemy.engine.Engine: [raw sql] ()
2026-01-20 09:41:58,792 [INFO] sqlalchemy.engine.Engine: PRAGMA main.table_info("proceso_control")
2026-01-20 09:41:58,793 [INFO] sqlalchemy.engine.Engine: [raw sql] ()
2026-01-20 09:41:58,793 [INFO] sqlalchemy.engine.Engine: PRAGMA main.table_info("proceso_fase")
2026-01-20 09:41:58,793 [INFO] sqlalchemy.engine.Engine: [raw sql] ()
2026-01-20 09:41:58,794 [INFO] sqlalchemy.engine.Engine: PRAGMA main.table_info("proceso_fase_parametro")
2026-01-20 09:41:58,794 [INFO] sqlalchemy.engine.Engine: [raw sql] ()
2026-01-20 09:41:58,794 [INFO] sqlalchemy.engine.Engine: COMMIT
2026-01-20 09:41:59,214 [INFO] __main__: Iniciando la aplicación Autoclave...
2026-01-20 09:41:59,247 [INFO] autoclave: Iniciando SerialLink...
2026-01-20 09:41:59,247 [INFO] autoclave: SerialLink id: 2019401195472
2026-01-20 09:41:59,901 [INFO] src.autoclave.services.control_loop: Iniciando el bucle de control...
2026-01-20 09:41:59,901 [INFO] autoclave: SerialLink id: 2019401195472
2026-01-20 09:41:59,901 [INFO] src.autoclave.services.control_loop: Esperando conexión con ESP32...
2026-01-20 09:41:59,904 [INFO] autoclave: connected: True
2026-01-20 09:41:59,904 [INFO] autoclave: Conectado a ESP32 en COM3
2026-01-20 09:42:00,102 [INFO] autoclave: SerialLink id: 2019401195472
2026-01-20 09:42:00,103 [INFO] autoclave: SerialLink id: 2019401195472
2026-01-20 09:42:00,103 [INFO] src.autoclave.services.control_loop: Conexión establecida. Iniciando actualización de puertas...
2026-01-20 09:42:00,255 [INFO] src.autoclave.ui.ui_main.main_window: ✅ Interfaz creada correctamente.
2026-01-20 09:42:01,104 [ERROR] src.autoclave.devices.door: Error: Estado inicial de puerta inconsistente .
2026-01-20 09:42:01,104 [ERROR] src.autoclave.devices.door: Error: Estado inicial de puerta inconsistente .
2026-01-20 09:42:28,503 [WARNING] src.autoclave.services.puertas.ser_puertas: No se puede abrir la puerta: otra puerta está abierta.
2026-01-20 09:42:28,503 [WARNING] __main__: Apertura de puerta denegada por condiciones de seguridad.
2026-01-20 09:43:05,621 [WARNING] src.autoclave.services.puertas.ser_puertas: No se puede abrir la puerta: otra puerta está abierta.
2026-01-20 09:43:05,622 [WARNING] __main__: Apertura de puerta denegada por condiciones de seguridad.
2026-01-20 09:43:29,075 [INFO] src.autoclave.devices.door: Recuperación de error: Estado detectado ABIERTO.
2026-01-20 09:43:29,075 [INFO] __main__: Puerta Puerta 2: ERROR -> ABIERTO
2026-01-20 09:43:29,075 [INFO] __main__: Puerta Puerta 2 abierta.
2026-01-20 09:43:30,877 [INFO] src.autoclave.devices.door: Actuador de cierre desactivado.
2026-01-20 09:43:30,878 [INFO] src.autoclave.devices.door: Desbloqueo de puerta desactivado.
2026-01-20 09:43:30,879 [INFO] src.autoclave.devices.door: Bloqueo de puerta desactivado.
2026-01-20 09:43:32,681 [INFO] src.autoclave.devices.door: Actuador de cierre desactivado.
2026-01-20 09:43:32,683 [INFO] src.autoclave.devices.door: Desbloqueo de puerta desactivado.
2026-01-20 09:43:32,684 [INFO] src.autoclave.devices.door: Bloqueo de puerta desactivado.
2026-01-20 09:43:34,486 [INFO] src.autoclave.devices.door: Actuador de cierre desactivado.
2026-01-20 09:43:34,487 [INFO] src.autoclave.devices.door: Desbloqueo de puerta desactivado.
2026-01-20 09:43:34,488 [INFO] src.autoclave.devices.door: Bloqueo de puerta desactivado.
2026-01-20 09:43:36,290 [INFO] src.autoclave.devices.door: Actuador de cierre desactivado.
2026-01-20 09:43:36,290 [INFO] src.autoclave.devices.door: Desbloqueo de puerta desactivado.
2026-01-20 09:43:36,291 [INFO] src.autoclave.devices.door: Bloqueo de puerta desactivado.
2026-01-20 09:43:38,093 [INFO] src.autoclave.devices.door: Actuador de cierre desactivado.
2026-01-20 09:43:38,095 [INFO] src.autoclave.devices.door: Desbloqueo de puerta desactivado.
2026-01-20 09:43:38,096 [INFO] src.autoclave.devices.door: Bloqueo de puerta desactivado.
2026-01-20 09:43:39,898 [INFO] src.autoclave.devices.door: Actuador de cierre desactivado.
2026-01-20 09:43:39,899 [INFO] src.autoclave.devices.door: Desbloqueo de puerta desactivado.
2026-01-20 09:43:39,900 [INFO] src.autoclave.devices.door: Bloqueo de puerta desactivado.
2026-01-20 09:43:41,702 [INFO] src.autoclave.devices.door: Actuador de cierre desactivado.
2026-01-20 09:43:41,702 [INFO] src.autoclave.devices.door: Desbloqueo de puerta desactivado.
2026-01-20 09:43:41,703 [INFO] src.autoclave.devices.door: Bloqueo de puerta desactivado.
2026-01-20 09:43:43,504 [INFO] src.autoclave.devices.door: Actuador de cierre desactivado.
2026-01-20 09:43:43,505 [INFO] src.autoclave.devices.door: Desbloqueo de puerta desactivado.
2026-01-20 09:43:43,505 [INFO] src.autoclave.devices.door: Bloqueo de puerta desactivado.
2026-01-20 09:43:45,308 [INFO] src.autoclave.devices.door: Actuador de cierre desactivado.
2026-01-20 09:43:45,309 [INFO] src.autoclave.devices.door: Desbloqueo de puerta desactivado.
2026-01-20 09:43:45,310 [INFO] src.autoclave.devices.door: Bloqueo de puerta desactivado.
2026-01-20 09:43:47,113 [INFO] src.autoclave.devices.door: Actuador de cierre desactivado.
2026-01-20 09:43:47,113 [INFO] src.autoclave.devices.door: Desbloqueo de puerta desactivado.
2026-01-20 09:43:47,113 [INFO] src.autoclave.devices.door: Bloqueo de puerta desactivado.
2026-01-20 09:43:48,915 [INFO] src.autoclave.devices.door: Actuador de cierre desactivado.
2026-01-20 09:43:48,915 [INFO] src.autoclave.devices.door: Desbloqueo de puerta desactivado.
2026-01-20 09:43:48,916 [INFO] src.autoclave.devices.door: Bloqueo de puerta desactivado.
2026-01-20 09:43:50,718 [INFO] src.autoclave.devices.door: Actuador de cierre desactivado.
2026-01-20 09:43:50,718 [INFO] src.autoclave.devices.door: Desbloqueo de puerta desactivado.
2026-01-20 09:43:50,719 [INFO] src.autoclave.devices.door: Bloqueo de puerta desactivado.
2026-01-20 09:43:52,147 [INFO] src.autoclave.ui.ui_main.main_window: ⏻ Apagando equipo...
2026-01-20 09:43:52,521 [INFO] src.autoclave.devices.door: Actuador de cierre desactivado.
2026-01-20 09:43:52,522 [INFO] src.autoclave.devices.door: Desbloqueo de puerta desactivado.
2026-01-20 09:43:52,523 [INFO] src.autoclave.devices.door: Bloqueo de puerta desactivado.
2026-01-20 09:43:54,326 [INFO] src.autoclave.devices.door: Actuador de cierre desactivado.
2026-01-20 09:43:54,327 [INFO] src.autoclave.devices.door: Desbloqueo de puerta desactivado.
2026-01-20 09:43:54,329 [INFO] src.autoclave.devices.door: Bloqueo de puerta desactivado.
2026-01-20 09:43:55,180 [INFO] __main__: Cerrando la aplicación Autoclave...
2026-01-20 09:43:55,214 [INFO] autoclave: Deteniendo SerialLink...
2026-01-20 09:43:56,132 [INFO] src.autoclave.devices.door: Actuador de cierre desactivado.
2026-01-20 09:43:56,134 [INFO] src.autoclave.devices.door: Desbloqueo de puerta desactivado.
2026-01-20 09:43:56,135 [INFO] src.autoclave.devices.door: Bloqueo de puerta desactivado.
2026-01-20 09:43:56,225 [INFO] autoclave: Puerto serial cerrado.
2026-01-20 09:43:56,226 [INFO] src.autoclave.services.control_loop: Flujo de datos detenido.
2026-01-20 09:44:11,142 [INFO] sqlalchemy.engine.Engine: BEGIN (implicit)
2026-01-20 09:44:11,142 [INFO] sqlalchemy.engine.Engine: PRAGMA main.table_info("ac_puerto")
2026-01-20 09:44:11,142 [INFO] sqlalchemy.engine.Engine: [raw sql] ()
2026-01-20 09:44:11,143 [INFO] sqlalchemy.engine.Engine: PRAGMA main.table_info("ac_pantalla_control")
2026-01-20 09:44:11,143 [INFO] sqlalchemy.engine.Engine: [raw sql] ()
2026-01-20 09:44:11,143 [INFO] sqlalchemy.engine.Engine: PRAGMA main.table_info("proceso_control")
2026-01-20 09:44:11,144 [INFO] sqlalchemy.engine.Engine: [raw sql] ()
2026-01-20 09:44:11,144 [INFO] sqlalchemy.engine.Engine: PRAGMA main.table_info("proceso_fase")
2026-01-20 09:44:11,144 [INFO] sqlalchemy.engine.Engine: [raw sql] ()
2026-01-20 09:44:11,145 [INFO] sqlalchemy.engine.Engine: PRAGMA main.table_info("proceso_fase_parametro")
2026-01-20 09:44:11,145 [INFO] sqlalchemy.engine.Engine: [raw sql] ()
2026-01-20 09:44:11,145 [INFO] sqlalchemy.engine.Engine: COMMIT
2026-01-20 09:44:11,245 [INFO] __main__: Iniciando la aplicación Autoclave...
2026-01-20 09:44:11,252 [INFO] autoclave: Iniciando SerialLink...
2026-01-20 09:44:11,252 [INFO] autoclave: SerialLink id: 2688113041360
2026-01-20 09:44:11,295 [INFO] src.autoclave.services.control_loop: Iniciando el bucle de control...
2026-01-20 09:44:11,296 [INFO] autoclave: SerialLink id: 2688113041360
2026-01-20 09:44:11,296 [INFO] src.autoclave.services.control_loop: Esperando conexión con ESP32...
2026-01-20 09:44:11,299 [INFO] autoclave: connected: True
2026-01-20 09:44:11,299 [INFO] autoclave: Conectado a ESP32 en COM3
2026-01-20 09:44:11,432 [INFO] src.autoclave.ui.ui_main.main_window: ✅ Interfaz creada correctamente.
2026-01-20 09:44:11,496 [INFO] autoclave: SerialLink id: 2688113041360
2026-01-20 09:44:11,496 [INFO] autoclave: SerialLink id: 2688113041360
2026-01-20 09:44:11,497 [INFO] src.autoclave.services.control_loop: Conexión establecida. Iniciando actualización de puertas...
2026-01-20 09:44:12,798 [WARNING] src.autoclave.devices.door: Estado inicial inconsistente: Puerta cerrada pero presión de empaque baja, iniciando cierre.
2026-01-20 09:44:13,100 [WARNING] src.autoclave.devices.door: Estado inicial inconsistente: Puerta cerrada pero presión de empaque baja, iniciando cierre.
2026-01-20 09:44:14,602 [INFO] src.autoclave.devices.door: Bomba de vacio encendida.
2026-01-20 09:44:14,602 [INFO] src.autoclave.devices.door: Desbloqueo de puerta activado.
2026-01-20 09:44:14,602 [INFO] src.autoclave.devices.door: Iniciando cierre de puerta.
2026-01-20 09:44:14,603 [INFO] src.autoclave.devices.door: Desbloqueo de puerta desactivado.
2026-01-20 09:44:14,604 [INFO] src.autoclave.devices.door: Bomba de vacio apagada.
2026-01-20 09:44:14,606 [INFO] src.autoclave.devices.door: Bomba de vacio encendida.
2026-01-20 09:44:14,607 [INFO] src.autoclave.devices.door: Desbloqueo de puerta activado.
2026-01-20 09:44:14,607 [INFO] src.autoclave.devices.door: Iniciando cierre de puerta.
2026-01-20 09:44:14,608 [INFO] src.autoclave.devices.door: Desbloqueo de puerta desactivado.
2026-01-20 09:44:14,609 [INFO] src.autoclave.devices.door: Bomba de vacio apagada.
2026-01-20 09:44:14,611 [INFO] src.autoclave.devices.door: Bloqueo de puerta desactivado.
2026-01-20 09:44:14,611 [INFO] src.autoclave.devices.door: Puerta cerrada correctamente.
2026-01-20 09:44:14,612 [INFO] __main__: Puerta Puerta 2: CERRANDO -> CERRADO
2026-01-20 09:44:14,612 [INFO] __main__: Puerta Puerta 2 cerrada.
2026-01-20 09:44:16,114 [INFO] src.autoclave.devices.door: Desbloqueo de puerta desactivado.
2026-01-20 09:44:16,115 [INFO] src.autoclave.devices.door: Bomba de vacio apagada.
2026-01-20 09:44:17,619 [INFO] src.autoclave.devices.door: Desbloqueo de puerta desactivado.
2026-01-20 09:44:17,619 [INFO] src.autoclave.devices.door: Bomba de vacio apagada.
2026-01-20 09:44:19,124 [INFO] src.autoclave.devices.door: Desbloqueo de puerta desactivado.
2026-01-20 09:44:19,126 [INFO] src.autoclave.devices.door: Bomba de vacio apagada.
2026-01-20 09:44:20,629 [INFO] src.autoclave.devices.door: Desbloqueo de puerta desactivado.
2026-01-20 09:44:20,629 [INFO] src.autoclave.devices.door: Bomba de vacio apagada.
2026-01-20 09:44:22,133 [INFO] src.autoclave.devices.door: Desbloqueo de puerta desactivado.
2026-01-20 09:44:22,135 [INFO] src.autoclave.devices.door: Bomba de vacio apagada.
2026-01-20 09:44:23,638 [INFO] src.autoclave.devices.door: Desbloqueo de puerta desactivado.
2026-01-20 09:44:23,639 [INFO] src.autoclave.devices.door: Bomba de vacio apagada.
2026-01-20 09:44:25,143 [INFO] src.autoclave.devices.door: Desbloqueo de puerta desactivado.
2026-01-20 09:44:25,144 [INFO] src.autoclave.devices.door: Bomba de vacio apagada.
2026-01-20 09:44:26,648 [INFO] src.autoclave.devices.door: Desbloqueo de puerta desactivado.
2026-01-20 09:44:26,648 [INFO] src.autoclave.devices.door: Bomba de vacio apagada.
2026-01-20 09:44:28,153 [INFO] src.autoclave.devices.door: Desbloqueo de puerta desactivado.
2026-01-20 09:44:28,154 [INFO] src.autoclave.devices.door: Bomba de vacio apagada.
2026-01-20 09:44:29,661 [INFO] src.autoclave.devices.door: Desbloqueo de puerta desactivado.
2026-01-20 09:44:29,662 [INFO] src.autoclave.devices.door: Bomba de vacio apagada.
2026-01-20 09:44:31,166 [INFO] src.autoclave.devices.door: Desbloqueo de puerta desactivado.
2026-01-20 09:44:31,168 [INFO] src.autoclave.devices.door: Bomba de vacio apagada.
2026-01-20 09:44:32,671 [INFO] src.autoclave.devices.door: Desbloqueo de puerta desactivado.
2026-01-20 09:44:32,672 [INFO] src.autoclave.devices.door: Bomba de vacio apagada.
2026-01-20 09:44:34,176 [INFO] src.autoclave.devices.door: Desbloqueo de puerta desactivado.
2026-01-20 09:44:34,177 [INFO] src.autoclave.devices.door: Bomba de vacio apagada.
2026-01-20 09:44:35,682 [INFO] src.autoclave.devices.door: Desbloqueo de puerta desactivado.
2026-01-20 09:44:35,684 [INFO] src.autoclave.devices.door: Bomba de vacio apagada.
2026-01-20 09:44:37,187 [INFO] src.autoclave.devices.door: Desbloqueo de puerta desactivado.
2026-01-20 09:44:37,189 [INFO] src.autoclave.devices.door: Bomba de vacio apagada.
2026-01-20 09:44:38,693 [INFO] src.autoclave.devices.door: Desbloqueo de puerta desactivado.
2026-01-20 09:44:38,695 [INFO] src.autoclave.devices.door: Bomba de vacio apagada.
2026-01-20 09:44:40,198 [INFO] src.autoclave.devices.door: Desbloqueo de puerta desactivado.
2026-01-20 09:44:40,200 [INFO] src.autoclave.devices.door: Bomba de vacio apagada.
2026-01-20 09:44:41,704 [INFO] src.autoclave.devices.door: Desbloqueo de puerta desactivado.
2026-01-20 09:44:41,705 [INFO] src.autoclave.devices.door: Bomba de vacio apagada.
2026-01-20 09:44:43,209 [INFO] src.autoclave.devices.door: Desbloqueo de puerta desactivado.
2026-01-20 09:44:43,211 [INFO] src.autoclave.devices.door: Bomba de vacio apagada.
2026-01-20 09:44:44,715 [INFO] src.autoclave.devices.door: Desbloqueo de puerta desactivado.
2026-01-20 09:44:44,716 [INFO] src.autoclave.devices.door: Bomba de vacio apagada.
2026-01-20 09:44:46,220 [INFO] src.autoclave.devices.door: Desbloqueo de puerta desactivado.
2026-01-20 09:44:46,221 [INFO] src.autoclave.devices.door: Bomba de vacio apagada.
2026-01-20 09:44:47,724 [INFO] src.autoclave.devices.door: Desbloqueo de puerta desactivado.
2026-01-20 09:44:47,725 [INFO] src.autoclave.devices.door: Bomba de vacio apagada.
2026-01-20 09:44:49,229 [INFO] src.autoclave.devices.door: Desbloqueo de puerta desactivado.
2026-01-20 09:44:49,230 [INFO] src.autoclave.devices.door: Bomba de vacio apagada.
2026-01-20 09:44:50,733 [INFO] src.autoclave.devices.door: Desbloqueo de puerta desactivado.
2026-01-20 09:44:50,734 [INFO] src.autoclave.devices.door: Bomba de vacio apagada.
2026-01-20 09:44:52,237 [INFO] src.autoclave.devices.door: Desbloqueo de puerta desactivado.
2026-01-20 09:44:52,238 [INFO] src.autoclave.devices.door: Bomba de vacio apagada.
2026-01-20 09:44:53,742 [INFO] src.autoclave.devices.door: Desbloqueo de puerta desactivado.
2026-01-20 09:44:53,743 [INFO] src.autoclave.devices.door: Bomba de vacio apagada.
2026-01-20 09:44:55,247 [INFO] src.autoclave.devices.door: Desbloqueo de puerta desactivado.
2026-01-20 09:44:55,248 [INFO] src.autoclave.devices.door: Bomba de vacio apagada.
2026-01-20 09:44:56,751 [INFO] src.autoclave.devices.door: Desbloqueo de puerta desactivado.
2026-01-20 09:44:56,751 [INFO] src.autoclave.devices.door: Bomba de vacio apagada.
2026-01-20 09:44:58,255 [INFO] src.autoclave.devices.door: Desbloqueo de puerta desactivado.
2026-01-20 09:44:58,256 [INFO] src.autoclave.devices.door: Bomba de vacio apagada.
2026-01-20 09:44:59,760 [INFO] src.autoclave.devices.door: Desbloqueo de puerta desactivado.
2026-01-20 09:44:59,760 [INFO] src.autoclave.devices.door: Bomba de vacio apagada.
2026-01-20 09:45:01,265 [INFO] src.autoclave.devices.door: Desbloqueo de puerta desactivado.
2026-01-20 09:45:01,265 [INFO] src.autoclave.devices.door: Bomba de vacio apagada.
2026-01-20 09:45:02,769 [INFO] src.autoclave.devices.door: Desbloqueo de puerta desactivado.
2026-01-20 09:45:02,770 [INFO] src.autoclave.devices.door: Bomba de vacio apagada.
2026-01-20 09:45:04,273 [INFO] src.autoclave.devices.door: Desbloqueo de puerta desactivado.
2026-01-20 09:45:04,274 [INFO] src.autoclave.devices.door: Bomba de vacio apagada.
2026-01-20 09:45:05,778 [INFO] src.autoclave.devices.door: Desbloqueo de puerta desactivado.
2026-01-20 09:45:05,778 [INFO] src.autoclave.devices.door: Bomba de vacio apagada.
2026-01-20 09:45:07,283 [INFO] src.autoclave.devices.door: Desbloqueo de puerta desactivado.
2026-01-20 09:45:07,283 [INFO] src.autoclave.devices.door: Bomba de vacio apagada.
2026-01-20 09:45:08,787 [INFO] src.autoclave.devices.door: Desbloqueo de puerta desactivado.
2026-01-20 09:45:08,787 [INFO] src.autoclave.devices.door: Bomba de vacio apagada.
2026-01-20 09:45:10,292 [INFO] src.autoclave.devices.door: Desbloqueo de puerta desactivado.
2026-01-20 09:45:10,292 [INFO] src.autoclave.devices.door: Bomba de vacio apagada.
2026-01-20 09:45:11,796 [INFO] src.autoclave.devices.door: Desbloqueo de puerta desactivado.
2026-01-20 09:45:11,797 [INFO] src.autoclave.devices.door: Bomba de vacio apagada.
2026-01-20 09:45:13,300 [INFO] src.autoclave.devices.door: Desbloqueo de puerta desactivado.
2026-01-20 09:45:13,301 [INFO] src.autoclave.devices.door: Bomba de vacio apagada.
2026-01-20 09:45:14,805 [INFO] src.autoclave.devices.door: Desbloqueo de puerta desactivado.
2026-01-20 09:45:14,805 [INFO] src.autoclave.devices.door: Bomba de vacio apagada.
2026-01-20 09:45:16,309 [INFO] src.autoclave.devices.door: Desbloqueo de puerta desactivado.
2026-01-20 09:45:16,310 [INFO] src.autoclave.devices.door: Bomba de vacio apagada.
2026-01-20 09:45:17,814 [INFO] src.autoclave.devices.door: Desbloqueo de puerta desactivado.
2026-01-20 09:45:17,814 [INFO] src.autoclave.devices.door: Bomba de vacio apagada.
2026-01-20 09:45:19,318 [INFO] src.autoclave.devices.door: Desbloqueo de puerta desactivado.
2026-01-20 09:45:19,318 [INFO] src.autoclave.devices.door: Bomba de vacio apagada.
2026-01-20 09:45:20,822 [INFO] src.autoclave.devices.door: Desbloqueo de puerta desactivado.
2026-01-20 09:45:20,823 [INFO] src.autoclave.devices.door: Bomba de vacio apagada.
2026-01-20 09:45:22,327 [INFO] src.autoclave.devices.door: Desbloqueo de puerta desactivado.
2026-01-20 09:45:22,330 [INFO] src.autoclave.devices.door: Bomba de vacio apagada.
2026-01-20 09:45:23,834 [INFO] src.autoclave.devices.door: Desbloqueo de puerta desactivado.
2026-01-20 09:45:23,834 [INFO] src.autoclave.devices.door: Bomba de vacio apagada.
2026-01-20 09:45:25,339 [INFO] src.autoclave.devices.door: Desbloqueo de puerta desactivado.
2026-01-20 09:45:25,340 [INFO] src.autoclave.devices.door: Bomba de vacio apagada.
2026-01-20 09:45:26,844 [INFO] src.autoclave.devices.door: Desbloqueo de puerta desactivado.
2026-01-20 09:45:26,845 [INFO] src.autoclave.devices.door: Bomba de vacio apagada.
2026-01-20 09:45:28,348 [INFO] src.autoclave.devices.door: Desbloqueo de puerta desactivado.
2026-01-20 09:45:28,350 [INFO] src.autoclave.devices.door: Bomba de vacio apagada.
2026-01-20 09:45:29,853 [INFO] src.autoclave.devices.door: Desbloqueo de puerta desactivado.
2026-01-20 09:45:29,855 [INFO] src.autoclave.devices.door: Bomba de vacio apagada.
2026-01-20 09:45:31,359 [INFO] src.autoclave.devices.door: Desbloqueo de puerta desactivado.
2026-01-20 09:45:31,360 [INFO] src.autoclave.devices.door: Bomba de vacio apagada.
2026-01-20 09:45:32,863 [INFO] src.autoclave.devices.door: Desbloqueo de puerta desactivado.
2026-01-20 09:45:32,865 [INFO] src.autoclave.devices.door: Bomba de vacio apagada.
2026-01-20 09:45:32,866 [INFO] src.autoclave.devices.door: Bloqueo de puerta desactivado.
2026-01-20 09:45:32,866 [INFO] src.autoclave.devices.door: Puerta cerrada correctamente.
2026-01-20 09:45:32,868 [INFO] __main__: Puerta Puerta 1: CERRANDO -> CERRADO
2026-01-20 09:45:32,868 [INFO] __main__: Puerta Puerta 1 cerrada.
2026-01-20 09:45:42,597 [INFO] __main__: Comando de apertura de puerta enviado.
2026-01-20 09:45:43,390 [INFO] src.autoclave.devices.door: Bloqueo de puerta desactivado.
2026-01-20 09:45:43,391 [INFO] src.autoclave.devices.door: Actuador de cierre desactivado.
2026-01-20 09:45:43,391 [INFO] src.autoclave.devices.door: Bomba de vacio encendida.
2026-01-20 09:45:43,392 [INFO] src.autoclave.devices.door: Desbloqueo de puerta activado.
2026-01-20 09:45:43,393 [INFO] src.autoclave.devices.door: presion empaque: 361.84 kPa.
2026-01-20 09:45:43,394 [INFO] __main__: Puerta Puerta 1: CERRADO -> ABRIENDO
2026-01-20 09:45:43,395 [INFO] __main__: Puerta Puerta 1 abriéndose...
2026-01-20 09:45:44,896 [INFO] src.autoclave.devices.door: presion empaque: 358.89 kPa.
2026-01-20 09:45:46,399 [INFO] src.autoclave.devices.door: presion empaque: 359.61 kPa.
2026-01-20 09:45:47,902 [INFO] src.autoclave.devices.door: presion empaque: 361.1 kPa.
2026-01-20 09:45:49,403 [INFO] src.autoclave.devices.door: presion empaque: 361.19 kPa.
2026-01-20 09:45:50,906 [INFO] src.autoclave.devices.door: presion empaque: 359.39 kPa.
2026-01-20 09:45:52,408 [INFO] src.autoclave.devices.door: presion empaque: 361.67 kPa.
2026-01-20 09:45:53,911 [INFO] src.autoclave.devices.door: presion empaque: 362.18 kPa.
2026-01-20 09:45:55,413 [INFO] src.autoclave.devices.door: presion empaque: 10.21 kPa.
2026-01-20 09:45:55,413 [INFO] src.autoclave.devices.door: Actuador de apertura activado.
2026-01-20 09:45:56,915 [INFO] src.autoclave.devices.door: presion empaque: 0.05 kPa.
2026-01-20 09:45:56,916 [INFO] src.autoclave.devices.door: Actuador de apertura activado.
2026-01-20 09:45:58,418 [INFO] src.autoclave.devices.door: presion empaque: 0.0 kPa.
2026-01-20 09:45:58,420 [INFO] src.autoclave.devices.door: Actuador de apertura activado.
2026-01-20 09:45:59,922 [INFO] src.autoclave.devices.door: presion empaque: 0.0 kPa.
2026-01-20 09:45:59,922 [INFO] src.autoclave.devices.door: Actuador de apertura activado.
2026-01-20 09:46:01,424 [INFO] src.autoclave.devices.door: presion empaque: 0.0 kPa.
2026-01-20 09:46:01,426 [INFO] src.autoclave.devices.door: Actuador de apertura activado.
2026-01-20 09:46:02,928 [INFO] src.autoclave.devices.door: presion empaque: 0.0 kPa.
2026-01-20 09:46:02,930 [INFO] src.autoclave.devices.door: Actuador de apertura activado.
2026-01-20 09:46:04,432 [INFO] src.autoclave.devices.door: presion empaque: 0.0 kPa.
2026-01-20 09:46:04,433 [INFO] src.autoclave.devices.door: Actuador de apertura activado.
2026-01-20 09:46:05,935 [INFO] src.autoclave.devices.door: presion empaque: 0.0 kPa.
2026-01-20 09:46:05,935 [INFO] src.autoclave.devices.door: Actuador de apertura activado.
2026-01-20 09:46:07,437 [INFO] src.autoclave.devices.door: presion empaque: 0.0 kPa.
2026-01-20 09:46:07,438 [INFO] src.autoclave.devices.door: Actuador de apertura activado.
2026-01-20 09:46:08,940 [INFO] src.autoclave.devices.door: presion empaque: 0.0 kPa.
2026-01-20 09:46:08,942 [INFO] src.autoclave.devices.door: Actuador de apertura activado.
2026-01-20 09:46:10,445 [INFO] src.autoclave.devices.door: presion empaque: 0.0 kPa.
2026-01-20 09:46:10,446 [INFO] src.autoclave.devices.door: Actuador de apertura activado.
2026-01-20 09:46:11,948 [INFO] src.autoclave.devices.door: presion empaque: 0.0 kPa.
2026-01-20 09:46:11,949 [INFO] src.autoclave.devices.door: Actuador de apertura activado.
2026-01-20 09:46:13,451 [INFO] src.autoclave.devices.door: presion empaque: 0.0 kPa.
2026-01-20 09:46:13,453 [INFO] src.autoclave.devices.door: Actuador de apertura activado.
2026-01-20 09:46:14,955 [INFO] src.autoclave.devices.door: presion empaque: 0.0 kPa.
2026-01-20 09:46:14,956 [INFO] src.autoclave.devices.door: Actuador de apertura activado.
2026-01-20 09:46:16,458 [INFO] src.autoclave.devices.door: presion empaque: 0.0 kPa.
2026-01-20 09:46:16,459 [INFO] src.autoclave.devices.door: Actuador de apertura activado.
2026-01-20 09:46:17,961 [INFO] src.autoclave.devices.door: presion empaque: 0.0 kPa.
2026-01-20 09:46:17,962 [INFO] src.autoclave.devices.door: Actuador de apertura activado.
2026-01-20 09:46:19,464 [INFO] src.autoclave.devices.door: presion empaque: 0.0 kPa.
2026-01-20 09:46:19,464 [INFO] src.autoclave.devices.door: Actuador de apertura activado.
2026-01-20 09:46:20,966 [INFO] src.autoclave.devices.door: presion empaque: 0.0 kPa.
2026-01-20 09:46:20,967 [INFO] src.autoclave.devices.door: Actuador de apertura activado.
2026-01-20 09:46:22,469 [INFO] src.autoclave.devices.door: presion empaque: 0.0 kPa.
2026-01-20 09:46:22,470 [INFO] src.autoclave.devices.door: Actuador de apertura activado.
2026-01-20 09:46:22,471 [INFO] src.autoclave.devices.door: Actuador de apertura desactivado.
2026-01-20 09:46:22,471 [INFO] src.autoclave.devices.door: Bomba de vacio apagada.
2026-01-20 09:46:22,472 [INFO] src.autoclave.devices.door: Desbloqueo de puerta desactivado.
2026-01-20 09:46:22,472 [INFO] src.autoclave.devices.door: Puerta abierta correctamente.
2026-01-20 09:46:22,474 [INFO] __main__: Puerta Puerta 1: ABRIENDO -> ABIERTO
2026-01-20 09:46:22,475 [INFO] __main__: Puerta Puerta 1 abierta.
2026-01-20 09:46:23,976 [INFO] src.autoclave.devices.door: Actuador de cierre desactivado.
2026-01-20 09:46:23,976 [INFO] src.autoclave.devices.door: Desbloqueo de puerta desactivado.
2026-01-20 09:46:23,977 [INFO] src.autoclave.devices.door: Bloqueo de puerta desactivado.
2026-01-20 09:46:25,480 [INFO] src.autoclave.devices.door: Actuador de cierre desactivado.
2026-01-20 09:46:25,480 [INFO] src.autoclave.devices.door: Desbloqueo de puerta desactivado.
2026-01-20 09:46:25,481 [INFO] src.autoclave.devices.door: Bloqueo de puerta desactivado.
2026-01-20 09:46:26,985 [INFO] src.autoclave.devices.door: Actuador de cierre desactivado.
2026-01-20 09:46:26,985 [INFO] src.autoclave.devices.door: Desbloqueo de puerta desactivado.
2026-01-20 09:46:26,986 [INFO] src.autoclave.devices.door: Bloqueo de puerta desactivado.
2026-01-20 09:46:28,489 [INFO] src.autoclave.devices.door: Actuador de cierre desactivado.
2026-01-20 09:46:28,491 [INFO] src.autoclave.devices.door: Desbloqueo de puerta desactivado.
2026-01-20 09:46:28,491 [INFO] src.autoclave.devices.door: Bloqueo de puerta desactivado.
2026-01-20 09:46:29,994 [INFO] src.autoclave.devices.door: Actuador de cierre desactivado.
2026-01-20 09:46:29,995 [INFO] src.autoclave.devices.door: Desbloqueo de puerta desactivado.
2026-01-20 09:46:29,996 [INFO] src.autoclave.devices.door: Bloqueo de puerta desactivado.
2026-01-20 09:46:31,498 [INFO] src.autoclave.devices.door: Actuador de cierre desactivado.
2026-01-20 09:46:31,498 [INFO] src.autoclave.devices.door: Desbloqueo de puerta desactivado.
2026-01-20 09:46:31,499 [INFO] src.autoclave.devices.door: Bloqueo de puerta desactivado.
2026-01-20 09:46:33,003 [INFO] src.autoclave.devices.door: Actuador de cierre desactivado.
2026-01-20 09:46:33,004 [INFO] src.autoclave.devices.door: Desbloqueo de puerta desactivado.
2026-01-20 09:46:33,005 [INFO] src.autoclave.devices.door: Bloqueo de puerta desactivado.
2026-01-20 09:46:34,507 [INFO] src.autoclave.devices.door: Actuador de cierre desactivado.
2026-01-20 09:46:34,508 [INFO] src.autoclave.devices.door: Desbloqueo de puerta desactivado.
2026-01-20 09:46:34,508 [INFO] src.autoclave.devices.door: Bloqueo de puerta desactivado.
2026-01-20 09:46:36,011 [INFO] src.autoclave.devices.door: Actuador de cierre desactivado.
2026-01-20 09:46:36,012 [INFO] src.autoclave.devices.door: Desbloqueo de puerta desactivado.
2026-01-20 09:46:36,013 [INFO] src.autoclave.devices.door: Bloqueo de puerta desactivado.
2026-01-20 09:46:37,516 [INFO] src.autoclave.devices.door: Actuador de cierre desactivado.
2026-01-20 09:46:37,518 [INFO] src.autoclave.devices.door: Desbloqueo de puerta desactivado.
2026-01-20 09:46:37,519 [INFO] src.autoclave.devices.door: Bloqueo de puerta desactivado.
2026-01-20 09:46:39,021 [INFO] src.autoclave.devices.door: Actuador de cierre desactivado.
2026-01-20 09:46:39,022 [INFO] src.autoclave.devices.door: Desbloqueo de puerta desactivado.
2026-01-20 09:46:39,022 [INFO] src.autoclave.devices.door: Bloqueo de puerta desactivado.
2026-01-20 09:46:40,526 [INFO] src.autoclave.devices.door: Actuador de cierre desactivado.
2026-01-20 09:46:40,526 [INFO] src.autoclave.devices.door: Desbloqueo de puerta desactivado.
2026-01-20 09:46:40,527 [INFO] src.autoclave.devices.door: Bloqueo de puerta desactivado.
2026-01-20 09:46:42,030 [INFO] src.autoclave.devices.door: Actuador de cierre desactivado.
2026-01-20 09:46:42,032 [INFO] src.autoclave.devices.door: Desbloqueo de puerta desactivado.
2026-01-20 09:46:42,033 [INFO] src.autoclave.devices.door: Bloqueo de puerta desactivado.
2026-01-20 09:46:43,535 [INFO] src.autoclave.devices.door: Actuador de cierre desactivado.
2026-01-20 09:46:43,536 [INFO] src.autoclave.devices.door: Desbloqueo de puerta desactivado.
2026-01-20 09:46:43,537 [INFO] src.autoclave.devices.door: Bloqueo de puerta desactivado.
2026-01-20 09:46:45,040 [INFO] src.autoclave.devices.door: Actuador de cierre desactivado.
2026-01-20 09:46:45,042 [INFO] src.autoclave.devices.door: Desbloqueo de puerta desactivado.
2026-01-20 09:46:45,043 [INFO] src.autoclave.devices.door: Bloqueo de puerta desactivado.
2026-01-20 09:46:46,545 [INFO] src.autoclave.devices.door: Actuador de cierre desactivado.
2026-01-20 09:46:46,545 [INFO] src.autoclave.devices.door: Desbloqueo de puerta desactivado.
2026-01-20 09:46:46,546 [INFO] src.autoclave.devices.door: Bloqueo de puerta desactivado.
2026-01-20 09:46:48,050 [INFO] src.autoclave.devices.door: Actuador de cierre desactivado.
2026-01-20 09:46:48,051 [INFO] src.autoclave.devices.door: Desbloqueo de puerta desactivado.
2026-01-20 09:46:48,051 [INFO] src.autoclave.devices.door: Bloqueo de puerta desactivado.
2026-01-20 09:46:49,554 [INFO] src.autoclave.devices.door: Actuador de cierre desactivado.
2026-01-20 09:46:49,556 [INFO] src.autoclave.devices.door: Desbloqueo de puerta desactivado.
2026-01-20 09:46:49,557 [INFO] src.autoclave.devices.door: Bloqueo de puerta desactivado.
2026-01-20 09:46:51,060 [INFO] src.autoclave.devices.door: Actuador de cierre desactivado.
2026-01-20 09:46:51,062 [INFO] src.autoclave.devices.door: Desbloqueo de puerta desactivado.
2026-01-20 09:46:51,063 [INFO] src.autoclave.devices.door: Bloqueo de puerta desactivado.
2026-01-20 09:46:52,566 [INFO] src.autoclave.devices.door: Actuador de cierre desactivado.
2026-01-20 09:46:52,567 [INFO] src.autoclave.devices.door: Desbloqueo de puerta desactivado.
2026-01-20 09:46:52,568 [INFO] src.autoclave.devices.door: Bloqueo de puerta desactivado.
2026-01-20 09:46:53,314 [INFO] __main__: Comando de cierre de puerta enviado.
2026-01-20 09:46:54,070 [INFO] src.autoclave.devices.door: Bomba de vacio encendida.
2026-01-20 09:46:54,072 [INFO] src.autoclave.devices.door: Desbloqueo de puerta activado.
2026-01-20 09:46:54,072 [INFO] src.autoclave.devices.door: Iniciando cierre de puerta.
2026-01-20 09:46:54,073 [INFO] __main__: Puerta Puerta 1: ABIERTO -> CERRANDO
2026-01-20 09:46:54,073 [INFO] __main__: Puerta Puerta 1 cerrándose...
2026-01-20 09:47:19,605 [INFO] src.autoclave.devices.door: Desbloqueo de puerta desactivado.
2026-01-20 09:47:19,606 [INFO] src.autoclave.devices.door: Bomba de vacio apagada.
2026-01-20 09:47:21,109 [INFO] src.autoclave.devices.door: Desbloqueo de puerta desactivado.
2026-01-20 09:47:21,109 [INFO] src.autoclave.devices.door: Bomba de vacio apagada.
2026-01-20 09:47:22,614 [INFO] src.autoclave.devices.door: Desbloqueo de puerta desactivado.
2026-01-20 09:47:22,615 [INFO] src.autoclave.devices.door: Bomba de vacio apagada.
2026-01-20 09:47:24,119 [INFO] src.autoclave.devices.door: Desbloqueo de puerta desactivado.
2026-01-20 09:47:24,121 [INFO] src.autoclave.devices.door: Bomba de vacio apagada.
2026-01-20 09:47:25,624 [INFO] src.autoclave.devices.door: Desbloqueo de puerta desactivado.
2026-01-20 09:47:25,624 [INFO] src.autoclave.devices.door: Bomba de vacio apagada.
2026-01-20 09:47:27,129 [INFO] src.autoclave.devices.door: Desbloqueo de puerta desactivado.
2026-01-20 09:47:27,130 [INFO] src.autoclave.devices.door: Bomba de vacio apagada.
2026-01-20 09:47:27,132 [INFO] src.autoclave.devices.door: Bloqueo de puerta desactivado.
2026-01-20 09:47:27,132 [INFO] src.autoclave.devices.door: Puerta cerrada correctamente.
2026-01-20 09:47:27,133 [INFO] __main__: Puerta Puerta 1: CERRANDO -> CERRADO
2026-01-20 09:47:27,134 [INFO] __main__: Puerta Puerta 1 cerrada.
2026-01-20 09:47:42,558 [INFO] __main__: Comando de apertura de puerta enviado.
2026-01-20 09:47:43,670 [INFO] src.autoclave.devices.door: Bloqueo de puerta desactivado.
2026-01-20 09:47:43,671 [INFO] src.autoclave.devices.door: Actuador de cierre desactivado.
2026-01-20 09:47:43,673 [INFO] src.autoclave.devices.door: Bomba de vacio encendida.
2026-01-20 09:47:43,674 [INFO] src.autoclave.devices.door: Desbloqueo de puerta activado.
2026-01-20 09:47:43,675 [INFO] src.autoclave.devices.door: presion empaque: 360.16 kPa.
2026-01-20 09:47:43,676 [INFO] __main__: Puerta Puerta 1: CERRADO -> ABRIENDO
2026-01-20 09:47:43,677 [INFO] __main__: Puerta Puerta 1 abriéndose...
2026-01-20 09:47:45,178 [INFO] src.autoclave.devices.door: presion empaque: 360.08 kPa.
2026-01-20 09:47:46,681 [INFO] src.autoclave.devices.door: presion empaque: 363.94 kPa.
2026-01-20 09:47:48,183 [INFO] src.autoclave.devices.door: presion empaque: 357.73 kPa.
2026-01-20 09:47:49,684 [INFO] src.autoclave.devices.door: presion empaque: 3.47 kPa.
2026-01-20 09:47:49,686 [INFO] src.autoclave.devices.door: Actuador de apertura activado.
2026-01-20 09:47:51,189 [INFO] src.autoclave.devices.door: presion empaque: 0.02 kPa.
2026-01-20 09:47:51,191 [INFO] src.autoclave.devices.door: Actuador de apertura activado.
2026-01-20 09:47:52,693 [INFO] src.autoclave.devices.door: presion empaque: 0.0 kPa.
2026-01-20 09:47:52,693 [INFO] src.autoclave.devices.door: Actuador de apertura activado.
2026-01-20 09:47:54,195 [INFO] src.autoclave.devices.door: presion empaque: 0.0 kPa.
2026-01-20 09:47:54,197 [INFO] src.autoclave.devices.door: Actuador de apertura activado.
2026-01-20 09:47:55,700 [INFO] src.autoclave.devices.door: presion empaque: 0.0 kPa.
2026-01-20 09:47:55,701 [INFO] src.autoclave.devices.door: Actuador de apertura activado.
2026-01-20 09:47:57,203 [INFO] src.autoclave.devices.door: presion empaque: 0.0 kPa.
2026-01-20 09:47:57,203 [INFO] src.autoclave.devices.door: Actuador de apertura activado.
2026-01-20 09:47:58,706 [INFO] src.autoclave.devices.door: presion empaque: 0.0 kPa.
2026-01-20 09:47:58,707 [INFO] src.autoclave.devices.door: Actuador de apertura activado.
2026-01-20 09:48:00,210 [INFO] src.autoclave.devices.door: presion empaque: 0.0 kPa.
2026-01-20 09:48:00,211 [INFO] src.autoclave.devices.door: Actuador de apertura activado.
2026-01-20 09:48:00,212 [INFO] src.autoclave.devices.door: Actuador de apertura desactivado.
2026-01-20 09:48:00,213 [INFO] src.autoclave.devices.door: Bomba de vacio apagada.
2026-01-20 09:48:00,213 [INFO] src.autoclave.devices.door: Desbloqueo de puerta desactivado.
2026-01-20 09:48:00,214 [INFO] src.autoclave.devices.door: Puerta abierta correctamente.
2026-01-20 09:48:00,215 [INFO] __main__: Puerta Puerta 1: ABRIENDO -> ABIERTO
2026-01-20 09:48:00,216 [INFO] __main__: Puerta Puerta 1 abierta.
2026-01-20 09:48:01,717 [INFO] src.autoclave.devices.door: Actuador de cierre desactivado.
2026-01-20 09:48:01,717 [INFO] src.autoclave.devices.door: Desbloqueo de puerta desactivado.
2026-01-20 09:48:01,718 [INFO] src.autoclave.devices.door: Bloqueo de puerta desactivado.
2026-01-20 09:48:03,221 [INFO] src.autoclave.devices.door: Actuador de cierre desactivado.
2026-01-20 09:48:03,221 [INFO] src.autoclave.devices.door: Desbloqueo de puerta desactivado.
2026-01-20 09:48:03,222 [INFO] src.autoclave.devices.door: Bloqueo de puerta desactivado.
2026-01-20 09:48:04,726 [INFO] src.autoclave.devices.door: Actuador de cierre desactivado.
2026-01-20 09:48:04,727 [INFO] src.autoclave.devices.door: Desbloqueo de puerta desactivado.
2026-01-20 09:48:04,727 [INFO] src.autoclave.devices.door: Bloqueo de puerta desactivado.
2026-01-20 09:48:06,230 [INFO] src.autoclave.devices.door: Actuador de cierre desactivado.
2026-01-20 09:48:06,231 [INFO] src.autoclave.devices.door: Desbloqueo de puerta desactivado.
2026-01-20 09:48:06,232 [INFO] src.autoclave.devices.door: Bloqueo de puerta desactivado.
2026-01-20 09:48:07,735 [INFO] src.autoclave.devices.door: Actuador de cierre desactivado.
2026-01-20 09:48:07,736 [INFO] src.autoclave.devices.door: Desbloqueo de puerta desactivado.
2026-01-20 09:48:07,737 [INFO] src.autoclave.devices.door: Bloqueo de puerta desactivado.
2026-01-20 09:48:09,240 [INFO] src.autoclave.devices.door: Actuador de cierre desactivado.
2026-01-20 09:48:09,242 [INFO] src.autoclave.devices.door: Desbloqueo de puerta desactivado.
2026-01-20 09:48:09,244 [INFO] src.autoclave.devices.door: Bloqueo de puerta desactivado.
2026-01-20 09:48:10,747 [INFO] src.autoclave.devices.door: Actuador de cierre desactivado.
2026-01-20 09:48:10,747 [INFO] src.autoclave.devices.door: Desbloqueo de puerta desactivado.
2026-01-20 09:48:10,748 [INFO] src.autoclave.devices.door: Bloqueo de puerta desactivado.
2026-01-20 09:48:12,252 [INFO] src.autoclave.devices.door: Actuador de cierre desactivado.
2026-01-20 09:48:12,253 [INFO] src.autoclave.devices.door: Desbloqueo de puerta desactivado.
2026-01-20 09:48:12,254 [INFO] src.autoclave.devices.door: Bloqueo de puerta desactivado.
2026-01-20 09:48:13,757 [INFO] src.autoclave.devices.door: Actuador de cierre desactivado.
2026-01-20 09:48:13,759 [INFO] src.autoclave.devices.door: Desbloqueo de puerta desactivado.
2026-01-20 09:48:13,759 [INFO] src.autoclave.devices.door: Bloqueo de puerta desactivado.
2026-01-20 09:48:15,262 [INFO] src.autoclave.devices.door: Actuador de cierre desactivado.
2026-01-20 09:48:15,264 [INFO] src.autoclave.devices.door: Desbloqueo de puerta desactivado.
2026-01-20 09:48:15,264 [INFO] src.autoclave.devices.door: Bloqueo de puerta desactivado.
2026-01-20 09:48:16,767 [INFO] src.autoclave.devices.door: Actuador de cierre desactivado.
2026-01-20 09:48:16,768 [INFO] src.autoclave.devices.door: Desbloqueo de puerta desactivado.
2026-01-20 09:48:16,768 [INFO] src.autoclave.devices.door: Bloqueo de puerta desactivado.
2026-01-20 09:48:18,272 [INFO] src.autoclave.devices.door: Actuador de cierre desactivado.
2026-01-20 09:48:18,273 [INFO] src.autoclave.devices.door: Desbloqueo de puerta desactivado.
2026-01-20 09:48:18,275 [INFO] src.autoclave.devices.door: Bloqueo de puerta desactivado.
2026-01-20 09:48:19,778 [INFO] src.autoclave.devices.door: Actuador de cierre desactivado.
2026-01-20 09:48:19,779 [INFO] src.autoclave.devices.door: Desbloqueo de puerta desactivado.
2026-01-20 09:48:19,780 [INFO] src.autoclave.devices.door: Bloqueo de puerta desactivado.
2026-01-20 09:48:21,283 [INFO] src.autoclave.devices.door: Actuador de cierre desactivado.
2026-01-20 09:48:21,284 [INFO] src.autoclave.devices.door: Desbloqueo de puerta desactivado.
2026-01-20 09:48:21,284 [INFO] src.autoclave.devices.door: Bloqueo de puerta desactivado.
2026-01-20 09:48:22,787 [INFO] src.autoclave.devices.door: Actuador de cierre desactivado.
2026-01-20 09:48:22,788 [INFO] src.autoclave.devices.door: Desbloqueo de puerta desactivado.
2026-01-20 09:48:22,789 [INFO] src.autoclave.devices.door: Bloqueo de puerta desactivado.
2026-01-20 09:48:24,292 [INFO] src.autoclave.devices.door: Actuador de cierre desactivado.
2026-01-20 09:48:24,294 [INFO] src.autoclave.devices.door: Desbloqueo de puerta desactivado.
2026-01-20 09:48:24,295 [INFO] src.autoclave.devices.door: Bloqueo de puerta desactivado.
2026-01-20 09:48:25,798 [INFO] src.autoclave.devices.door: Actuador de cierre desactivado.
2026-01-20 09:48:25,799 [INFO] src.autoclave.devices.door: Desbloqueo de puerta desactivado.
2026-01-20 09:48:25,800 [INFO] src.autoclave.devices.door: Bloqueo de puerta desactivado.
2026-01-20 09:48:27,302 [INFO] src.autoclave.devices.door: Actuador de cierre desactivado.
2026-01-20 09:48:27,303 [INFO] src.autoclave.devices.door: Desbloqueo de puerta desactivado.
2026-01-20 09:48:27,303 [INFO] src.autoclave.devices.door: Bloqueo de puerta desactivado.
2026-01-20 09:48:28,807 [INFO] src.autoclave.devices.door: Actuador de cierre desactivado.
2026-01-20 09:48:28,809 [INFO] src.autoclave.devices.door: Desbloqueo de puerta desactivado.
2026-01-20 09:48:28,810 [INFO] src.autoclave.devices.door: Bloqueo de puerta desactivado.
2026-01-20 09:48:30,312 [INFO] src.autoclave.devices.door: Actuador de cierre desactivado.
2026-01-20 09:48:30,314 [INFO] src.autoclave.devices.door: Desbloqueo de puerta desactivado.
2026-01-20 09:48:30,315 [INFO] src.autoclave.devices.door: Bloqueo de puerta desactivado.
2026-01-20 09:48:31,817 [INFO] src.autoclave.devices.door: Actuador de cierre desactivado.
2026-01-20 09:48:31,818 [INFO] src.autoclave.devices.door: Desbloqueo de puerta desactivado.
2026-01-20 09:48:31,818 [INFO] src.autoclave.devices.door: Bloqueo de puerta desactivado.
2026-01-20 09:48:33,322 [INFO] src.autoclave.devices.door: Actuador de cierre desactivado.
2026-01-20 09:48:33,324 [INFO] src.autoclave.devices.door: Desbloqueo de puerta desactivado.
2026-01-20 09:48:33,325 [INFO] src.autoclave.devices.door: Bloqueo de puerta desactivado.
2026-01-20 09:48:34,827 [INFO] src.autoclave.devices.door: Actuador de cierre desactivado.
2026-01-20 09:48:34,828 [INFO] src.autoclave.devices.door: Desbloqueo de puerta desactivado.
2026-01-20 09:48:34,829 [INFO] src.autoclave.devices.door: Bloqueo de puerta desactivado.
2026-01-20 09:48:36,332 [INFO] src.autoclave.devices.door: Actuador de cierre desactivado.
2026-01-20 09:48:36,334 [INFO] src.autoclave.devices.door: Desbloqueo de puerta desactivado.
2026-01-20 09:48:36,335 [INFO] src.autoclave.devices.door: Bloqueo de puerta desactivado.
2026-01-20 09:48:37,837 [INFO] src.autoclave.devices.door: Actuador de cierre desactivado.
2026-01-20 09:48:37,838 [INFO] src.autoclave.devices.door: Desbloqueo de puerta desactivado.
2026-01-20 09:48:37,839 [INFO] src.autoclave.devices.door: Bloqueo de puerta desactivado.
2026-01-20 09:48:39,343 [INFO] src.autoclave.devices.door: Actuador de cierre desactivado.
2026-01-20 09:48:39,344 [INFO] src.autoclave.devices.door: Desbloqueo de puerta desactivado.
2026-01-20 09:48:39,345 [INFO] src.autoclave.devices.door: Bloqueo de puerta desactivado.
2026-01-20 09:48:40,077 [INFO] __main__: Comando de cierre de puerta enviado.
2026-01-20 09:48:40,848 [INFO] src.autoclave.devices.door: Bomba de vacio encendida.
2026-01-20 09:48:40,849 [INFO] src.autoclave.devices.door: Desbloqueo de puerta activado.
2026-01-20 09:48:40,849 [INFO] src.autoclave.devices.door: Iniciando cierre de puerta.
2026-01-20 09:48:40,851 [INFO] __main__: Puerta Puerta 1: ABIERTO -> CERRANDO
2026-01-20 09:48:40,852 [INFO] __main__: Puerta Puerta 1 cerrándose...
2026-01-20 09:48:58,875 [INFO] src.autoclave.devices.door: Actuador de cierre desactivado.
2026-01-20 09:48:58,876 [INFO] src.autoclave.devices.door: Bomba de vacio apagada.
2026-01-20 09:48:58,878 [INFO] __main__: Puerta Puerta 1: CERRANDO -> ATRAPADA
2026-01-20 09:48:58,878 [ERROR] __main__: ¡Puerta Puerta 1 atrapada!
2026-01-20 09:49:00,380 [INFO] src.autoclave.devices.door: Actuador de cierre desactivado.
2026-01-20 09:49:00,381 [INFO] src.autoclave.devices.door: Bomba de vacio apagada.
2026-01-20 09:49:00,381 [INFO] src.autoclave.devices.door: Desbloqueo de puerta desactivado.
2026-01-20 09:49:00,382 [INFO] src.autoclave.devices.door: Puerta atrapada, intentando apertura automática.
2026-01-20 09:49:00,382 [INFO] src.autoclave.devices.door: Puerta liberada y abierta correctamente.
2026-01-20 09:49:00,383 [INFO] __main__: Puerta Puerta 1: ATRAPADA -> ABIERTO
2026-01-20 09:49:00,383 [INFO] __main__: Puerta Puerta 1 abierta.
2026-01-20 09:49:01,885 [INFO] src.autoclave.devices.door: Actuador de cierre desactivado.
2026-01-20 09:49:01,886 [INFO] src.autoclave.devices.door: Desbloqueo de puerta desactivado.
2026-01-20 09:49:01,886 [INFO] src.autoclave.devices.door: Bloqueo de puerta desactivado.
2026-01-20 09:49:03,389 [INFO] src.autoclave.devices.door: Actuador de cierre desactivado.
2026-01-20 09:49:03,391 [INFO] src.autoclave.devices.door: Desbloqueo de puerta desactivado.
2026-01-20 09:49:03,391 [INFO] src.autoclave.devices.door: Bloqueo de puerta desactivado.
2026-01-20 09:49:04,894 [INFO] src.autoclave.devices.door: Actuador de cierre desactivado.
2026-01-20 09:49:04,895 [INFO] src.autoclave.devices.door: Desbloqueo de puerta desactivado.
2026-01-20 09:49:04,897 [INFO] src.autoclave.devices.door: Bloqueo de puerta desactivado.
2026-01-20 09:49:06,399 [INFO] src.autoclave.devices.door: Actuador de cierre desactivado.
2026-01-20 09:49:06,400 [INFO] src.autoclave.devices.door: Desbloqueo de puerta desactivado.
2026-01-20 09:49:06,402 [INFO] src.autoclave.devices.door: Bloqueo de puerta desactivado.
2026-01-20 09:49:07,904 [INFO] src.autoclave.devices.door: Actuador de cierre desactivado.
2026-01-20 09:49:07,905 [INFO] src.autoclave.devices.door: Desbloqueo de puerta desactivado.
2026-01-20 09:49:07,905 [INFO] src.autoclave.devices.door: Bloqueo de puerta desactivado.
2026-01-20 09:49:09,408 [INFO] src.autoclave.devices.door: Actuador de cierre desactivado.
2026-01-20 09:49:09,409 [INFO] src.autoclave.devices.door: Desbloqueo de puerta desactivado.
2026-01-20 09:49:09,410 [INFO] src.autoclave.devices.door: Bloqueo de puerta desactivado.
2026-01-20 09:49:10,913 [INFO] src.autoclave.devices.door: Actuador de cierre desactivado.
2026-01-20 09:49:10,914 [INFO] src.autoclave.devices.door: Desbloqueo de puerta desactivado.
2026-01-20 09:49:10,914 [INFO] src.autoclave.devices.door: Bloqueo de puerta desactivado.
2026-01-20 09:49:11,531 [INFO] src.autoclave.ui.ui_main.main_window: ⏻ Apagando equipo...
2026-01-20 09:49:12,418 [INFO] src.autoclave.devices.door: Actuador de cierre desactivado.
2026-01-20 09:49:12,418 [INFO] src.autoclave.devices.door: Desbloqueo de puerta desactivado.
2026-01-20 09:49:12,419 [INFO] src.autoclave.devices.door: Bloqueo de puerta desactivado.
2026-01-20 09:49:13,922 [INFO] src.autoclave.devices.door: Actuador de cierre desactivado.
2026-01-20 09:49:13,923 [INFO] src.autoclave.devices.door: Desbloqueo de puerta desactivado.
2026-01-20 09:49:13,924 [INFO] src.autoclave.devices.door: Bloqueo de puerta desactivado.
2026-01-20 09:49:14,579 [INFO] __main__: Cerrando la aplicación Autoclave...
2026-01-20 09:49:14,612 [INFO] autoclave: Deteniendo SerialLink...
2026-01-20 09:49:15,427 [INFO] src.autoclave.devices.door: Actuador de cierre desactivado.
2026-01-20 09:49:15,429 [INFO] src.autoclave.devices.door: Desbloqueo de puerta desactivado.
2026-01-20 09:49:15,430 [INFO] src.autoclave.devices.door: Bloqueo de puerta desactivado.
2026-01-20 09:49:15,619 [INFO] autoclave: Puerto serial cerrado.
2026-01-20 09:49:15,620 [INFO] src.autoclave.services.control_loop: Flujo de datos detenido.
2026-01-20 10:24:31,181 [INFO] sqlalchemy.engine.Engine: BEGIN (implicit)
2026-01-20 10:24:31,182 [INFO] sqlalchemy.engine.Engine: PRAGMA main.table_info("ac_puerto")
2026-01-20 10:24:31,182 [INFO] sqlalchemy.engine.Engine: [raw sql] ()
2026-01-20 10:24:31,183 [INFO] sqlalchemy.engine.Engine: PRAGMA main.table_info("ac_pantalla_control")
2026-01-20 10:24:31,183 [INFO] sqlalchemy.engine.Engine: [raw sql] ()
2026-01-20 10:24:31,183 [INFO] sqlalchemy.engine.Engine: PRAGMA main.table_info("proceso_control")
2026-01-20 10:24:31,184 [INFO] sqlalchemy.engine.Engine: [raw sql] ()
2026-01-20 10:24:31,184 [INFO] sqlalchemy.engine.Engine: PRAGMA main.table_info("proceso_fase")
2026-01-20 10:24:31,184 [INFO] sqlalchemy.engine.Engine: [raw sql] ()
2026-01-20 10:24:31,184 [INFO] sqlalchemy.engine.Engine: PRAGMA main.table_info("proceso_fase_parametro")
2026-01-20 10:24:31,184 [INFO] sqlalchemy.engine.Engine: [raw sql] ()
2026-01-20 10:24:31,185 [INFO] sqlalchemy.engine.Engine: COMMIT
2026-01-20 10:24:31,357 [INFO] __main__: Iniciando la aplicación Autoclave...
2026-01-20 10:24:31,364 [INFO] autoclave: Iniciando SerialLink...
2026-01-20 10:24:31,365 [INFO] autoclave: SerialLink id: 2818797330384
2026-01-20 10:24:31,412 [INFO] src.autoclave.services.control_loop: Iniciando el bucle de control...
2026-01-20 10:24:31,413 [INFO] autoclave: SerialLink id: 2818797330384
2026-01-20 10:24:31,413 [INFO] src.autoclave.services.control_loop: Esperando conexión con ESP32...
2026-01-20 10:24:31,417 [INFO] autoclave: connected: True
2026-01-20 10:24:31,417 [INFO] autoclave: Conectado a ESP32 en COM3
2026-01-20 10:24:31,564 [INFO] src.autoclave.ui.ui_main.main_window: ✅ Interfaz creada correctamente.
2026-01-20 10:24:31,613 [INFO] autoclave: SerialLink id: 2818797330384
2026-01-20 10:24:31,614 [INFO] autoclave: SerialLink id: 2818797330384
2026-01-20 10:24:31,614 [INFO] src.autoclave.services.control_loop: Conexión establecida. Iniciando actualización de puertas...
2026-01-20 10:24:32,615 [INFO] src.autoclave.devices.door: Estado inicial detectado: ABIERTO.
2026-01-20 10:24:32,915 [WARNING] src.autoclave.devices.door: Estado inicial inconsistente: Puerta cerrada pero presión de empaque baja, iniciando cierre.
2026-01-20 10:24:34,417 [INFO] src.autoclave.devices.door: Actuador de cierre desactivado.
2026-01-20 10:24:34,419 [INFO] src.autoclave.devices.door: Desbloqueo de puerta desactivado.
2026-01-20 10:24:34,420 [INFO] src.autoclave.devices.door: Bloqueo de puerta desactivado.
2026-01-20 10:24:34,421 [INFO] src.autoclave.devices.door: Bomba de vacio encendida.
2026-01-20 10:24:34,422 [INFO] src.autoclave.devices.door: Desbloqueo de puerta activado.
2026-01-20 10:24:34,423 [INFO] src.autoclave.devices.door: Iniciando cierre de puerta.
2026-01-20 10:24:34,423 [INFO] src.autoclave.devices.door: Desbloqueo de puerta desactivado.
2026-01-20 10:24:34,424 [INFO] src.autoclave.devices.door: Bomba de vacio apagada.
2026-01-20 10:24:34,426 [INFO] src.autoclave.devices.door: Bloqueo de puerta desactivado.
2026-01-20 10:24:34,426 [INFO] src.autoclave.devices.door: Puerta cerrada correctamente.
2026-01-20 10:24:34,426 [INFO] __main__: Puerta Puerta 2: CERRANDO -> CERRADO
2026-01-20 10:24:34,426 [INFO] __main__: Puerta Puerta 2 cerrada.
2026-01-20 10:24:35,928 [INFO] src.autoclave.devices.door: Actuador de cierre desactivado.
2026-01-20 10:24:35,930 [INFO] src.autoclave.devices.door: Desbloqueo de puerta desactivado.
2026-01-20 10:24:35,930 [INFO] src.autoclave.devices.door: Bloqueo de puerta desactivado.
2026-01-20 10:24:37,433 [INFO] src.autoclave.devices.door: Actuador de cierre desactivado.
2026-01-20 10:24:37,433 [INFO] src.autoclave.devices.door: Desbloqueo de puerta desactivado.
2026-01-20 10:24:37,434 [INFO] src.autoclave.devices.door: Bloqueo de puerta desactivado.
2026-01-20 10:24:38,937 [INFO] src.autoclave.devices.door: Actuador de cierre desactivado.
2026-01-20 10:24:38,938 [INFO] src.autoclave.devices.door: Desbloqueo de puerta desactivado.
2026-01-20 10:24:38,938 [INFO] src.autoclave.devices.door: Bloqueo de puerta desactivado.
2026-01-20 10:24:40,442 [INFO] src.autoclave.devices.door: Actuador de cierre desactivado.
2026-01-20 10:24:40,442 [INFO] src.autoclave.devices.door: Desbloqueo de puerta desactivado.
2026-01-20 10:24:40,443 [INFO] src.autoclave.devices.door: Bloqueo de puerta desactivado.
2026-01-20 10:24:41,947 [INFO] src.autoclave.devices.door: Actuador de cierre desactivado.
2026-01-20 10:24:41,948 [INFO] src.autoclave.devices.door: Desbloqueo de puerta desactivado.
2026-01-20 10:24:41,948 [INFO] src.autoclave.devices.door: Bloqueo de puerta desactivado.
2026-01-20 10:24:43,451 [INFO] src.autoclave.devices.door: Actuador de cierre desactivado.
2026-01-20 10:24:43,451 [INFO] src.autoclave.devices.door: Desbloqueo de puerta desactivado.
2026-01-20 10:24:43,452 [INFO] src.autoclave.devices.door: Bloqueo de puerta desactivado.
2026-01-20 10:24:44,956 [INFO] src.autoclave.devices.door: Actuador de cierre desactivado.
2026-01-20 10:24:44,958 [INFO] src.autoclave.devices.door: Desbloqueo de puerta desactivado.
2026-01-20 10:24:44,959 [INFO] src.autoclave.devices.door: Bloqueo de puerta desactivado.
2026-01-20 10:24:46,461 [INFO] src.autoclave.devices.door: Actuador de cierre desactivado.
2026-01-20 10:24:46,462 [INFO] src.autoclave.devices.door: Desbloqueo de puerta desactivado.
2026-01-20 10:24:46,462 [INFO] src.autoclave.devices.door: Bloqueo de puerta desactivado.
2026-01-20 10:24:47,966 [INFO] src.autoclave.devices.door: Actuador de cierre desactivado.
2026-01-20 10:24:47,968 [INFO] src.autoclave.devices.door: Desbloqueo de puerta desactivado.
2026-01-20 10:24:47,969 [INFO] src.autoclave.devices.door: Bloqueo de puerta desactivado.
2026-01-20 10:24:49,472 [INFO] src.autoclave.devices.door: Actuador de cierre desactivado.
2026-01-20 10:24:49,472 [INFO] src.autoclave.devices.door: Desbloqueo de puerta desactivado.
2026-01-20 10:24:49,473 [INFO] src.autoclave.devices.door: Bloqueo de puerta desactivado.
2026-01-20 10:24:50,977 [INFO] src.autoclave.devices.door: Actuador de cierre desactivado.
2026-01-20 10:24:50,977 [INFO] src.autoclave.devices.door: Desbloqueo de puerta desactivado.
2026-01-20 10:24:50,978 [INFO] src.autoclave.devices.door: Bloqueo de puerta desactivado.
2026-01-20 10:24:52,481 [INFO] src.autoclave.devices.door: Actuador de cierre desactivado.
2026-01-20 10:24:52,481 [INFO] src.autoclave.devices.door: Desbloqueo de puerta desactivado.
2026-01-20 10:24:52,482 [INFO] src.autoclave.devices.door: Bloqueo de puerta desactivado.
2026-01-20 10:24:53,985 [INFO] src.autoclave.devices.door: Actuador de cierre desactivado.
2026-01-20 10:24:53,987 [INFO] src.autoclave.devices.door: Desbloqueo de puerta desactivado.
2026-01-20 10:24:53,988 [INFO] src.autoclave.devices.door: Bloqueo de puerta desactivado.
2026-01-20 10:24:55,491 [INFO] src.autoclave.devices.door: Actuador de cierre desactivado.
2026-01-20 10:24:55,492 [INFO] src.autoclave.devices.door: Desbloqueo de puerta desactivado.
2026-01-20 10:24:55,493 [INFO] src.autoclave.devices.door: Bloqueo de puerta desactivado.
2026-01-20 10:24:56,995 [INFO] src.autoclave.devices.door: Actuador de cierre desactivado.
2026-01-20 10:24:56,996 [INFO] src.autoclave.devices.door: Desbloqueo de puerta desactivado.
2026-01-20 10:24:56,996 [INFO] src.autoclave.devices.door: Bloqueo de puerta desactivado.
2026-01-20 10:24:58,501 [INFO] src.autoclave.devices.door: Actuador de cierre desactivado.
2026-01-20 10:24:58,503 [INFO] src.autoclave.devices.door: Desbloqueo de puerta desactivado.
2026-01-20 10:24:58,504 [INFO] src.autoclave.devices.door: Bloqueo de puerta desactivado.
2026-01-20 10:25:00,007 [INFO] src.autoclave.devices.door: Actuador de cierre desactivado.
2026-01-20 10:25:00,007 [INFO] src.autoclave.devices.door: Desbloqueo de puerta desactivado.
2026-01-20 10:25:00,008 [INFO] src.autoclave.devices.door: Bloqueo de puerta desactivado.
2026-01-20 10:25:01,511 [INFO] src.autoclave.devices.door: Actuador de cierre desactivado.
2026-01-20 10:25:01,511 [INFO] src.autoclave.devices.door: Desbloqueo de puerta desactivado.
2026-01-20 10:25:01,512 [INFO] src.autoclave.devices.door: Bloqueo de puerta desactivado.
2026-01-20 10:25:03,015 [INFO] src.autoclave.devices.door: Actuador de cierre desactivado.
2026-01-20 10:25:03,015 [INFO] src.autoclave.devices.door: Desbloqueo de puerta desactivado.
2026-01-20 10:25:03,016 [INFO] src.autoclave.devices.door: Bloqueo de puerta desactivado.
2026-01-20 10:25:04,520 [INFO] src.autoclave.devices.door: Actuador de cierre desactivado.
2026-01-20 10:25:04,520 [INFO] src.autoclave.devices.door: Desbloqueo de puerta desactivado.
2026-01-20 10:25:04,521 [INFO] src.autoclave.devices.door: Bloqueo de puerta desactivado.
2026-01-20 10:25:06,024 [INFO] src.autoclave.devices.door: Actuador de cierre desactivado.
2026-01-20 10:25:06,024 [INFO] src.autoclave.devices.door: Desbloqueo de puerta desactivado.
2026-01-20 10:25:06,025 [INFO] src.autoclave.devices.door: Bloqueo de puerta desactivado.
2026-01-20 10:25:07,528 [INFO] src.autoclave.devices.door: Actuador de cierre desactivado.
2026-01-20 10:25:07,528 [INFO] src.autoclave.devices.door: Desbloqueo de puerta desactivado.
2026-01-20 10:25:07,529 [INFO] src.autoclave.devices.door: Bloqueo de puerta desactivado.
2026-01-20 10:25:08,097 [INFO] src.autoclave.ui.ui_main.main_window: ⏻ Apagando equipo...
2026-01-20 10:25:09,033 [INFO] src.autoclave.devices.door: Actuador de cierre desactivado.
2026-01-20 10:25:09,034 [INFO] src.autoclave.devices.door: Desbloqueo de puerta desactivado.
2026-01-20 10:25:09,034 [INFO] src.autoclave.devices.door: Bloqueo de puerta desactivado.
2026-01-20 10:25:10,537 [INFO] src.autoclave.devices.door: Actuador de cierre desactivado.
2026-01-20 10:25:10,537 [INFO] src.autoclave.devices.door: Desbloqueo de puerta desactivado.
2026-01-20 10:25:10,538 [INFO] src.autoclave.devices.door: Bloqueo de puerta desactivado.
2026-01-20 10:25:11,150 [INFO] __main__: Cerrando la aplicación Autoclave...
2026-01-20 10:25:12,041 [INFO] src.autoclave.devices.door: Actuador de cierre desactivado.
2026-01-20 10:25:12,042 [INFO] src.autoclave.devices.door: Desbloqueo de puerta desactivado.
2026-01-20 10:25:12,043 [INFO] src.autoclave.devices.door: Bloqueo de puerta desactivado.
2026-01-20 10:25:13,545 [INFO] src.autoclave.devices.door: Actuador de cierre desactivado.
2026-01-20 10:25:13,546 [INFO] src.autoclave.devices.door: Desbloqueo de puerta desactivado.
2026-01-20 10:25:13,547 [INFO] src.autoclave.devices.door: Bloqueo de puerta desactivado.
2026-01-20 10:25:15,050 [INFO] src.autoclave.devices.door: Actuador de cierre desactivado.
2026-01-20 10:25:15,050 [INFO] src.autoclave.devices.door: Desbloqueo de puerta desactivado.
2026-01-20 10:25:15,051 [INFO] src.autoclave.devices.door: Bloqueo de puerta desactivado.
2026-01-20 10:25:16,554 [INFO] src.autoclave.devices.door: Actuador de cierre desactivado.
2026-01-20 10:25:16,555 [INFO] src.autoclave.devices.door: Desbloqueo de puerta desactivado.
2026-01-20 10:25:16,555 [INFO] src.autoclave.devices.door: Bloqueo de puerta desactivado.
2026-01-20 10:25:18,059 [INFO] src.autoclave.devices.door: Actuador de cierre desactivado.
2026-01-20 10:25:18,061 [INFO] src.autoclave.devices.door: Desbloqueo de puerta desactivado.
2026-01-20 10:25:18,063 [INFO] src.autoclave.devices.door: Bloqueo de puerta desactivado.
2026-01-20 10:52:13,294 [INFO] sqlalchemy.engine.Engine: BEGIN (implicit)
2026-01-20 10:52:13,295 [INFO] sqlalchemy.engine.Engine: PRAGMA main.table_info("ac_puerto")
2026-01-20 10:52:13,295 [INFO] sqlalchemy.engine.Engine: [raw sql] ()
2026-01-20 10:52:13,296 [INFO] sqlalchemy.engine.Engine: PRAGMA main.table_info("ac_pantalla_control")
2026-01-20 10:52:13,296 [INFO] sqlalchemy.engine.Engine: [raw sql] ()
2026-01-20 10:52:13,296 [INFO] sqlalchemy.engine.Engine: PRAGMA main.table_info("proceso_control")
2026-01-20 10:52:13,296 [INFO] sqlalchemy.engine.Engine: [raw sql] ()
2026-01-20 10:52:13,297 [INFO] sqlalchemy.engine.Engine: PRAGMA main.table_info("proceso_fase")
2026-01-20 10:52:13,297 [INFO] sqlalchemy.engine.Engine: [raw sql] ()
2026-01-20 10:52:13,297 [INFO] sqlalchemy.engine.Engine: PRAGMA main.table_info("proceso_fase_parametro")
2026-01-20 10:52:13,297 [INFO] sqlalchemy.engine.Engine: [raw sql] ()
2026-01-20 10:52:13,298 [INFO] sqlalchemy.engine.Engine: COMMIT
2026-01-20 10:52:13,412 [INFO] __main__: Iniciando la aplicación Autoclave...
2026-01-20 10:52:13,420 [INFO] autoclave: Iniciando SerialLink
2026-01-20 10:52:13,736 [INFO] src.autoclave.services.control_loop: Iniciando el bucle de control...
2026-01-20 10:52:13,752 [INFO] autoclave: Conectado a ESP32 en COM3
2026-01-20 10:52:14,001 [INFO] src.autoclave.ui.ui_main.main_window: ✅ Interfaz creada correctamente.
2026-01-20 10:53:17,447 [INFO] src.autoclave.ui.ui_main.main_window: ⏻ Apagando equipo...
2026-01-20 10:53:20,488 [INFO] __main__: Cerrando la aplicación Autoclave...
2026-01-20 10:53:25,097 [INFO] sqlalchemy.engine.Engine: BEGIN (implicit)
2026-01-20 10:53:25,098 [INFO] sqlalchemy.engine.Engine: PRAGMA main.table_info("ac_puerto")
2026-01-20 10:53:25,098 [INFO] sqlalchemy.engine.Engine: [raw sql] ()
2026-01-20 10:53:25,099 [INFO] sqlalchemy.engine.Engine: PRAGMA main.table_info("ac_pantalla_control")
2026-01-20 10:53:25,099 [INFO] sqlalchemy.engine.Engine: [raw sql] ()
2026-01-20 10:53:25,100 [INFO] sqlalchemy.engine.Engine: PRAGMA main.table_info("proceso_control")
2026-01-20 10:53:25,100 [INFO] sqlalchemy.engine.Engine: [raw sql] ()
2026-01-20 10:53:25,100 [INFO] sqlalchemy.engine.Engine: PRAGMA main.table_info("proceso_fase")
2026-01-20 10:53:25,100 [INFO] sqlalchemy.engine.Engine: [raw sql] ()
2026-01-20 10:53:25,101 [INFO] sqlalchemy.engine.Engine: PRAGMA main.table_info("proceso_fase_parametro")
2026-01-20 10:53:25,101 [INFO] sqlalchemy.engine.Engine: [raw sql] ()
2026-01-20 10:53:25,101 [INFO] sqlalchemy.engine.Engine: COMMIT
2026-01-20 10:53:25,203 [INFO] __main__: Iniciando la aplicación Autoclave...
2026-01-20 10:53:25,209 [INFO] autoclave: Iniciando SerialLink
2026-01-20 10:53:25,252 [INFO] src.autoclave.services.control_loop: Iniciando el bucle de control...
2026-01-20 10:53:25,252 [INFO] src.autoclave.services.control_loop: Esperando conexión con ESP32...
2026-01-20 10:53:25,255 [INFO] autoclave: Conectado a ESP32 en COM3
2026-01-20 10:53:25,387 [INFO] src.autoclave.ui.ui_main.main_window: ✅ Interfaz creada correctamente.
2026-01-20 10:53:25,452 [INFO] src.autoclave.services.control_loop: Conexión establecida. Iniciando actualización de puertas...
2026-01-20 10:53:26,453 [ERROR] src.autoclave.devices.door: Error: Estado inicial de puerta inconsistente .
2026-01-20 10:53:26,453 [ERROR] src.autoclave.devices.door: Error: Estado inicial de puerta inconsistente .
2026-01-20 10:53:27,955 [ERROR] src.autoclave.devices.door: Error persistente: Estado de puerta inconsistente.
2026-01-20 10:53:27,956 [ERROR] src.autoclave.devices.door: Error persistente: Estado de puerta inconsistente.
2026-01-20 10:53:29,457 [ERROR] src.autoclave.devices.door: Error persistente: Estado de puerta inconsistente.
2026-01-20 10:53:29,458 [ERROR] src.autoclave.devices.door: Error persistente: Estado de puerta inconsistente.
2026-01-20 10:53:30,959 [ERROR] src.autoclave.devices.door: Error persistente: Estado de puerta inconsistente.
2026-01-20 10:53:30,960 [ERROR] src.autoclave.devices.door: Error persistente: Estado de puerta inconsistente.
2026-01-20 10:53:32,462 [ERROR] src.autoclave.devices.door: Error persistente: Estado de puerta inconsistente.
2026-01-20 10:53:32,463 [ERROR] src.autoclave.devices.door: Error persistente: Estado de puerta inconsistente.
2026-01-20 10:53:33,964 [ERROR] src.autoclave.devices.door: Error persistente: Estado de puerta inconsistente.
2026-01-20 10:53:33,965 [ERROR] src.autoclave.devices.door: Error persistente: Estado de puerta inconsistente.
2026-01-20 10:53:35,466 [ERROR] src.autoclave.devices.door: Error persistente: Estado de puerta inconsistente.
2026-01-20 10:53:35,467 [ERROR] src.autoclave.devices.door: Error persistente: Estado de puerta inconsistente.
2026-01-20 10:53:36,968 [ERROR] src.autoclave.devices.door: Error persistente: Estado de puerta inconsistente.
2026-01-20 10:53:36,969 [ERROR] src.autoclave.devices.door: Error persistente: Estado de puerta inconsistente.
2026-01-20 10:53:38,470 [ERROR] src.autoclave.devices.door: Error persistente: Estado de puerta inconsistente.
2026-01-20 10:53:38,472 [ERROR] src.autoclave.devices.door: Error persistente: Estado de puerta inconsistente.
2026-01-20 10:53:39,973 [ERROR] src.autoclave.devices.door: Error persistente: Estado de puerta inconsistente.
2026-01-20 10:53:39,973 [ERROR] src.autoclave.devices.door: Error persistente: Estado de puerta inconsistente.
2026-01-20 10:53:41,475 [ERROR] src.autoclave.devices.door: Error persistente: Estado de puerta inconsistente.
2026-01-20 10:53:41,475 [ERROR] src.autoclave.devices.door: Error persistente: Estado de puerta inconsistente.
2026-01-20 10:53:43,277 [ERROR] src.autoclave.devices.door: Error persistente: Estado de puerta inconsistente.
2026-01-20 10:53:45,079 [ERROR] src.autoclave.devices.door: Error persistente: Estado de puerta inconsistente.
2026-01-20 10:53:46,881 [INFO] src.autoclave.devices.door: Recuperación de error: Estado detectado ABIERTO.
2026-01-20 10:53:46,882 [INFO] __main__: Puerta Puerta 2: ERROR -> ABIERTO
2026-01-20 10:53:46,883 [INFO] __main__: Puerta Puerta 2 abierta.
2026-01-20 10:53:48,686 [INFO] src.autoclave.devices.door: Actuador de cierre desactivado.
2026-01-20 10:53:48,688 [INFO] src.autoclave.devices.door: Desbloqueo de puerta desactivado.
2026-01-20 10:53:48,690 [INFO] src.autoclave.devices.door: Bloqueo de puerta desactivado.
2026-01-20 10:53:50,492 [INFO] src.autoclave.devices.door: Actuador de cierre desactivado.
2026-01-20 10:53:50,493 [INFO] src.autoclave.devices.door: Desbloqueo de puerta desactivado.
2026-01-20 10:53:50,493 [INFO] src.autoclave.devices.door: Bloqueo de puerta desactivado.
2026-01-20 10:53:52,295 [INFO] src.autoclave.devices.door: Actuador de cierre desactivado.
2026-01-20 10:53:52,297 [INFO] src.autoclave.devices.door: Desbloqueo de puerta desactivado.
2026-01-20 10:53:52,298 [INFO] src.autoclave.devices.door: Bloqueo de puerta desactivado.
2026-01-20 10:53:54,100 [INFO] src.autoclave.devices.door: Actuador de cierre desactivado.
2026-01-20 10:53:54,101 [INFO] src.autoclave.devices.door: Desbloqueo de puerta desactivado.
2026-01-20 10:53:54,101 [INFO] src.autoclave.devices.door: Bloqueo de puerta desactivado.
2026-01-20 10:53:55,904 [INFO] src.autoclave.devices.door: Actuador de cierre desactivado.
2026-01-20 10:53:55,905 [INFO] src.autoclave.devices.door: Desbloqueo de puerta desactivado.
2026-01-20 10:53:55,905 [INFO] src.autoclave.devices.door: Bloqueo de puerta desactivado.
2026-01-20 10:53:57,707 [INFO] src.autoclave.devices.door: Actuador de cierre desactivado.
2026-01-20 10:53:57,708 [INFO] src.autoclave.devices.door: Desbloqueo de puerta desactivado.
2026-01-20 10:53:57,708 [INFO] src.autoclave.devices.door: Bloqueo de puerta desactivado.
2026-01-20 10:53:59,510 [INFO] src.autoclave.devices.door: Actuador de cierre desactivado.
2026-01-20 10:53:59,511 [INFO] src.autoclave.devices.door: Desbloqueo de puerta desactivado.
2026-01-20 10:53:59,511 [INFO] src.autoclave.devices.door: Bloqueo de puerta desactivado.
2026-01-20 10:54:01,313 [INFO] src.autoclave.devices.door: Actuador de cierre desactivado.
2026-01-20 10:54:01,314 [INFO] src.autoclave.devices.door: Desbloqueo de puerta desactivado.
2026-01-20 10:54:01,315 [INFO] src.autoclave.devices.door: Bloqueo de puerta desactivado.
2026-01-20 10:54:03,116 [INFO] src.autoclave.devices.door: Actuador de cierre desactivado.
2026-01-20 10:54:03,118 [INFO] src.autoclave.devices.door: Desbloqueo de puerta desactivado.
2026-01-20 10:54:03,119 [INFO] src.autoclave.devices.door: Bloqueo de puerta desactivado.
2026-01-20 10:54:04,921 [INFO] src.autoclave.devices.door: Actuador de cierre desactivado.
2026-01-20 10:54:04,922 [INFO] src.autoclave.devices.door: Desbloqueo de puerta desactivado.
2026-01-20 10:54:04,922 [INFO] src.autoclave.devices.door: Bloqueo de puerta desactivado.
2026-01-20 10:54:06,723 [INFO] src.autoclave.devices.door: Actuador de cierre desactivado.
2026-01-20 10:54:06,724 [INFO] src.autoclave.devices.door: Desbloqueo de puerta desactivado.
2026-01-20 10:54:06,725 [INFO] src.autoclave.devices.door: Bloqueo de puerta desactivado.
2026-01-20 10:54:08,527 [INFO] src.autoclave.devices.door: Actuador de cierre desactivado.
2026-01-20 10:54:08,528 [INFO] src.autoclave.devices.door: Desbloqueo de puerta desactivado.
2026-01-20 10:54:08,530 [INFO] src.autoclave.devices.door: Bloqueo de puerta desactivado.
2026-01-20 10:54:10,332 [INFO] src.autoclave.devices.door: Actuador de cierre desactivado.
2026-01-20 10:54:10,332 [INFO] src.autoclave.devices.door: Desbloqueo de puerta desactivado.
2026-01-20 10:54:10,333 [INFO] src.autoclave.devices.door: Bloqueo de puerta desactivado.
2026-01-20 10:54:12,135 [INFO] src.autoclave.devices.door: Actuador de cierre desactivado.
2026-01-20 10:54:12,137 [INFO] src.autoclave.devices.door: Desbloqueo de puerta desactivado.
2026-01-20 10:54:12,138 [INFO] src.autoclave.devices.door: Bloqueo de puerta desactivado.
2026-01-20 10:54:13,940 [INFO] src.autoclave.devices.door: Actuador de cierre desactivado.
2026-01-20 10:54:13,940 [INFO] src.autoclave.devices.door: Desbloqueo de puerta desactivado.
2026-01-20 10:54:13,941 [INFO] src.autoclave.devices.door: Bloqueo de puerta desactivado.
2026-01-20 10:54:15,742 [INFO] src.autoclave.devices.door: Actuador de cierre desactivado.
2026-01-20 10:54:15,742 [INFO] src.autoclave.devices.door: Desbloqueo de puerta desactivado.
2026-01-20 10:54:15,743 [INFO] src.autoclave.devices.door: Bloqueo de puerta desactivado.
2026-01-20 10:54:17,545 [INFO] src.autoclave.devices.door: Actuador de cierre desactivado.
2026-01-20 10:54:17,545 [INFO] src.autoclave.devices.door: Desbloqueo de puerta desactivado.
2026-01-20 10:54:17,546 [INFO] src.autoclave.devices.door: Bloqueo de puerta desactivado.
2026-01-20 10:54:19,348 [INFO] src.autoclave.devices.door: Actuador de cierre desactivado.
2026-01-20 10:54:19,349 [INFO] src.autoclave.devices.door: Desbloqueo de puerta desactivado.
2026-01-20 10:54:19,350 [INFO] src.autoclave.devices.door: Bloqueo de puerta desactivado.
2026-01-20 10:54:21,151 [INFO] src.autoclave.devices.door: Actuador de cierre desactivado.
2026-01-20 10:54:21,152 [INFO] src.autoclave.devices.door: Desbloqueo de puerta desactivado.
2026-01-20 10:54:21,153 [INFO] src.autoclave.devices.door: Bloqueo de puerta desactivado.
2026-01-20 10:54:22,954 [INFO] src.autoclave.devices.door: Actuador de cierre desactivado.
2026-01-20 10:54:22,954 [INFO] src.autoclave.devices.door: Desbloqueo de puerta desactivado.
2026-01-20 10:54:22,955 [INFO] src.autoclave.devices.door: Bloqueo de puerta desactivado.
2026-01-20 10:54:24,757 [INFO] src.autoclave.devices.door: Actuador de cierre desactivado.
2026-01-20 10:54:24,757 [INFO] src.autoclave.devices.door: Desbloqueo de puerta desactivado.
2026-01-20 10:54:24,758 [INFO] src.autoclave.devices.door: Bloqueo de puerta desactivado.
2026-01-20 10:54:26,559 [INFO] src.autoclave.devices.door: Actuador de cierre desactivado.
2026-01-20 10:54:26,560 [INFO] src.autoclave.devices.door: Desbloqueo de puerta desactivado.
2026-01-20 10:54:26,561 [INFO] src.autoclave.devices.door: Bloqueo de puerta desactivado.
2026-01-20 10:54:28,363 [INFO] src.autoclave.devices.door: Actuador de cierre desactivado.
2026-01-20 10:54:28,363 [INFO] src.autoclave.devices.door: Desbloqueo de puerta desactivado.
2026-01-20 10:54:28,364 [INFO] src.autoclave.devices.door: Bloqueo de puerta desactivado.
2026-01-20 10:54:30,166 [INFO] src.autoclave.devices.door: Actuador de cierre desactivado.
2026-01-20 10:54:30,168 [INFO] src.autoclave.devices.door: Desbloqueo de puerta desactivado.
2026-01-20 10:54:30,169 [INFO] src.autoclave.devices.door: Bloqueo de puerta desactivado.
2026-01-20 10:54:31,972 [INFO] src.autoclave.devices.door: Actuador de cierre desactivado.
2026-01-20 10:54:31,973 [INFO] src.autoclave.devices.door: Desbloqueo de puerta desactivado.
2026-01-20 10:54:31,973 [INFO] src.autoclave.devices.door: Bloqueo de puerta desactivado.
2026-01-20 10:54:33,775 [INFO] src.autoclave.devices.door: Actuador de cierre desactivado.
2026-01-20 10:54:33,777 [INFO] src.autoclave.devices.door: Desbloqueo de puerta desactivado.
2026-01-20 10:54:33,778 [INFO] src.autoclave.devices.door: Bloqueo de puerta desactivado.
2026-01-20 10:54:35,581 [INFO] src.autoclave.devices.door: Actuador de cierre desactivado.
2026-01-20 10:54:35,582 [INFO] src.autoclave.devices.door: Desbloqueo de puerta desactivado.
2026-01-20 10:54:35,583 [INFO] src.autoclave.devices.door: Bloqueo de puerta desactivado.
2026-01-20 10:54:37,385 [INFO] src.autoclave.devices.door: Actuador de cierre desactivado.
2026-01-20 10:54:37,385 [INFO] src.autoclave.devices.door: Desbloqueo de puerta desactivado.
2026-01-20 10:54:37,386 [INFO] src.autoclave.devices.door: Bloqueo de puerta desactivado.
2026-01-20 10:54:39,188 [INFO] src.autoclave.devices.door: Actuador de cierre desactivado.
2026-01-20 10:54:39,189 [INFO] src.autoclave.devices.door: Desbloqueo de puerta desactivado.
2026-01-20 10:54:39,189 [INFO] src.autoclave.devices.door: Bloqueo de puerta desactivado.
2026-01-20 10:54:40,992 [INFO] src.autoclave.devices.door: Actuador de cierre desactivado.
2026-01-20 10:54:40,992 [INFO] src.autoclave.devices.door: Desbloqueo de puerta desactivado.
2026-01-20 10:54:40,993 [INFO] src.autoclave.devices.door: Bloqueo de puerta desactivado.
2026-01-20 10:54:42,794 [INFO] src.autoclave.devices.door: Actuador de cierre desactivado.
2026-01-20 10:54:42,795 [INFO] src.autoclave.devices.door: Desbloqueo de puerta desactivado.
2026-01-20 10:54:42,795 [INFO] src.autoclave.devices.door: Bloqueo de puerta desactivado.
2026-01-20 10:54:44,598 [INFO] src.autoclave.devices.door: Actuador de cierre desactivado.
2026-01-20 10:54:44,599 [INFO] src.autoclave.devices.door: Desbloqueo de puerta desactivado.
2026-01-20 10:54:44,599 [INFO] src.autoclave.devices.door: Bloqueo de puerta desactivado.
2026-01-20 10:54:46,401 [INFO] src.autoclave.devices.door: Actuador de cierre desactivado.
2026-01-20 10:54:46,401 [INFO] src.autoclave.devices.door: Desbloqueo de puerta desactivado.
2026-01-20 10:54:46,402 [INFO] src.autoclave.devices.door: Bloqueo de puerta desactivado.
2026-01-20 10:54:48,204 [INFO] src.autoclave.devices.door: Actuador de cierre desactivado.
2026-01-20 10:54:48,204 [INFO] src.autoclave.devices.door: Desbloqueo de puerta desactivado.
2026-01-20 10:54:48,205 [INFO] src.autoclave.devices.door: Bloqueo de puerta desactivado.
2026-01-20 10:54:50,007 [INFO] src.autoclave.devices.door: Actuador de cierre desactivado.
2026-01-20 10:54:50,008 [INFO] src.autoclave.devices.door: Desbloqueo de puerta desactivado.
2026-01-20 10:54:50,009 [INFO] src.autoclave.devices.door: Bloqueo de puerta desactivado.
2026-01-20 10:54:51,810 [INFO] src.autoclave.devices.door: Actuador de cierre desactivado.
2026-01-20 10:54:51,811 [INFO] src.autoclave.devices.door: Desbloqueo de puerta desactivado.
2026-01-20 10:54:51,811 [INFO] src.autoclave.devices.door: Bloqueo de puerta desactivado.
2026-01-20 10:54:53,614 [INFO] src.autoclave.devices.door: Actuador de cierre desactivado.
2026-01-20 10:54:53,614 [INFO] src.autoclave.devices.door: Desbloqueo de puerta desactivado.
2026-01-20 10:54:53,615 [INFO] src.autoclave.devices.door: Bloqueo de puerta desactivado.
2026-01-20 10:54:55,417 [INFO] src.autoclave.devices.door: Actuador de cierre desactivado.
2026-01-20 10:54:55,418 [INFO] src.autoclave.devices.door: Desbloqueo de puerta desactivado.
2026-01-20 10:54:55,418 [INFO] src.autoclave.devices.door: Bloqueo de puerta desactivado.
2026-01-20 10:54:57,219 [INFO] src.autoclave.devices.door: Actuador de cierre desactivado.
2026-01-20 10:54:57,221 [INFO] src.autoclave.devices.door: Desbloqueo de puerta desactivado.
2026-01-20 10:54:57,223 [INFO] src.autoclave.devices.door: Bloqueo de puerta desactivado.
2026-01-20 10:54:59,025 [INFO] src.autoclave.devices.door: Actuador de cierre desactivado.
2026-01-20 10:54:59,027 [INFO] src.autoclave.devices.door: Desbloqueo de puerta desactivado.
2026-01-20 10:54:59,028 [INFO] src.autoclave.devices.door: Bloqueo de puerta desactivado.
2026-01-20 10:55:00,831 [INFO] src.autoclave.devices.door: Actuador de cierre desactivado.
2026-01-20 10:55:00,831 [INFO] src.autoclave.devices.door: Desbloqueo de puerta desactivado.
2026-01-20 10:55:00,832 [INFO] src.autoclave.devices.door: Bloqueo de puerta desactivado.
2026-01-20 10:55:02,634 [INFO] src.autoclave.devices.door: Actuador de cierre desactivado.
2026-01-20 10:55:02,635 [INFO] src.autoclave.devices.door: Desbloqueo de puerta desactivado.
2026-01-20 10:55:02,635 [INFO] src.autoclave.devices.door: Bloqueo de puerta desactivado.
2026-01-20 10:55:04,436 [INFO] src.autoclave.devices.door: Actuador de cierre desactivado.
2026-01-20 10:55:04,438 [INFO] src.autoclave.devices.door: Desbloqueo de puerta desactivado.
2026-01-20 10:55:04,438 [INFO] src.autoclave.devices.door: Bloqueo de puerta desactivado.
2026-01-20 10:55:06,240 [INFO] src.autoclave.devices.door: Actuador de cierre desactivado.
2026-01-20 10:55:06,241 [INFO] src.autoclave.devices.door: Desbloqueo de puerta desactivado.
2026-01-20 10:55:06,241 [INFO] src.autoclave.devices.door: Bloqueo de puerta desactivado.
2026-01-20 10:55:08,043 [INFO] src.autoclave.devices.door: Actuador de cierre desactivado.
2026-01-20 10:55:08,043 [INFO] src.autoclave.devices.door: Desbloqueo de puerta desactivado.
2026-01-20 10:55:08,044 [INFO] src.autoclave.devices.door: Bloqueo de puerta desactivado.
2026-01-20 10:55:09,846 [INFO] src.autoclave.devices.door: Actuador de cierre desactivado.
2026-01-20 10:55:09,847 [INFO] src.autoclave.devices.door: Desbloqueo de puerta desactivado.
2026-01-20 10:55:09,849 [INFO] src.autoclave.devices.door: Bloqueo de puerta desactivado.
2026-01-20 10:55:11,651 [INFO] src.autoclave.devices.door: Actuador de cierre desactivado.
2026-01-20 10:55:11,651 [INFO] src.autoclave.devices.door: Desbloqueo de puerta desactivado.
2026-01-20 10:55:11,652 [INFO] src.autoclave.devices.door: Bloqueo de puerta desactivado.
2026-01-20 10:55:13,453 [INFO] src.autoclave.devices.door: Actuador de cierre desactivado.
2026-01-20 10:55:13,454 [INFO] src.autoclave.devices.door: Desbloqueo de puerta desactivado.
2026-01-20 10:55:13,456 [INFO] src.autoclave.devices.door: Bloqueo de puerta desactivado.
2026-01-20 10:55:14,958 [INFO] src.autoclave.devices.door: Recuperación de error: Estado detectado ABIERTO.
2026-01-20 10:55:14,959 [INFO] src.autoclave.devices.door: Actuador de cierre desactivado.
2026-01-20 10:55:14,960 [INFO] src.autoclave.devices.door: Desbloqueo de puerta desactivado.
2026-01-20 10:55:14,961 [INFO] src.autoclave.devices.door: Bloqueo de puerta desactivado.
2026-01-20 10:55:14,962 [INFO] __main__: Puerta Puerta 1: ERROR -> ABIERTO
2026-01-20 10:55:14,963 [INFO] __main__: Puerta Puerta 1 abierta.
2026-01-20 10:55:16,464 [INFO] src.autoclave.devices.door: Actuador de cierre desactivado.
2026-01-20 10:55:16,465 [INFO] src.autoclave.devices.door: Desbloqueo de puerta desactivado.
2026-01-20 10:55:16,466 [INFO] src.autoclave.devices.door: Bloqueo de puerta desactivado.
2026-01-20 10:55:16,467 [INFO] src.autoclave.devices.door: Actuador de cierre desactivado.
2026-01-20 10:55:16,468 [INFO] src.autoclave.devices.door: Desbloqueo de puerta desactivado.
2026-01-20 10:55:16,469 [INFO] src.autoclave.devices.door: Bloqueo de puerta desactivado.
2026-01-20 10:55:17,971 [INFO] src.autoclave.devices.door: Actuador de cierre desactivado.
2026-01-20 10:55:17,972 [INFO] src.autoclave.devices.door: Desbloqueo de puerta desactivado.
2026-01-20 10:55:17,972 [INFO] src.autoclave.devices.door: Bloqueo de puerta desactivado.
2026-01-20 10:55:17,973 [INFO] src.autoclave.devices.door: Actuador de cierre desactivado.
2026-01-20 10:55:17,974 [INFO] src.autoclave.devices.door: Desbloqueo de puerta desactivado.
2026-01-20 10:55:17,975 [INFO] src.autoclave.devices.door: Bloqueo de puerta desactivado.
2026-01-20 10:55:19,477 [INFO] src.autoclave.devices.door: Actuador de cierre desactivado.
2026-01-20 10:55:19,477 [INFO] src.autoclave.devices.door: Desbloqueo de puerta desactivado.
2026-01-20 10:55:19,478 [INFO] src.autoclave.devices.door: Bloqueo de puerta desactivado.
2026-01-20 10:55:19,479 [INFO] src.autoclave.devices.door: Actuador de cierre desactivado.
2026-01-20 10:55:19,480 [INFO] src.autoclave.devices.door: Desbloqueo de puerta desactivado.
2026-01-20 10:55:19,481 [INFO] src.autoclave.devices.door: Bloqueo de puerta desactivado.
2026-01-20 10:55:20,983 [INFO] src.autoclave.devices.door: Actuador de cierre desactivado.
2026-01-20 10:55:20,983 [INFO] src.autoclave.devices.door: Desbloqueo de puerta desactivado.
2026-01-20 10:55:20,984 [INFO] src.autoclave.devices.door: Bloqueo de puerta desactivado.
2026-01-20 10:55:20,985 [INFO] src.autoclave.devices.door: Actuador de cierre desactivado.
2026-01-20 10:55:20,986 [INFO] src.autoclave.devices.door: Desbloqueo de puerta desactivado.
2026-01-20 10:55:20,987 [INFO] src.autoclave.devices.door: Bloqueo de puerta desactivado.
2026-01-20 10:55:22,489 [INFO] src.autoclave.devices.door: Actuador de cierre desactivado.
2026-01-20 10:55:22,490 [INFO] src.autoclave.devices.door: Desbloqueo de puerta desactivado.
2026-01-20 10:55:22,490 [INFO] src.autoclave.devices.door: Bloqueo de puerta desactivado.
2026-01-20 10:55:22,491 [INFO] src.autoclave.devices.door: Actuador de cierre desactivado.
2026-01-20 10:55:22,492 [INFO] src.autoclave.devices.door: Desbloqueo de puerta desactivado.
2026-01-20 10:55:22,494 [INFO] src.autoclave.devices.door: Bloqueo de puerta desactivado.
2026-01-20 10:55:23,995 [INFO] src.autoclave.devices.door: Actuador de cierre desactivado.
2026-01-20 10:55:23,995 [INFO] src.autoclave.devices.door: Desbloqueo de puerta desactivado.
2026-01-20 10:55:23,996 [INFO] src.autoclave.devices.door: Bloqueo de puerta desactivado.
2026-01-20 10:55:23,998 [INFO] src.autoclave.devices.door: Actuador de cierre desactivado.
2026-01-20 10:55:23,998 [INFO] src.autoclave.devices.door: Desbloqueo de puerta desactivado.
2026-01-20 10:55:23,999 [INFO] src.autoclave.devices.door: Bloqueo de puerta desactivado.
2026-01-20 10:55:25,501 [INFO] src.autoclave.devices.door: Actuador de cierre desactivado.
2026-01-20 10:55:25,501 [INFO] src.autoclave.devices.door: Desbloqueo de puerta desactivado.
2026-01-20 10:55:25,502 [INFO] src.autoclave.devices.door: Bloqueo de puerta desactivado.
2026-01-20 10:55:25,503 [INFO] src.autoclave.devices.door: Actuador de cierre desactivado.
2026-01-20 10:55:25,504 [INFO] src.autoclave.devices.door: Desbloqueo de puerta desactivado.
2026-01-20 10:55:25,505 [INFO] src.autoclave.devices.door: Bloqueo de puerta desactivado.
2026-01-20 10:55:27,007 [INFO] src.autoclave.devices.door: Actuador de cierre desactivado.
2026-01-20 10:55:27,009 [INFO] src.autoclave.devices.door: Desbloqueo de puerta desactivado.
2026-01-20 10:55:27,010 [INFO] src.autoclave.devices.door: Bloqueo de puerta desactivado.
2026-01-20 10:55:27,011 [INFO] src.autoclave.devices.door: Actuador de cierre desactivado.
2026-01-20 10:55:27,012 [INFO] src.autoclave.devices.door: Desbloqueo de puerta desactivado.
2026-01-20 10:55:27,013 [INFO] src.autoclave.devices.door: Bloqueo de puerta desactivado.
2026-01-20 10:55:28,514 [INFO] src.autoclave.devices.door: Actuador de cierre desactivado.
2026-01-20 10:55:28,515 [INFO] src.autoclave.devices.door: Desbloqueo de puerta desactivado.
2026-01-20 10:55:28,516 [INFO] src.autoclave.devices.door: Bloqueo de puerta desactivado.
2026-01-20 10:55:28,516 [INFO] src.autoclave.devices.door: Actuador de cierre desactivado.
2026-01-20 10:55:28,517 [INFO] src.autoclave.devices.door: Desbloqueo de puerta desactivado.
2026-01-20 10:55:28,519 [INFO] src.autoclave.devices.door: Bloqueo de puerta desactivado.
2026-01-20 10:55:30,020 [INFO] src.autoclave.devices.door: Actuador de cierre desactivado.
2026-01-20 10:55:30,021 [INFO] src.autoclave.devices.door: Desbloqueo de puerta desactivado.
2026-01-20 10:55:30,021 [INFO] src.autoclave.devices.door: Bloqueo de puerta desactivado.
2026-01-20 10:55:30,022 [INFO] src.autoclave.devices.door: Actuador de cierre desactivado.
2026-01-20 10:55:30,023 [INFO] src.autoclave.devices.door: Desbloqueo de puerta desactivado.
2026-01-20 10:55:30,024 [INFO] src.autoclave.devices.door: Bloqueo de puerta desactivado.
2026-01-20 10:55:31,526 [INFO] src.autoclave.devices.door: Actuador de cierre desactivado.
2026-01-20 10:55:31,527 [INFO] src.autoclave.devices.door: Desbloqueo de puerta desactivado.
2026-01-20 10:55:31,528 [INFO] src.autoclave.devices.door: Bloqueo de puerta desactivado.
2026-01-20 10:55:31,529 [INFO] src.autoclave.devices.door: Actuador de cierre desactivado.
2026-01-20 10:55:31,530 [INFO] src.autoclave.devices.door: Desbloqueo de puerta desactivado.
2026-01-20 10:55:31,531 [INFO] src.autoclave.devices.door: Bloqueo de puerta desactivado.
2026-01-20 10:55:33,033 [INFO] src.autoclave.devices.door: Actuador de cierre desactivado.
2026-01-20 10:55:33,035 [INFO] src.autoclave.devices.door: Desbloqueo de puerta desactivado.
2026-01-20 10:55:33,037 [INFO] src.autoclave.devices.door: Bloqueo de puerta desactivado.
2026-01-20 10:55:33,038 [INFO] src.autoclave.devices.door: Actuador de cierre desactivado.
2026-01-20 10:55:33,039 [INFO] src.autoclave.devices.door: Desbloqueo de puerta desactivado.
2026-01-20 10:55:33,040 [INFO] src.autoclave.devices.door: Bloqueo de puerta desactivado.
2026-01-20 10:55:34,542 [INFO] src.autoclave.devices.door: Actuador de cierre desactivado.
2026-01-20 10:55:34,544 [INFO] src.autoclave.devices.door: Desbloqueo de puerta desactivado.
2026-01-20 10:55:34,545 [INFO] src.autoclave.devices.door: Bloqueo de puerta desactivado.
2026-01-20 10:55:34,546 [INFO] src.autoclave.devices.door: Actuador de cierre desactivado.
2026-01-20 10:55:34,547 [INFO] src.autoclave.devices.door: Desbloqueo de puerta desactivado.
2026-01-20 10:55:34,548 [INFO] src.autoclave.devices.door: Bloqueo de puerta desactivado.
2026-01-20 10:55:36,049 [INFO] src.autoclave.devices.door: Actuador de cierre desactivado.
2026-01-20 10:55:36,050 [INFO] src.autoclave.devices.door: Desbloqueo de puerta desactivado.
2026-01-20 10:55:36,050 [INFO] src.autoclave.devices.door: Bloqueo de puerta desactivado.
2026-01-20 10:55:36,052 [INFO] src.autoclave.devices.door: Actuador de cierre desactivado.
2026-01-20 10:55:36,053 [INFO] src.autoclave.devices.door: Desbloqueo de puerta desactivado.
2026-01-20 10:55:36,054 [INFO] src.autoclave.devices.door: Bloqueo de puerta desactivado.
2026-01-20 10:55:37,555 [INFO] src.autoclave.devices.door: Actuador de cierre desactivado.
2026-01-20 10:55:37,555 [INFO] src.autoclave.devices.door: Desbloqueo de puerta desactivado.
2026-01-20 10:55:37,556 [INFO] src.autoclave.devices.door: Bloqueo de puerta desactivado.
2026-01-20 10:55:37,557 [INFO] src.autoclave.devices.door: Actuador de cierre desactivado.
2026-01-20 10:55:37,558 [INFO] src.autoclave.devices.door: Desbloqueo de puerta desactivado.
2026-01-20 10:55:37,559 [INFO] src.autoclave.devices.door: Bloqueo de puerta desactivado.
2026-01-20 10:55:39,061 [INFO] src.autoclave.devices.door: Actuador de cierre desactivado.
2026-01-20 10:55:39,063 [INFO] src.autoclave.devices.door: Desbloqueo de puerta desactivado.
2026-01-20 10:55:39,064 [INFO] src.autoclave.devices.door: Bloqueo de puerta desactivado.
2026-01-20 10:55:39,065 [INFO] src.autoclave.devices.door: Actuador de cierre desactivado.
2026-01-20 10:55:39,066 [INFO] src.autoclave.devices.door: Desbloqueo de puerta desactivado.
2026-01-20 10:55:39,067 [INFO] src.autoclave.devices.door: Bloqueo de puerta desactivado.
2026-01-20 10:55:40,568 [INFO] src.autoclave.devices.door: Actuador de cierre desactivado.
2026-01-20 10:55:40,568 [INFO] src.autoclave.devices.door: Desbloqueo de puerta desactivado.
2026-01-20 10:55:40,569 [INFO] src.autoclave.devices.door: Bloqueo de puerta desactivado.
2026-01-20 10:55:40,570 [INFO] src.autoclave.devices.door: Actuador de cierre desactivado.
2026-01-20 10:55:40,571 [INFO] src.autoclave.devices.door: Desbloqueo de puerta desactivado.
2026-01-20 10:55:40,572 [INFO] src.autoclave.devices.door: Bloqueo de puerta desactivado.
2026-01-20 10:55:42,074 [INFO] src.autoclave.devices.door: Actuador de cierre desactivado.
2026-01-20 10:55:42,075 [INFO] src.autoclave.devices.door: Desbloqueo de puerta desactivado.
2026-01-20 10:55:42,075 [INFO] src.autoclave.devices.door: Bloqueo de puerta desactivado.
2026-01-20 10:55:42,076 [INFO] src.autoclave.devices.door: Actuador de cierre desactivado.
2026-01-20 10:55:42,077 [INFO] src.autoclave.devices.door: Desbloqueo de puerta desactivado.
2026-01-20 10:55:42,079 [INFO] src.autoclave.devices.door: Bloqueo de puerta desactivado.
2026-01-20 10:55:43,580 [INFO] src.autoclave.devices.door: Actuador de cierre desactivado.
2026-01-20 10:55:43,580 [INFO] src.autoclave.devices.door: Desbloqueo de puerta desactivado.
2026-01-20 10:55:43,581 [INFO] src.autoclave.devices.door: Bloqueo de puerta desactivado.
2026-01-20 10:55:43,582 [INFO] src.autoclave.devices.door: Actuador de cierre desactivado.
2026-01-20 10:55:43,583 [INFO] src.autoclave.devices.door: Desbloqueo de puerta desactivado.
2026-01-20 10:55:43,584 [INFO] src.autoclave.devices.door: Bloqueo de puerta desactivado.
2026-01-20 10:55:45,085 [INFO] src.autoclave.devices.door: Actuador de cierre desactivado.
2026-01-20 10:55:45,086 [INFO] src.autoclave.devices.door: Desbloqueo de puerta desactivado.
2026-01-20 10:55:45,087 [INFO] src.autoclave.devices.door: Bloqueo de puerta desactivado.
2026-01-20 10:55:45,088 [INFO] src.autoclave.devices.door: Actuador de cierre desactivado.
2026-01-20 10:55:45,089 [INFO] src.autoclave.devices.door: Desbloqueo de puerta desactivado.
2026-01-20 10:55:45,090 [INFO] src.autoclave.devices.door: Bloqueo de puerta desactivado.
2026-01-20 10:55:46,591 [INFO] src.autoclave.devices.door: Actuador de cierre desactivado.
2026-01-20 10:55:46,592 [INFO] src.autoclave.devices.door: Desbloqueo de puerta desactivado.
2026-01-20 10:55:46,593 [INFO] src.autoclave.devices.door: Bloqueo de puerta desactivado.
2026-01-20 10:55:46,594 [INFO] src.autoclave.devices.door: Actuador de cierre desactivado.
2026-01-20 10:55:46,595 [INFO] src.autoclave.devices.door: Desbloqueo de puerta desactivado.
2026-01-20 10:55:46,596 [INFO] src.autoclave.devices.door: Bloqueo de puerta desactivado.
2026-01-20 10:55:48,097 [INFO] src.autoclave.devices.door: Actuador de cierre desactivado.
2026-01-20 10:55:48,098 [INFO] src.autoclave.devices.door: Desbloqueo de puerta desactivado.
2026-01-20 10:55:48,099 [INFO] src.autoclave.devices.door: Bloqueo de puerta desactivado.
2026-01-20 10:55:48,100 [INFO] src.autoclave.devices.door: Actuador de cierre desactivado.
2026-01-20 10:55:48,101 [INFO] src.autoclave.devices.door: Desbloqueo de puerta desactivado.
2026-01-20 10:55:48,103 [INFO] src.autoclave.devices.door: Bloqueo de puerta desactivado.
2026-01-20 10:55:48,480 [INFO] src.autoclave.ui.ui_main.main_window: ⏻ Apagando equipo...
2026-01-20 10:55:49,606 [INFO] src.autoclave.devices.door: Actuador de cierre desactivado.
2026-01-20 10:55:49,608 [INFO] src.autoclave.devices.door: Desbloqueo de puerta desactivado.
2026-01-20 10:55:49,609 [INFO] src.autoclave.devices.door: Bloqueo de puerta desactivado.
2026-01-20 10:55:49,611 [INFO] src.autoclave.devices.door: Actuador de cierre desactivado.
2026-01-20 10:55:49,612 [INFO] src.autoclave.devices.door: Desbloqueo de puerta desactivado.
2026-01-20 10:55:49,613 [INFO] src.autoclave.devices.door: Bloqueo de puerta desactivado.
2026-01-20 10:55:51,114 [INFO] src.autoclave.devices.door: Actuador de cierre desactivado.
2026-01-20 10:55:51,115 [INFO] src.autoclave.devices.door: Desbloqueo de puerta desactivado.
2026-01-20 10:55:51,115 [INFO] src.autoclave.devices.door: Bloqueo de puerta desactivado.
2026-01-20 10:55:51,117 [INFO] src.autoclave.devices.door: Actuador de cierre desactivado.
2026-01-20 10:55:51,118 [INFO] src.autoclave.devices.door: Desbloqueo de puerta desactivado.
2026-01-20 10:55:51,119 [INFO] src.autoclave.devices.door: Bloqueo de puerta desactivado.
2026-01-20 10:55:51,530 [INFO] __main__: Cerrando la aplicación Autoclave...
2026-01-20 10:55:51,535 [INFO] autoclave: Deteniendo SerialLink
2026-01-20 10:55:51,536 [INFO] src.autoclave.services.control_loop: Flujo de datos detenido.
2026-01-20 10:55:56,630 [INFO] sqlalchemy.engine.Engine: BEGIN (implicit)
2026-01-20 10:55:56,631 [INFO] sqlalchemy.engine.Engine: PRAGMA main.table_info("ac_puerto")
2026-01-20 10:55:56,631 [INFO] sqlalchemy.engine.Engine: [raw sql] ()
2026-01-20 10:55:56,632 [INFO] sqlalchemy.engine.Engine: PRAGMA main.table_info("ac_pantalla_control")
2026-01-20 10:55:56,632 [INFO] sqlalchemy.engine.Engine: [raw sql] ()
2026-01-20 10:55:56,632 [INFO] sqlalchemy.engine.Engine: PRAGMA main.table_info("proceso_control")
2026-01-20 10:55:56,633 [INFO] sqlalchemy.engine.Engine: [raw sql] ()
2026-01-20 10:55:56,633 [INFO] sqlalchemy.engine.Engine: PRAGMA main.table_info("proceso_fase")
2026-01-20 10:55:56,633 [INFO] sqlalchemy.engine.Engine: [raw sql] ()
2026-01-20 10:55:56,634 [INFO] sqlalchemy.engine.Engine: PRAGMA main.table_info("proceso_fase_parametro")
2026-01-20 10:55:56,634 [INFO] sqlalchemy.engine.Engine: [raw sql] ()
2026-01-20 10:55:56,634 [INFO] sqlalchemy.engine.Engine: COMMIT
2026-01-20 10:55:56,733 [INFO] __main__: Iniciando la aplicación Autoclave...
2026-01-20 10:55:56,739 [INFO] autoclave: Iniciando SerialLink
2026-01-20 10:55:56,784 [INFO] src.autoclave.services.control_loop: Iniciando el bucle de control...
2026-01-20 10:55:56,785 [INFO] src.autoclave.services.control_loop: Esperando conexión con ESP32...
2026-01-20 10:55:56,787 [INFO] autoclave: Conectado a ESP32 en COM3
2026-01-20 10:55:56,922 [INFO] src.autoclave.ui.ui_main.main_window: ✅ Interfaz creada correctamente.
2026-01-20 10:55:56,985 [INFO] src.autoclave.services.control_loop: Conexión establecida. Iniciando actualización de puertas...
2026-01-20 10:55:57,986 [INFO] src.autoclave.devices.door: Estado inicial detectado: ABIERTO.
2026-01-20 10:55:58,287 [WARNING] src.autoclave.devices.door: Estado inicial inconsistente: Puerta cerrada pero presión de empaque baja, iniciando cierre.
2026-01-20 10:55:59,790 [INFO] src.autoclave.devices.door: Actuador de cierre desactivado.
2026-01-20 10:55:59,791 [INFO] src.autoclave.devices.door: Desbloqueo de puerta desactivado.
2026-01-20 10:55:59,793 [INFO] src.autoclave.devices.door: Bloqueo de puerta desactivado.
2026-01-20 10:55:59,794 [INFO] src.autoclave.devices.door: Bomba de vacio encendida.
2026-01-20 10:55:59,794 [INFO] src.autoclave.devices.door: Desbloqueo de puerta activado.
2026-01-20 10:55:59,795 [INFO] src.autoclave.devices.door: Iniciando cierre de puerta.
2026-01-20 10:55:59,795 [INFO] src.autoclave.devices.door: Desbloqueo de puerta desactivado.
2026-01-20 10:55:59,796 [INFO] src.autoclave.devices.door: Bomba de vacio apagada.
2026-01-20 10:55:59,798 [INFO] src.autoclave.devices.door: Bloqueo de puerta desactivado.
2026-01-20 10:55:59,798 [INFO] src.autoclave.devices.door: Puerta cerrada correctamente.
2026-01-20 10:55:59,799 [INFO] __main__: Puerta Puerta 2: CERRANDO -> CERRADO
2026-01-20 10:55:59,799 [INFO] __main__: Puerta Puerta 2 cerrada.
2026-01-20 10:56:01,300 [INFO] src.autoclave.devices.door: Actuador de cierre desactivado.
2026-01-20 10:56:01,302 [INFO] src.autoclave.devices.door: Desbloqueo de puerta desactivado.
2026-01-20 10:56:01,303 [INFO] src.autoclave.devices.door: Bloqueo de puerta desactivado.
2026-01-20 10:56:02,805 [INFO] src.autoclave.devices.door: Actuador de cierre desactivado.
2026-01-20 10:56:02,807 [INFO] src.autoclave.devices.door: Desbloqueo de puerta desactivado.
2026-01-20 10:56:02,808 [INFO] src.autoclave.devices.door: Bloqueo de puerta desactivado.
2026-01-20 10:56:04,311 [INFO] src.autoclave.devices.door: Actuador de cierre desactivado.
2026-01-20 10:56:04,313 [INFO] src.autoclave.devices.door: Desbloqueo de puerta desactivado.
2026-01-20 10:56:04,314 [INFO] src.autoclave.devices.door: Bloqueo de puerta desactivado.
2026-01-20 10:56:05,816 [INFO] src.autoclave.devices.door: Actuador de cierre desactivado.
2026-01-20 10:56:05,817 [INFO] src.autoclave.devices.door: Desbloqueo de puerta desactivado.
2026-01-20 10:56:05,817 [INFO] src.autoclave.devices.door: Bloqueo de puerta desactivado.
2026-01-20 10:56:07,321 [INFO] src.autoclave.devices.door: Actuador de cierre desactivado.
2026-01-20 10:56:07,321 [INFO] src.autoclave.devices.door: Desbloqueo de puerta desactivado.
2026-01-20 10:56:07,322 [INFO] src.autoclave.devices.door: Bloqueo de puerta desactivado.
2026-01-20 10:56:08,825 [INFO] src.autoclave.devices.door: Actuador de cierre desactivado.
2026-01-20 10:56:08,828 [INFO] src.autoclave.devices.door: Desbloqueo de puerta desactivado.
2026-01-20 10:56:08,829 [INFO] src.autoclave.devices.door: Bloqueo de puerta desactivado.
2026-01-20 10:56:10,332 [INFO] src.autoclave.devices.door: Actuador de cierre desactivado.
2026-01-20 10:56:10,333 [INFO] src.autoclave.devices.door: Desbloqueo de puerta desactivado.
2026-01-20 10:56:10,334 [INFO] src.autoclave.devices.door: Bloqueo de puerta desactivado.
2026-01-20 10:56:11,837 [INFO] src.autoclave.devices.door: Actuador de cierre desactivado.
2026-01-20 10:56:11,838 [INFO] src.autoclave.devices.door: Desbloqueo de puerta desactivado.
2026-01-20 10:56:11,838 [INFO] src.autoclave.devices.door: Bloqueo de puerta desactivado.
2026-01-20 10:56:13,341 [INFO] src.autoclave.devices.door: Actuador de cierre desactivado.
2026-01-20 10:56:13,341 [INFO] src.autoclave.devices.door: Desbloqueo de puerta desactivado.
2026-01-20 10:56:13,342 [INFO] src.autoclave.devices.door: Bloqueo de puerta desactivado.
2026-01-20 10:56:14,846 [INFO] src.autoclave.devices.door: Actuador de cierre desactivado.
2026-01-20 10:56:14,846 [INFO] src.autoclave.devices.door: Desbloqueo de puerta desactivado.
2026-01-20 10:56:14,847 [INFO] src.autoclave.devices.door: Bloqueo de puerta desactivado.
2026-01-20 10:56:16,351 [INFO] src.autoclave.devices.door: Actuador de cierre desactivado.
2026-01-20 10:56:16,352 [INFO] src.autoclave.devices.door: Desbloqueo de puerta desactivado.
2026-01-20 10:56:16,352 [INFO] src.autoclave.devices.door: Bloqueo de puerta desactivado.
2026-01-20 10:56:17,855 [INFO] src.autoclave.devices.door: Actuador de cierre desactivado.
2026-01-20 10:56:17,855 [INFO] src.autoclave.devices.door: Desbloqueo de puerta desactivado.
2026-01-20 10:56:17,856 [INFO] src.autoclave.devices.door: Bloqueo de puerta desactivado.
2026-01-20 10:56:19,360 [INFO] src.autoclave.devices.door: Actuador de cierre desactivado.
2026-01-20 10:56:19,361 [INFO] src.autoclave.devices.door: Desbloqueo de puerta desactivado.
2026-01-20 10:56:19,362 [INFO] src.autoclave.devices.door: Bloqueo de puerta desactivado.
2026-01-20 10:56:19,834 [INFO] src.autoclave.ui.ui_main.main_window: ⏻ Apagando equipo...
2026-01-20 10:56:20,864 [INFO] src.autoclave.devices.door: Actuador de cierre desactivado.
2026-01-20 10:56:20,865 [INFO] src.autoclave.devices.door: Desbloqueo de puerta desactivado.
2026-01-20 10:56:20,866 [INFO] src.autoclave.devices.door: Bloqueo de puerta desactivado.
2026-01-20 10:56:22,369 [INFO] src.autoclave.devices.door: Actuador de cierre desactivado.
2026-01-20 10:56:22,369 [INFO] src.autoclave.devices.door: Desbloqueo de puerta desactivado.
2026-01-20 10:56:22,370 [INFO] src.autoclave.devices.door: Bloqueo de puerta desactivado.
2026-01-20 10:56:22,871 [INFO] __main__: Cerrando la aplicación Autoclave...
2026-01-20 10:56:22,876 [INFO] autoclave: Deteniendo SerialLink
2026-01-20 10:56:22,876 [INFO] src.autoclave.services.control_loop: Flujo de datos detenido.
2026-01-20 10:56:23,873 [INFO] src.autoclave.devices.door: Actuador de cierre desactivado.
2026-01-20 10:56:23,874 [INFO] src.autoclave.devices.door: Desbloqueo de puerta desactivado.
2026-01-20 10:56:23,875 [INFO] src.autoclave.devices.door: Bloqueo de puerta desactivado.
2026-01-20 11:00:51,882 [INFO] sqlalchemy.engine.Engine: BEGIN (implicit)
2026-01-20 11:00:51,882 [INFO] sqlalchemy.engine.Engine: PRAGMA main.table_info("ac_puerto")
2026-01-20 11:00:51,883 [INFO] sqlalchemy.engine.Engine: [raw sql] ()
2026-01-20 11:00:51,883 [INFO] sqlalchemy.engine.Engine: PRAGMA main.table_info("ac_pantalla_control")
2026-01-20 11:00:51,884 [INFO] sqlalchemy.engine.Engine: [raw sql] ()
2026-01-20 11:00:51,884 [INFO] sqlalchemy.engine.Engine: PRAGMA main.table_info("proceso_control")
2026-01-20 11:00:51,884 [INFO] sqlalchemy.engine.Engine: [raw sql] ()
2026-01-20 11:00:51,885 [INFO] sqlalchemy.engine.Engine: PRAGMA main.table_info("proceso_fase")
2026-01-20 11:00:51,885 [INFO] sqlalchemy.engine.Engine: [raw sql] ()
2026-01-20 11:00:51,885 [INFO] sqlalchemy.engine.Engine: PRAGMA main.table_info("proceso_fase_parametro")
2026-01-20 11:00:51,885 [INFO] sqlalchemy.engine.Engine: [raw sql] ()
2026-01-20 11:00:51,886 [INFO] sqlalchemy.engine.Engine: COMMIT
2026-01-20 11:00:52,012 [INFO] __main__: Iniciando la aplicación Autoclave...
2026-01-20 11:00:52,019 [INFO] autoclave: Iniciando SerialLink
2026-01-20 11:00:52,020 [INFO] src.autoclave.services.control_loop: Iniciando el bucle de control...
2026-01-20 11:00:52,062 [INFO] src.autoclave.services.control_loop: Esperando conexión con ESP32...
2026-01-20 11:00:52,065 [INFO] autoclave: Conectado a ESP32 en COM3
2026-01-20 11:00:52,200 [INFO] src.autoclave.ui.ui_main.main_window: ✅ Interfaz creada correctamente.
2026-01-20 11:00:52,262 [INFO] src.autoclave.services.control_loop: Conexión establecida. Iniciando actualización de puertas...
2026-01-20 11:00:53,264 [ERROR] src.autoclave.devices.door: Error: Estado inicial de puerta inconsistente .
2026-01-20 11:00:53,264 [ERROR] src.autoclave.devices.door: Error: Estado inicial de puerta inconsistente .
2026-01-20 11:00:54,765 [INFO] src.autoclave.devices.door: Recuperación de error: Estado detectado ABIERTO.
2026-01-20 11:00:55,066 [INFO] src.autoclave.devices.door: Recuperación de error: Estado detectado CERRADO.
2026-01-20 11:00:55,067 [INFO] __main__: Puerta Puerta 1: ERROR -> ABIERTO
2026-01-20 11:00:55,068 [INFO] __main__: Puerta Puerta 1 abierta.
2026-01-20 11:00:55,068 [INFO] __main__: Puerta Puerta 2: ERROR -> CERRADO
2026-01-20 11:00:55,069 [INFO] __main__: Puerta Puerta 2 cerrada.
2026-01-20 11:01:22,865 [INFO] __main__: Comando de cierre de puerta enviado.
2026-01-20 11:01:23,674 [INFO] src.autoclave.devices.door: Iniciando cierre de puerta.
2026-01-20 11:01:23,676 [INFO] __main__: Puerta Puerta 1: ABIERTO -> CERRANDO
2026-01-20 11:01:23,677 [INFO] __main__: Puerta Puerta 1 cerrándose...
2026-01-20 11:01:44,708 [INFO] __main__: Puerta Puerta 1: CERRANDO -> ATRAPADA
2026-01-20 11:01:44,710 [ERROR] __main__: ¡Puerta Puerta 1 atrapada!
2026-01-20 11:01:46,213 [INFO] src.autoclave.devices.door: Puerta atrapada, intentando apertura automática.
2026-01-20 11:01:46,214 [INFO] src.autoclave.devices.door: Iniciando apertura automática de puerta atrapada.
2026-01-20 11:01:46,215 [INFO] __main__: Puerta Puerta 1: ATRAPADA -> ABRIENDO
2026-01-20 11:01:46,215 [INFO] __main__: Puerta Puerta 1 abriéndose...
2026-01-20 11:01:47,717 [INFO] src.autoclave.devices.door: presion empaque: 0.0 kPa.
2026-01-20 11:01:49,220 [INFO] src.autoclave.devices.door: presion empaque: 0.0 kPa.
2026-01-20 11:01:50,723 [INFO] src.autoclave.devices.door: presion empaque: 0.0 kPa.
2026-01-20 11:01:52,226 [INFO] src.autoclave.devices.door: presion empaque: 0.0 kPa.
2026-01-20 11:01:53,728 [INFO] src.autoclave.devices.door: presion empaque: 0.0 kPa.
2026-01-20 11:01:55,231 [INFO] src.autoclave.devices.door: presion empaque: 0.0 kPa.
2026-01-20 11:01:56,733 [INFO] src.autoclave.devices.door: presion empaque: 0.0 kPa.
2026-01-20 11:01:58,237 [INFO] src.autoclave.devices.door: presion empaque: 0.0 kPa.
2026-01-20 11:01:59,741 [INFO] src.autoclave.devices.door: presion empaque: 0.0 kPa.
2026-01-20 11:02:01,243 [INFO] src.autoclave.devices.door: presion empaque: 0.0 kPa.
2026-01-20 11:02:01,246 [INFO] src.autoclave.devices.door: Puerta abierta correctamente.
2026-01-20 11:02:01,248 [INFO] __main__: Puerta Puerta 1: ABRIENDO -> ABIERTO
2026-01-20 11:02:01,248 [INFO] __main__: Puerta Puerta 1 abierta.
2026-01-20 11:02:41,774 [INFO] __main__: Comando de cierre de puerta enviado.
2026-01-20 11:02:41,896 [INFO] src.autoclave.devices.door: Iniciando cierre de puerta.
2026-01-20 11:02:41,899 [INFO] __main__: Puerta Puerta 1: ABIERTO -> CERRANDO
2026-01-20 11:02:41,899 [INFO] __main__: Puerta Puerta 1 cerrándose...
2026-01-20 11:03:08,962 [INFO] src.autoclave.devices.door: Puerta cerrada correctamente.
2026-01-20 11:03:08,964 [INFO] __main__: Puerta Puerta 1: CERRANDO -> CERRADO
2026-01-20 11:03:08,965 [INFO] __main__: Puerta Puerta 1 cerrada.
2026-01-20 11:03:22,493 [ERROR] src.autoclave.devices.door: Error: Inconsistencia detectada, presión de empaque insuficiente.
2026-01-20 11:03:22,494 [INFO] __main__: Puerta Puerta 1: CERRADO -> ERROR
2026-01-20 11:03:22,495 [ERROR] __main__: ¡Error en puerta Puerta 1!
2026-01-20 11:03:31,505 [INFO] src.autoclave.devices.door: Recuperación de error: Estado detectado CERRADO.
2026-01-20 11:03:31,508 [INFO] __main__: Puerta Puerta 1: ERROR -> CERRADO
2026-01-20 11:03:31,509 [INFO] __main__: Puerta Puerta 1 cerrada.
2026-01-20 11:03:41,667 [INFO] __main__: Comando de apertura de puerta enviado.
2026-01-20 11:03:42,033 [INFO] src.autoclave.devices.door: presion empaque: 356.06 kPa.
2026-01-20 11:03:42,035 [INFO] __main__: Puerta Puerta 1: CERRADO -> ABRIENDO
2026-01-20 11:03:42,035 [INFO] __main__: Puerta Puerta 1 abriéndose...
2026-01-20 11:03:43,537 [INFO] src.autoclave.devices.door: presion empaque: 355.66 kPa.
2026-01-20 11:03:45,039 [INFO] src.autoclave.devices.door: presion empaque: 351.61 kPa.
2026-01-20 11:03:46,541 [INFO] src.autoclave.devices.door: presion empaque: 9.97 kPa.
2026-01-20 11:03:48,044 [INFO] src.autoclave.devices.door: presion empaque: 0.05 kPa.
2026-01-20 11:03:49,547 [INFO] src.autoclave.devices.door: presion empaque: 0.0 kPa.
2026-01-20 11:03:51,051 [INFO] src.autoclave.devices.door: presion empaque: 0.0 kPa.
2026-01-20 11:03:52,554 [INFO] src.autoclave.devices.door: presion empaque: 0.0 kPa.
2026-01-20 11:03:54,057 [INFO] src.autoclave.devices.door: presion empaque: 0.0 kPa.
2026-01-20 11:03:55,560 [INFO] src.autoclave.devices.door: presion empaque: 0.0 kPa.
2026-01-20 11:03:57,064 [INFO] src.autoclave.devices.door: presion empaque: 0.0 kPa.
2026-01-20 11:03:58,567 [INFO] src.autoclave.devices.door: presion empaque: 0.0 kPa.
2026-01-20 11:04:00,070 [INFO] src.autoclave.devices.door: presion empaque: 0.0 kPa.
2026-01-20 11:04:01,573 [INFO] src.autoclave.devices.door: presion empaque: 0.0 kPa.
2026-01-20 11:04:03,077 [INFO] src.autoclave.devices.door: presion empaque: 0.0 kPa.
2026-01-20 11:04:04,580 [INFO] src.autoclave.devices.door: presion empaque: 0.0 kPa.
2026-01-20 11:04:04,583 [INFO] src.autoclave.devices.door: Puerta abierta correctamente.
2026-01-20 11:04:04,585 [INFO] __main__: Puerta Puerta 1: ABRIENDO -> ABIERTO
2026-01-20 11:04:04,585 [INFO] __main__: Puerta Puerta 1 abierta.
2026-01-20 11:07:31,742 [INFO] src.autoclave.ui.ui_main.main_window: ⏻ Apagando equipo...
2026-01-20 11:07:34,789 [INFO] __main__: Cerrando la aplicación Autoclave...
2026-01-20 11:07:34,795 [INFO] autoclave: Deteniendo SerialLink
2026-01-20 11:07:34,795 [INFO] src.autoclave.services.control_loop: Flujo de datos detenido.
2026-01-20 11:08:06,755 [INFO] sqlalchemy.engine.Engine: BEGIN (implicit)
2026-01-20 11:08:06,756 [INFO] sqlalchemy.engine.Engine: PRAGMA main.table_info("ac_puerto")
2026-01-20 11:08:06,756 [INFO] sqlalchemy.engine.Engine: [raw sql] ()
2026-01-20 11:08:06,757 [INFO] sqlalchemy.engine.Engine: PRAGMA main.table_info("ac_pantalla_control")
2026-01-20 11:08:06,757 [INFO] sqlalchemy.engine.Engine: [raw sql] ()
2026-01-20 11:08:06,757 [INFO] sqlalchemy.engine.Engine: PRAGMA main.table_info("proceso_control")
2026-01-20 11:08:06,757 [INFO] sqlalchemy.engine.Engine: [raw sql] ()
2026-01-20 11:08:06,758 [INFO] sqlalchemy.engine.Engine: PRAGMA main.table_info("proceso_fase")
2026-01-20 11:08:06,758 [INFO] sqlalchemy.engine.Engine: [raw sql] ()
2026-01-20 11:08:06,758 [INFO] sqlalchemy.engine.Engine: PRAGMA main.table_info("proceso_fase_parametro")
2026-01-20 11:08:06,759 [INFO] sqlalchemy.engine.Engine: [raw sql] ()
2026-01-20 11:08:06,759 [INFO] sqlalchemy.engine.Engine: COMMIT
2026-01-20 11:08:06,886 [INFO] __main__: Iniciando la aplicación Autoclave...
2026-01-20 11:08:06,892 [INFO] autoclave: Iniciando SerialLink
2026-01-20 11:08:06,937 [INFO] src.autoclave.services.control_loop: Iniciando el bucle de control...
2026-01-20 11:08:06,937 [INFO] src.autoclave.services.control_loop: Esperando conexión con ESP32...
2026-01-20 11:08:06,940 [INFO] autoclave: Conectado a ESP32 en COM3
2026-01-20 11:08:07,073 [INFO] src.autoclave.ui.ui_main.main_window: ✅ Interfaz creada correctamente.
2026-01-20 11:08:07,138 [INFO] src.autoclave.services.control_loop: Conexión establecida. Iniciando actualización de puertas...
2026-01-20 11:08:08,148 [ERROR] src.autoclave.devices.door: Error: Estado inicial de puerta inconsistente .
2026-01-20 11:08:08,155 [ERROR] src.autoclave.devices.door: Error: Estado inicial de puerta inconsistente .
2026-01-20 11:08:09,660 [INFO] src.autoclave.devices.door: Recuperación de error: Estado detectado ABIERTO.
2026-01-20 11:08:09,961 [INFO] src.autoclave.devices.door: Recuperación de error: Estado detectado CERRADO.
2026-01-20 11:08:09,962 [INFO] __main__: Puerta Puerta 1: ERROR -> ABIERTO
2026-01-20 11:08:09,963 [INFO] __main__: Puerta Puerta 1 abierta.
2026-01-20 11:08:09,964 [INFO] __main__: Puerta Puerta 2: ERROR -> CERRADO
2026-01-20 11:08:09,965 [INFO] __main__: Puerta Puerta 2 cerrada.
2026-01-20 11:10:15,595 [WARNING] src.autoclave.services.puertas.ser_puertas: No se puede cerrar la puerta: presión de empaque alta.
2026-01-20 11:10:15,596 [WARNING] __main__: Cierre de puerta denegado por condiciones de seguridad.
2026-01-20 11:10:34,167 [INFO] __main__: Comando de cierre de puerta enviado.
2026-01-20 11:10:34,504 [INFO] src.autoclave.devices.door: Iniciando cierre de puerta.
2026-01-20 11:10:34,505 [INFO] __main__: Puerta Puerta 1: ABIERTO -> CERRANDO
2026-01-20 11:10:34,506 [INFO] __main__: Puerta Puerta 1 cerrándose...
2026-01-20 11:11:25,627 [INFO] src.autoclave.devices.door: Puerta cerrada correctamente.
2026-01-20 11:11:25,629 [INFO] __main__: Puerta Puerta 1: CERRANDO -> CERRADO
2026-01-20 11:11:25,629 [INFO] __main__: Puerta Puerta 1 cerrada.
2026-01-20 11:28:49,074 [INFO] src.autoclave.ui.ui_main.main_window: ⏻ Apagando equipo...
2026-01-20 11:28:52,125 [INFO] __main__: Cerrando la aplicación Autoclave...
2026-01-20 11:28:52,130 [INFO] autoclave: Deteniendo SerialLink
2026-01-20 11:28:52,131 [INFO] src.autoclave.services.control_loop: Flujo de datos detenido.
2026-01-20 11:33:01,369 [INFO] sqlalchemy.engine.Engine: BEGIN (implicit)
2026-01-20 11:33:01,369 [INFO] sqlalchemy.engine.Engine: PRAGMA main.table_info("ac_puerto")
2026-01-20 11:33:01,369 [INFO] sqlalchemy.engine.Engine: [raw sql] ()
2026-01-20 11:33:01,370 [INFO] sqlalchemy.engine.Engine: PRAGMA main.table_info("ac_pantalla_control")
2026-01-20 11:33:01,370 [INFO] sqlalchemy.engine.Engine: [raw sql] ()
2026-01-20 11:33:01,370 [INFO] sqlalchemy.engine.Engine: PRAGMA main.table_info("proceso_control")
2026-01-20 11:33:01,370 [INFO] sqlalchemy.engine.Engine: [raw sql] ()
2026-01-20 11:33:01,370 [INFO] sqlalchemy.engine.Engine: PRAGMA main.table_info("proceso_fase")
2026-01-20 11:33:01,371 [INFO] sqlalchemy.engine.Engine: [raw sql] ()
2026-01-20 11:33:01,371 [INFO] sqlalchemy.engine.Engine: PRAGMA main.table_info("proceso_fase_parametro")
2026-01-20 11:33:01,371 [INFO] sqlalchemy.engine.Engine: [raw sql] ()
2026-01-20 11:33:01,372 [INFO] sqlalchemy.engine.Engine: COMMIT
2026-01-20 11:33:01,477 [INFO] __main__: Iniciando la aplicación Autoclave...
2026-01-20 11:33:01,483 [INFO] autoclave: Iniciando SerialLink
2026-01-20 11:33:01,528 [INFO] src.autoclave.services.control_loop: Iniciando el bucle de control...
2026-01-20 11:33:01,529 [INFO] src.autoclave.services.control_loop: Esperando conexión con ESP32...
2026-01-20 11:33:01,531 [INFO] autoclave: Conectado a ESP32 en COM3
2026-01-20 11:33:01,723 [INFO] src.autoclave.ui.ui_main.main_window: ✅ Interfaz creada correctamente.
2026-01-20 11:33:01,730 [INFO] src.autoclave.services.control_loop: Conexión establecida. Iniciando actualización de puertas...
2026-01-20 11:33:02,732 [ERROR] src.autoclave.devices.door: Error: Estado inicial de puerta inconsistente .
2026-01-20 11:33:02,733 [ERROR] src.autoclave.devices.door: Error: Estado inicial de puerta inconsistente .
2026-01-20 11:33:04,535 [INFO] src.autoclave.devices.door: Recuperación de error: Estado detectado CERRADO.
2026-01-20 11:33:04,836 [INFO] src.autoclave.devices.door: Recuperación de error: Estado detectado CERRADO.
2026-01-20 11:33:04,838 [INFO] __main__: Puerta Puerta 1: ERROR -> CERRADO
2026-01-20 11:33:04,838 [INFO] __main__: Puerta Puerta 1 cerrada.
2026-01-20 11:33:04,839 [INFO] __main__: Puerta Puerta 2: ERROR -> CERRADO
2026-01-20 11:33:04,840 [INFO] __main__: Puerta Puerta 2 cerrada.
2026-01-20 11:33:13,749 [INFO] __main__: Comando de apertura de puerta enviado.
2026-01-20 11:33:13,861 [INFO] src.autoclave.devices.door: presion empaque: 356.13 kPa.
2026-01-20 11:33:13,862 [INFO] __main__: Puerta Puerta 2: CERRADO -> ABRIENDO
2026-01-20 11:33:13,862 [INFO] __main__: Puerta Puerta 2 abriéndose...
2026-01-20 11:33:15,365 [INFO] src.autoclave.devices.door: presion empaque: 356.36 kPa.
2026-01-20 11:33:16,868 [INFO] src.autoclave.devices.door: presion empaque: 354.54 kPa.
2026-01-20 11:33:18,371 [INFO] src.autoclave.devices.door: presion empaque: 357.1 kPa.
2026-01-20 11:33:19,873 [INFO] src.autoclave.devices.door: presion empaque: 354.94 kPa.
2026-01-20 11:33:21,376 [INFO] src.autoclave.devices.door: presion empaque: 10.07 kPa.
2026-01-20 11:33:22,878 [INFO] src.autoclave.devices.door: presion empaque: 0.05 kPa.
2026-01-20 11:33:24,382 [INFO] src.autoclave.devices.door: presion empaque: 0.0 kPa.
2026-01-20 11:33:25,884 [INFO] src.autoclave.devices.door: presion empaque: 0.0 kPa.
2026-01-20 11:33:27,387 [INFO] src.autoclave.devices.door: presion empaque: 0.0 kPa.
2026-01-20 11:33:28,889 [INFO] src.autoclave.devices.door: presion empaque: 0.0 kPa.
2026-01-20 11:33:30,392 [INFO] src.autoclave.devices.door: presion empaque: 0.0 kPa.
2026-01-20 11:33:31,895 [INFO] src.autoclave.devices.door: presion empaque: 0.0 kPa.
2026-01-20 11:33:33,397 [INFO] src.autoclave.devices.door: presion empaque: 0.0 kPa.
2026-01-20 11:33:33,401 [INFO] src.autoclave.devices.door: Puerta abierta correctamente.
2026-01-20 11:33:33,402 [INFO] __main__: Puerta Puerta 2: ABRIENDO -> ABIERTO
2026-01-20 11:33:33,402 [INFO] __main__: Puerta Puerta 2 abierta.
2026-01-20 11:33:59,788 [INFO] __main__: Comando de cierre de puerta enviado.
2026-01-20 11:34:00,500 [INFO] src.autoclave.devices.door: Iniciando cierre de puerta.
2026-01-20 11:34:00,501 [INFO] __main__: Puerta Puerta 2: ABIERTO -> CERRANDO
2026-01-20 11:34:00,502 [INFO] __main__: Puerta Puerta 2 cerrándose...
2026-01-20 11:34:23,055 [INFO] src.autoclave.devices.door: Puerta cerrada correctamente.
2026-01-20 11:34:23,055 [INFO] __main__: Puerta Puerta 2: CERRANDO -> CERRADO
2026-01-20 11:34:23,056 [INFO] __main__: Puerta Puerta 2 cerrada.
2026-01-20 11:37:29,668 [INFO] src.autoclave.ui.ui_main.main_window: ⏻ Apagando equipo...
2026-01-20 11:37:32,709 [INFO] __main__: Cerrando la aplicación Autoclave...
2026-01-20 11:37:32,714 [INFO] autoclave: Deteniendo SerialLink
2026-01-20 11:37:32,715 [INFO] src.autoclave.services.control_loop: Flujo de datos detenido.
2026-01-20 11:37:50,165 [INFO] sqlalchemy.engine.Engine: BEGIN (implicit)
2026-01-20 11:37:50,165 [INFO] sqlalchemy.engine.Engine: PRAGMA main.table_info("ac_puerto")
2026-01-20 11:37:50,165 [INFO] sqlalchemy.engine.Engine: [raw sql] ()
2026-01-20 11:37:50,166 [INFO] sqlalchemy.engine.Engine: PRAGMA main.table_info("ac_pantalla_control")
2026-01-20 11:37:50,166 [INFO] sqlalchemy.engine.Engine: [raw sql] ()
2026-01-20 11:37:50,166 [INFO] sqlalchemy.engine.Engine: PRAGMA main.table_info("proceso_control")
2026-01-20 11:37:50,166 [INFO] sqlalchemy.engine.Engine: [raw sql] ()
2026-01-20 11:37:50,167 [INFO] sqlalchemy.engine.Engine: PRAGMA main.table_info("proceso_fase")
2026-01-20 11:37:50,167 [INFO] sqlalchemy.engine.Engine: [raw sql] ()
2026-01-20 11:37:50,167 [INFO] sqlalchemy.engine.Engine: PRAGMA main.table_info("proceso_fase_parametro")
2026-01-20 11:37:50,167 [INFO] sqlalchemy.engine.Engine: [raw sql] ()
2026-01-20 11:37:50,168 [INFO] sqlalchemy.engine.Engine: COMMIT
2026-01-20 11:37:50,266 [INFO] __main__: Iniciando la aplicación Autoclave...
2026-01-20 11:37:50,273 [INFO] autoclave: Iniciando SerialLink
2026-01-20 11:37:50,317 [INFO] src.autoclave.services.control_loop: Iniciando el bucle de control...
2026-01-20 11:37:50,318 [INFO] src.autoclave.services.control_loop: Esperando conexión con ESP32...
2026-01-20 11:37:50,320 [INFO] autoclave: Conectado a ESP32 en COM3
2026-01-20 11:37:50,518 [INFO] src.autoclave.services.control_loop: Conexión establecida. Iniciando actualización de puertas...
2026-01-20 11:37:50,533 [INFO] src.autoclave.ui.ui_main.main_window: ✅ Interfaz creada correctamente.
2026-01-20 11:37:51,820 [WARNING] src.autoclave.devices.door: Estado inicial inconsistente: Puerta cerrada pero presión de empaque baja, iniciando cierre.
2026-01-20 11:37:52,121 [WARNING] src.autoclave.devices.door: Estado inicial inconsistente: Puerta cerrada pero presión de empaque baja, iniciando cierre.
2026-01-20 11:37:53,624 [INFO] src.autoclave.devices.door: Iniciando cierre de puerta.
2026-01-20 11:37:53,628 [INFO] src.autoclave.devices.door: Puerta cerrada correctamente.
2026-01-20 11:37:53,630 [INFO] src.autoclave.devices.door: Iniciando cierre de puerta.
2026-01-20 11:37:53,634 [INFO] src.autoclave.devices.door: Puerta cerrada correctamente.
2026-01-20 11:37:53,635 [INFO] __main__: Puerta Puerta 1: CERRANDO -> CERRADO
2026-01-20 11:37:53,635 [INFO] __main__: Puerta Puerta 1 cerrada.
2026-01-20 11:37:53,635 [INFO] __main__: Puerta Puerta 2: CERRANDO -> CERRADO
2026-01-20 11:37:53,635 [INFO] __main__: Puerta Puerta 2 cerrada.
2026-01-20 11:38:01,897 [INFO] __main__: Comando de apertura de puerta enviado.
2026-01-20 11:38:02,657 [INFO] src.autoclave.devices.door: presion empaque: 358.69 kPa.
2026-01-20 11:38:02,657 [INFO] __main__: Puerta Puerta 2: CERRADO -> ABRIENDO
2026-01-20 11:38:02,658 [INFO] __main__: Puerta Puerta 2 abriéndose...
2026-01-20 11:38:04,159 [INFO] src.autoclave.devices.door: presion empaque: 356.13 kPa.
2026-01-20 11:38:05,662 [INFO] src.autoclave.devices.door: presion empaque: 358.11 kPa.
2026-01-20 11:38:07,165 [INFO] src.autoclave.devices.door: presion empaque: 357.19 kPa.
2026-01-20 11:38:08,668 [INFO] src.autoclave.devices.door: presion empaque: 355.84 kPa.
2026-01-20 11:38:10,170 [INFO] src.autoclave.devices.door: presion empaque: 359.08 kPa.
2026-01-20 11:38:11,672 [INFO] src.autoclave.devices.door: presion empaque: 357.33 kPa.
2026-01-20 11:38:13,174 [INFO] src.autoclave.devices.door: presion empaque: 357.07 kPa.
2026-01-20 11:38:14,677 [INFO] src.autoclave.devices.door: presion empaque: 357.01 kPa.
2026-01-20 11:38:16,180 [INFO] src.autoclave.devices.door: presion empaque: 356.53 kPa.
2026-01-20 11:38:17,683 [INFO] src.autoclave.devices.door: presion empaque: 357.84 kPa.
2026-01-20 11:38:19,185 [INFO] src.autoclave.devices.door: presion empaque: 358.41 kPa.
2026-01-20 11:38:20,687 [INFO] src.autoclave.devices.door: presion empaque: 355.7 kPa.
2026-01-20 11:38:22,190 [INFO] src.autoclave.devices.door: presion empaque: 357.21 kPa.
2026-01-20 11:38:23,692 [INFO] src.autoclave.devices.door: presion empaque: 356.03 kPa.
2026-01-20 11:38:25,194 [INFO] src.autoclave.devices.door: presion empaque: 356.51 kPa.
2026-01-20 11:38:26,696 [INFO] src.autoclave.devices.door: presion empaque: 10.05 kPa.
2026-01-20 11:38:28,198 [INFO] src.autoclave.devices.door: presion empaque: 0.05 kPa.
2026-01-20 11:38:29,701 [INFO] src.autoclave.devices.door: presion empaque: 0.0 kPa.
2026-01-20 11:38:31,203 [INFO] src.autoclave.devices.door: presion empaque: 0.0 kPa.
2026-01-20 11:38:32,708 [INFO] src.autoclave.devices.door: presion empaque: 0.0 kPa.
2026-01-20 11:38:34,211 [INFO] src.autoclave.devices.door: presion empaque: 0.0 kPa.
2026-01-20 11:38:35,713 [INFO] src.autoclave.devices.door: presion empaque: 0.0 kPa.
2026-01-20 11:38:37,215 [INFO] src.autoclave.devices.door: presion empaque: 0.0 kPa.
2026-01-20 11:38:38,719 [INFO] src.autoclave.devices.door: presion empaque: 0.0 kPa.
2026-01-20 11:38:40,222 [INFO] src.autoclave.devices.door: presion empaque: 0.0 kPa.
2026-01-20 11:38:41,726 [INFO] src.autoclave.devices.door: presion empaque: 0.0 kPa.
2026-01-20 11:38:43,229 [INFO] src.autoclave.devices.door: presion empaque: 0.0 kPa.
2026-01-20 11:38:44,732 [INFO] src.autoclave.devices.door: presion empaque: 0.0 kPa.
2026-01-20 11:38:46,235 [INFO] src.autoclave.devices.door: presion empaque: 0.0 kPa.
2026-01-20 11:38:47,738 [INFO] src.autoclave.devices.door: presion empaque: 0.0 kPa.
2026-01-20 11:38:49,241 [INFO] src.autoclave.devices.door: presion empaque: 0.0 kPa.
2026-01-20 11:38:50,745 [INFO] src.autoclave.devices.door: presion empaque: 0.0 kPa.
2026-01-20 11:38:52,248 [INFO] src.autoclave.devices.door: presion empaque: 0.0 kPa.
2026-01-20 11:38:53,750 [INFO] src.autoclave.devices.door: presion empaque: 0.0 kPa.
2026-01-20 11:38:55,252 [INFO] src.autoclave.devices.door: presion empaque: 0.0 kPa.
2026-01-20 11:38:56,755 [INFO] src.autoclave.devices.door: presion empaque: 0.0 kPa.
2026-01-20 11:38:58,256 [INFO] src.autoclave.devices.door: presion empaque: 0.0 kPa.
2026-01-20 11:38:59,759 [INFO] src.autoclave.devices.door: presion empaque: 0.0 kPa.
2026-01-20 11:39:01,263 [INFO] src.autoclave.devices.door: presion empaque: 0.0 kPa.
2026-01-20 11:39:01,267 [INFO] src.autoclave.devices.door: Puerta abierta correctamente.
2026-01-20 11:39:01,267 [INFO] __main__: Puerta Puerta 2: ABRIENDO -> ABIERTO
2026-01-20 11:39:01,268 [INFO] __main__: Puerta Puerta 2 abierta.
2026-01-20 11:39:28,278 [INFO] __main__: Comando de cierre de puerta enviado.
2026-01-20 11:39:28,368 [INFO] src.autoclave.devices.door: Iniciando cierre de puerta.
2026-01-20 11:39:28,368 [INFO] __main__: Puerta Puerta 2: ABIERTO -> CERRANDO
2026-01-20 11:39:28,369 [INFO] __main__: Puerta Puerta 2 cerrándose...
2026-01-20 11:40:08,928 [INFO] __main__: Puerta Puerta 2: CERRANDO -> ATRAPADA
2026-01-20 11:40:08,930 [ERROR] __main__: ¡Puerta Puerta 2 atrapada!
2026-01-20 11:40:10,437 [INFO] src.autoclave.devices.door: Puerta atrapada, intentando apertura automática.
2026-01-20 11:40:10,438 [INFO] src.autoclave.devices.door: Iniciando apertura automática de puerta atrapada.
2026-01-20 11:40:10,438 [INFO] __main__: Puerta Puerta 2: ATRAPADA -> ABRIENDO
2026-01-20 11:40:10,438 [INFO] __main__: Puerta Puerta 2 abriéndose...
2026-01-20 11:40:11,940 [INFO] src.autoclave.devices.door: presion empaque: 0.0 kPa.
2026-01-20 11:40:13,443 [INFO] src.autoclave.devices.door: presion empaque: 0.0 kPa.
2026-01-20 11:40:14,946 [INFO] src.autoclave.devices.door: presion empaque: 0.0 kPa.
2026-01-20 11:40:16,448 [INFO] src.autoclave.devices.door: presion empaque: 0.0 kPa.
2026-01-20 11:40:17,950 [INFO] src.autoclave.devices.door: presion empaque: 0.0 kPa.
2026-01-20 11:40:19,453 [INFO] src.autoclave.devices.door: presion empaque: 0.0 kPa.
2026-01-20 11:40:20,956 [INFO] src.autoclave.devices.door: presion empaque: 0.0 kPa.
2026-01-20 11:40:22,458 [INFO] src.autoclave.devices.door: presion empaque: 0.0 kPa.
2026-01-20 11:40:23,961 [INFO] src.autoclave.devices.door: presion empaque: 0.0 kPa.
2026-01-20 11:40:25,464 [INFO] src.autoclave.devices.door: presion empaque: 0.0 kPa.
2026-01-20 11:40:26,966 [INFO] src.autoclave.devices.door: presion empaque: 0.0 kPa.
2026-01-20 11:40:28,468 [INFO] src.autoclave.devices.door: presion empaque: 0.0 kPa.
2026-01-20 11:40:29,971 [INFO] src.autoclave.devices.door: presion empaque: 0.0 kPa.
2026-01-20 11:40:31,473 [INFO] src.autoclave.devices.door: presion empaque: 0.0 kPa.
2026-01-20 11:40:31,477 [INFO] src.autoclave.devices.door: Puerta abierta correctamente.
2026-01-20 11:40:31,477 [INFO] __main__: Puerta Puerta 2: ABRIENDO -> ABIERTO
2026-01-20 11:40:31,478 [INFO] __main__: Puerta Puerta 2 abierta.
2026-01-20 11:43:14,535 [INFO] src.autoclave.ui.ui_main.main_window: ⏻ Apagando equipo...
2026-01-20 11:43:17,569 [INFO] __main__: Cerrando la aplicación Autoclave...
2026-01-20 11:43:17,574 [INFO] autoclave: Deteniendo SerialLink
2026-01-20 11:43:17,575 [INFO] src.autoclave.services.control_loop: Flujo de datos detenido.
2026-01-20 11:43:26,486 [INFO] sqlalchemy.engine.Engine: BEGIN (implicit)
2026-01-20 11:43:26,487 [INFO] sqlalchemy.engine.Engine: PRAGMA main.table_info("ac_puerto")
2026-01-20 11:43:26,487 [INFO] sqlalchemy.engine.Engine: [raw sql] ()
2026-01-20 11:43:26,488 [INFO] sqlalchemy.engine.Engine: PRAGMA main.table_info("ac_pantalla_control")
2026-01-20 11:43:26,488 [INFO] sqlalchemy.engine.Engine: [raw sql] ()
2026-01-20 11:43:26,488 [INFO] sqlalchemy.engine.Engine: PRAGMA main.table_info("proceso_control")
2026-01-20 11:43:26,488 [INFO] sqlalchemy.engine.Engine: [raw sql] ()
2026-01-20 11:43:26,489 [INFO] sqlalchemy.engine.Engine: PRAGMA main.table_info("proceso_fase")
2026-01-20 11:43:26,489 [INFO] sqlalchemy.engine.Engine: [raw sql] ()
2026-01-20 11:43:26,489 [INFO] sqlalchemy.engine.Engine: PRAGMA main.table_info("proceso_fase_parametro")
2026-01-20 11:43:26,489 [INFO] sqlalchemy.engine.Engine: [raw sql] ()
2026-01-20 11:43:26,490 [INFO] sqlalchemy.engine.Engine: COMMIT
2026-01-20 11:43:26,615 [INFO] __main__: Iniciando la aplicación Autoclave...
2026-01-20 11:43:26,621 [INFO] autoclave: Iniciando SerialLink
2026-01-20 11:43:26,622 [INFO] src.autoclave.services.control_loop: Iniciando el bucle de control...
2026-01-20 11:43:26,667 [INFO] src.autoclave.services.control_loop: Esperando conexión con ESP32...
2026-01-20 11:43:26,669 [INFO] autoclave: Conectado a ESP32 en COM3
2026-01-20 11:43:26,785 [INFO] src.autoclave.ui.ui_main.main_window: ✅ Interfaz creada correctamente.
2026-01-20 11:43:26,867 [INFO] src.autoclave.services.control_loop: Conexión establecida. Iniciando actualización de puertas...
2026-01-20 11:43:27,873 [ERROR] src.autoclave.devices.door: Error: Estado inicial de puerta inconsistente .
2026-01-20 11:43:27,880 [ERROR] src.autoclave.devices.door: Error: Estado inicial de puerta inconsistente .
2026-01-20 11:43:29,687 [INFO] src.autoclave.devices.door: Recuperación de error: Estado detectado CERRADO.
2026-01-20 11:43:29,687 [INFO] src.autoclave.devices.door: Recuperación de error: Estado detectado ABIERTO.
2026-01-20 11:43:29,688 [INFO] __main__: Puerta Puerta 1: ERROR -> CERRADO
2026-01-20 11:43:29,688 [INFO] __main__: Puerta Puerta 1 cerrada.
2026-01-20 11:43:29,688 [INFO] __main__: Puerta Puerta 2: ERROR -> ABIERTO
2026-01-20 11:43:29,689 [INFO] __main__: Puerta Puerta 2 abierta.
2026-01-20 11:45:50,912 [INFO] __main__: Comando de cierre de puerta enviado.
2026-01-20 11:45:51,210 [INFO] src.autoclave.devices.door: Iniciando cierre de puerta.
2026-01-20 11:45:51,213 [INFO] __main__: Puerta Puerta 2: ABIERTO -> ATRAPADA
2026-01-20 11:45:51,213 [ERROR] __main__: ¡Puerta Puerta 2 atrapada!
2026-01-20 11:45:52,716 [INFO] src.autoclave.devices.door: Puerta atrapada, intentando apertura automática.
2026-01-20 11:45:52,717 [INFO] src.autoclave.devices.door: Puerta liberada y abierta correctamente.
2026-01-20 11:45:52,718 [INFO] __main__: Puerta Puerta 2: ATRAPADA -> ABIERTO
2026-01-20 11:45:52,719 [INFO] __main__: Puerta Puerta 2 abierta.
2026-01-20 11:46:23,748 [INFO] __main__: Comando de cierre de puerta enviado.
2026-01-20 11:46:24,332 [INFO] src.autoclave.devices.door: Iniciando cierre de puerta.
2026-01-20 11:46:24,334 [INFO] __main__: Puerta Puerta 2: ABIERTO -> ATRAPADA
2026-01-20 11:46:24,334 [ERROR] __main__: ¡Puerta Puerta 2 atrapada!
2026-01-20 11:46:25,837 [INFO] src.autoclave.devices.door: Puerta atrapada, intentando apertura automática.
2026-01-20 11:46:25,838 [INFO] src.autoclave.devices.door: Puerta liberada y abierta correctamente.
2026-01-20 11:46:25,838 [INFO] __main__: Puerta Puerta 2: ATRAPADA -> ABIERTO
2026-01-20 11:46:25,838 [INFO] __main__: Puerta Puerta 2 abierta.
2026-01-20 11:46:58,495 [INFO] __main__: Comando de cierre de puerta enviado.
2026-01-20 11:46:58,960 [INFO] src.autoclave.devices.door: Iniciando cierre de puerta.
2026-01-20 11:46:58,961 [INFO] __main__: Puerta Puerta 2: ABIERTO -> CERRANDO
2026-01-20 11:46:58,961 [INFO] __main__: Puerta Puerta 2 cerrándose...
2026-01-20 11:47:16,990 [INFO] __main__: Puerta Puerta 2: CERRANDO -> ATRAPADA
2026-01-20 11:47:16,990 [ERROR] __main__: ¡Puerta Puerta 2 atrapada!
2026-01-20 11:47:18,493 [INFO] src.autoclave.devices.door: Puerta atrapada, intentando apertura automática.
2026-01-20 11:47:18,495 [INFO] src.autoclave.devices.door: Iniciando apertura automática de puerta atrapada.
2026-01-20 11:47:18,495 [INFO] __main__: Puerta Puerta 2: ATRAPADA -> ABRIENDO
2026-01-20 11:47:18,496 [INFO] __main__: Puerta Puerta 2 abriéndose...
2026-01-20 11:47:20,002 [INFO] src.autoclave.devices.door: presion empaque: 0.0 kPa.
2026-01-20 11:47:21,505 [INFO] src.autoclave.devices.door: presion empaque: 0.0 kPa.
2026-01-20 11:47:23,007 [INFO] src.autoclave.devices.door: presion empaque: 0.0 kPa.
2026-01-20 11:47:24,510 [INFO] src.autoclave.devices.door: presion empaque: 0.0 kPa.
2026-01-20 11:47:26,012 [INFO] src.autoclave.devices.door: presion empaque: 0.0 kPa.
2026-01-20 11:47:27,515 [INFO] src.autoclave.devices.door: presion empaque: 0.0 kPa.
2026-01-20 11:47:29,018 [INFO] src.autoclave.devices.door: presion empaque: 0.0 kPa.
2026-01-20 11:47:30,521 [INFO] src.autoclave.devices.door: presion empaque: 0.0 kPa.
2026-01-20 11:47:32,024 [INFO] src.autoclave.devices.door: presion empaque: 0.0 kPa.
2026-01-20 11:47:33,526 [INFO] src.autoclave.devices.door: presion empaque: 0.0 kPa.
2026-01-20 11:47:35,029 [INFO] src.autoclave.devices.door: presion empaque: 0.0 kPa.
2026-01-20 11:47:36,531 [INFO] src.autoclave.devices.door: presion empaque: 0.0 kPa.
2026-01-20 11:47:38,035 [INFO] src.autoclave.devices.door: presion empaque: 0.0 kPa.
2026-01-20 11:47:39,537 [INFO] src.autoclave.devices.door: presion empaque: 0.0 kPa.
2026-01-20 11:47:41,040 [INFO] src.autoclave.devices.door: presion empaque: 0.0 kPa.
2026-01-20 11:47:42,543 [INFO] src.autoclave.devices.door: presion empaque: 0.0 kPa.
2026-01-20 11:47:44,046 [INFO] src.autoclave.devices.door: presion empaque: 0.0 kPa.
2026-01-20 11:47:45,549 [INFO] src.autoclave.devices.door: presion empaque: 0.0 kPa.
2026-01-20 11:47:45,553 [INFO] src.autoclave.devices.door: Puerta abierta correctamente.
2026-01-20 11:47:45,553 [INFO] __main__: Puerta Puerta 2: ABRIENDO -> ABIERTO
2026-01-20 11:47:45,553 [INFO] __main__: Puerta Puerta 2 abierta.
2026-01-20 11:49:13,812 [INFO] __main__: Comando de cierre de puerta enviado.
2026-01-20 11:49:14,383 [INFO] src.autoclave.devices.door: Iniciando cierre de puerta.
2026-01-20 11:49:14,384 [INFO] __main__: Puerta Puerta 2: ABIERTO -> CERRANDO
2026-01-20 11:49:14,384 [INFO] __main__: Puerta Puerta 2 cerrándose...
2026-01-20 11:49:29,408 [INFO] __main__: Puerta Puerta 2: CERRANDO -> ATRAPADA
2026-01-20 11:49:29,409 [ERROR] __main__: ¡Puerta Puerta 2 atrapada!
2026-01-20 11:49:30,912 [INFO] src.autoclave.devices.door: Puerta atrapada, intentando apertura automática.
2026-01-20 11:49:30,913 [INFO] src.autoclave.devices.door: Iniciando apertura automática de puerta atrapada.
2026-01-20 11:49:30,913 [INFO] __main__: Puerta Puerta 2: ATRAPADA -> ABRIENDO
2026-01-20 11:49:30,913 [INFO] __main__: Puerta Puerta 2 abriéndose...
2026-01-20 11:49:32,419 [INFO] src.autoclave.devices.door: presion empaque: 0.0 kPa.
2026-01-20 11:49:33,923 [INFO] src.autoclave.devices.door: presion empaque: 0.0 kPa.
2026-01-20 11:49:35,425 [INFO] src.autoclave.devices.door: presion empaque: 0.0 kPa.
2026-01-20 11:49:36,928 [INFO] src.autoclave.devices.door: presion empaque: 0.0 kPa.
2026-01-20 11:49:38,431 [INFO] src.autoclave.devices.door: presion empaque: 0.0 kPa.
2026-01-20 11:49:39,934 [INFO] src.autoclave.devices.door: presion empaque: 0.0 kPa.
2026-01-20 11:49:41,436 [INFO] src.autoclave.devices.door: presion empaque: 0.0 kPa.
2026-01-20 11:49:42,939 [INFO] src.autoclave.devices.door: presion empaque: 0.0 kPa.
2026-01-20 11:49:44,442 [INFO] src.autoclave.devices.door: presion empaque: 0.0 kPa.
2026-01-20 11:49:45,943 [INFO] src.autoclave.devices.door: presion empaque: 0.0 kPa.
2026-01-20 11:49:45,947 [INFO] src.autoclave.devices.door: Puerta abierta correctamente.
2026-01-20 11:49:45,948 [INFO] __main__: Puerta Puerta 2: ABRIENDO -> ABIERTO
2026-01-20 11:49:45,948 [INFO] __main__: Puerta Puerta 2 abierta.
2026-01-20 11:50:42,858 [INFO] src.autoclave.ui.ui_main.main_window: ⏻ Apagando equipo...
2026-01-20 11:50:45,883 [INFO] __main__: Cerrando la aplicación Autoclave...
2026-01-20 11:50:45,888 [INFO] autoclave: Deteniendo SerialLink
2026-01-20 11:50:45,889 [INFO] src.autoclave.services.control_loop: Flujo de datos detenido.
2026-01-20 11:51:19,869 [INFO] sqlalchemy.engine.Engine: BEGIN (implicit)
2026-01-20 11:51:19,870 [INFO] sqlalchemy.engine.Engine: PRAGMA main.table_info("ac_puerto")
2026-01-20 11:51:19,870 [INFO] sqlalchemy.engine.Engine: [raw sql] ()
2026-01-20 11:51:19,871 [INFO] sqlalchemy.engine.Engine: PRAGMA main.table_info("ac_pantalla_control")
2026-01-20 11:51:19,871 [INFO] sqlalchemy.engine.Engine: [raw sql] ()
2026-01-20 11:51:19,871 [INFO] sqlalchemy.engine.Engine: PRAGMA main.table_info("proceso_control")
2026-01-20 11:51:19,871 [INFO] sqlalchemy.engine.Engine: [raw sql] ()
2026-01-20 11:51:19,871 [INFO] sqlalchemy.engine.Engine: PRAGMA main.table_info("proceso_fase")
2026-01-20 11:51:19,872 [INFO] sqlalchemy.engine.Engine: [raw sql] ()
2026-01-20 11:51:19,872 [INFO] sqlalchemy.engine.Engine: PRAGMA main.table_info("proceso_fase_parametro")
2026-01-20 11:51:19,872 [INFO] sqlalchemy.engine.Engine: [raw sql] ()
2026-01-20 11:51:19,872 [INFO] sqlalchemy.engine.Engine: COMMIT
2026-01-20 11:51:20,013 [INFO] __main__: Iniciando la aplicación Autoclave...
2026-01-20 11:51:20,019 [INFO] autoclave: Iniciando SerialLink
2026-01-20 11:51:20,064 [INFO] src.autoclave.services.control_loop: Iniciando el bucle de control...
2026-01-20 11:51:20,064 [INFO] src.autoclave.services.control_loop: Esperando conexión con ESP32...
2026-01-20 11:51:20,067 [INFO] autoclave: Conectado a ESP32 en COM3
2026-01-20 11:51:20,182 [INFO] src.autoclave.ui.ui_main.main_window: ✅ Interfaz creada correctamente.
2026-01-20 11:51:20,265 [INFO] src.autoclave.services.control_loop: Conexión establecida. Iniciando actualización de puertas...
2026-01-20 11:51:21,266 [ERROR] src.autoclave.devices.door: Error: Estado inicial de puerta inconsistente .
2026-01-20 11:51:21,266 [ERROR] src.autoclave.devices.door: Error: Estado inicial de puerta inconsistente .
2026-01-20 11:51:23,068 [INFO] src.autoclave.devices.door: Recuperación de error: Estado detectado CERRADO.
2026-01-20 11:51:23,068 [INFO] src.autoclave.devices.door: Recuperación de error: Estado detectado ABIERTO.
2026-01-20 11:51:23,068 [INFO] __main__: Puerta Puerta 1: ERROR -> CERRADO
2026-01-20 11:51:23,069 [INFO] __main__: Puerta Puerta 1 cerrada.
2026-01-20 11:51:23,069 [INFO] __main__: Puerta Puerta 2: ERROR -> ABIERTO
2026-01-20 11:51:23,069 [INFO] __main__: Puerta Puerta 2 abierta.
2026-01-20 11:51:27,955 [INFO] __main__: Comando de cierre de puerta enviado.
2026-01-20 11:51:29,090 [INFO] src.autoclave.devices.door: Iniciando cierre de puerta.
2026-01-20 11:51:29,092 [INFO] __main__: Puerta Puerta 2: ABIERTO -> ATRAPADA
2026-01-20 11:51:29,092 [ERROR] __main__: ¡Puerta Puerta 2 atrapada!
2026-01-20 11:51:30,595 [INFO] src.autoclave.devices.door: Puerta atrapada, intentando apertura automática.
2026-01-20 11:51:30,596 [INFO] src.autoclave.devices.door: Puerta liberada y abierta correctamente.
2026-01-20 11:51:30,596 [INFO] __main__: Puerta Puerta 2: ATRAPADA -> ABIERTO
2026-01-20 11:51:30,596 [INFO] __main__: Puerta Puerta 2 abierta.
2026-01-20 11:52:25,443 [INFO] src.autoclave.ui.ui_main.main_window: ⏻ Apagando equipo...
2026-01-20 11:52:28,468 [INFO] __main__: Cerrando la aplicación Autoclave...
2026-01-20 11:52:28,473 [INFO] autoclave: Deteniendo SerialLink
2026-01-20 11:52:28,474 [INFO] src.autoclave.services.control_loop: Flujo de datos detenido.
2026-01-20 11:52:32,976 [INFO] sqlalchemy.engine.Engine: BEGIN (implicit)
2026-01-20 11:52:32,976 [INFO] sqlalchemy.engine.Engine: PRAGMA main.table_info("ac_puerto")
2026-01-20 11:52:32,976 [INFO] sqlalchemy.engine.Engine: [raw sql] ()
2026-01-20 11:52:32,977 [INFO] sqlalchemy.engine.Engine: PRAGMA main.table_info("ac_pantalla_control")
2026-01-20 11:52:32,977 [INFO] sqlalchemy.engine.Engine: [raw sql] ()
2026-01-20 11:52:32,978 [INFO] sqlalchemy.engine.Engine: PRAGMA main.table_info("proceso_control")
2026-01-20 11:52:32,978 [INFO] sqlalchemy.engine.Engine: [raw sql] ()
2026-01-20 11:52:32,978 [INFO] sqlalchemy.engine.Engine: PRAGMA main.table_info("proceso_fase")
2026-01-20 11:52:32,978 [INFO] sqlalchemy.engine.Engine: [raw sql] ()
2026-01-20 11:52:32,979 [INFO] sqlalchemy.engine.Engine: PRAGMA main.table_info("proceso_fase_parametro")
2026-01-20 11:52:32,979 [INFO] sqlalchemy.engine.Engine: [raw sql] ()
2026-01-20 11:52:32,979 [INFO] sqlalchemy.engine.Engine: COMMIT
2026-01-20 11:52:33,097 [INFO] __main__: Iniciando la aplicación Autoclave...
2026-01-20 11:52:33,104 [INFO] autoclave: Iniciando SerialLink
2026-01-20 11:52:33,148 [INFO] src.autoclave.services.control_loop: Iniciando el bucle de control...
2026-01-20 11:52:33,149 [INFO] src.autoclave.services.control_loop: Esperando conexión con ESP32...
2026-01-20 11:52:33,151 [INFO] autoclave: Conectado a ESP32 en COM3
2026-01-20 11:52:33,265 [INFO] src.autoclave.ui.ui_main.main_window: ✅ Interfaz creada correctamente.
2026-01-20 11:52:33,349 [INFO] src.autoclave.services.control_loop: Conexión establecida. Iniciando actualización de puertas...
2026-01-20 11:52:34,351 [ERROR] src.autoclave.devices.door: Error: Estado inicial de puerta inconsistente .
2026-01-20 11:52:34,351 [ERROR] src.autoclave.devices.door: Error: Estado inicial de puerta inconsistente .
2026-01-20 11:52:36,153 [INFO] src.autoclave.devices.door: Recuperación de error: Estado detectado CERRADO.
2026-01-20 11:52:36,153 [INFO] src.autoclave.devices.door: Recuperación de error: Estado detectado ABIERTO.
2026-01-20 11:52:36,153 [INFO] __main__: Puerta Puerta 1: ERROR -> CERRADO
2026-01-20 11:52:36,153 [INFO] __main__: Puerta Puerta 1 cerrada.
2026-01-20 11:52:36,154 [INFO] __main__: Puerta Puerta 2: ERROR -> ABIERTO
2026-01-20 11:52:36,154 [INFO] __main__: Puerta Puerta 2 abierta.
2026-01-20 11:52:55,030 [INFO] __main__: Comando de cierre de puerta enviado.
2026-01-20 11:52:55,735 [INFO] src.autoclave.devices.door: Iniciando cierre de puerta.
2026-01-20 11:52:55,736 [INFO] __main__: Puerta Puerta 2: ABIERTO -> CERRANDO
2026-01-20 11:52:55,736 [INFO] __main__: Puerta Puerta 2 cerrándose...
2026-01-20 11:53:03,249 [INFO] __main__: Puerta Puerta 2: CERRANDO -> ATRAPADA
2026-01-20 11:53:03,250 [ERROR] __main__: ¡Puerta Puerta 2 atrapada!
2026-01-20 11:53:04,753 [INFO] src.autoclave.devices.door: Puerta atrapada, intentando apertura automática.
2026-01-20 11:53:04,753 [INFO] src.autoclave.devices.door: Iniciando apertura automática de puerta atrapada.
2026-01-20 11:53:04,754 [INFO] __main__: Puerta Puerta 2: ATRAPADA -> ABRIENDO
2026-01-20 11:53:04,754 [INFO] __main__: Puerta Puerta 2 abriéndose...
2026-01-20 11:53:06,259 [INFO] src.autoclave.devices.door: presion empaque: 0.0 kPa.
2026-01-20 11:53:07,763 [INFO] src.autoclave.devices.door: presion empaque: 0.0 kPa.
2026-01-20 11:53:09,267 [INFO] src.autoclave.devices.door: presion empaque: 0.0 kPa.
2026-01-20 11:53:10,770 [INFO] src.autoclave.devices.door: presion empaque: 0.0 kPa.
2026-01-20 11:53:12,273 [INFO] src.autoclave.devices.door: presion empaque: 0.0 kPa.
2026-01-20 11:53:13,776 [INFO] src.autoclave.devices.door: presion empaque: 0.0 kPa.
2026-01-20 11:53:15,278 [INFO] src.autoclave.devices.door: presion empaque: 0.0 kPa.
2026-01-20 11:53:16,788 [INFO] src.autoclave.devices.door: presion empaque: 0.0 kPa.
2026-01-20 11:53:16,792 [INFO] src.autoclave.devices.door: Puerta abierta correctamente.
2026-01-20 11:53:16,792 [INFO] __main__: Puerta Puerta 2: ABRIENDO -> ABIERTO
2026-01-20 11:53:16,793 [INFO] __main__: Puerta Puerta 2 abierta.
2026-01-20 11:53:26,721 [INFO] __main__: Comando de cierre de puerta enviado.
2026-01-20 11:53:27,337 [INFO] src.autoclave.devices.door: Iniciando cierre de puerta.
2026-01-20 11:53:27,338 [INFO] __main__: Puerta Puerta 2: ABIERTO -> CERRANDO
2026-01-20 11:53:27,338 [INFO] __main__: Puerta Puerta 2 cerrándose...
2026-01-20 11:53:36,361 [INFO] src.autoclave.devices.door: Puerta cerrada correctamente.
2026-01-20 11:53:36,363 [INFO] __main__: Puerta Puerta 2: CERRANDO -> CERRADO
2026-01-20 11:53:36,364 [INFO] __main__: Puerta Puerta 2 cerrada.
2026-01-20 11:53:49,303 [INFO] __main__: Comando de apertura de puerta enviado.
2026-01-20 11:53:49,894 [INFO] src.autoclave.devices.door: presion empaque: 349.4 kPa.
2026-01-20 11:53:49,896 [INFO] __main__: Puerta Puerta 1: CERRADO -> ABRIENDO
2026-01-20 11:53:49,896 [INFO] __main__: Puerta Puerta 1 abriéndose...
2026-01-20 11:53:51,397 [INFO] src.autoclave.devices.door: presion empaque: 351.97 kPa.
2026-01-20 11:53:52,901 [INFO] src.autoclave.devices.door: presion empaque: 351.65 kPa.
2026-01-20 11:53:54,402 [INFO] src.autoclave.devices.door: presion empaque: 349.4 kPa.
2026-01-20 11:53:55,905 [INFO] src.autoclave.devices.door: presion empaque: 350.69 kPa.
2026-01-20 11:53:57,407 [INFO] src.autoclave.devices.door: presion empaque: 351.12 kPa.
2026-01-20 11:53:58,910 [INFO] src.autoclave.devices.door: presion empaque: 3.4 kPa.
2026-01-20 11:54:00,413 [INFO] src.autoclave.devices.door: presion empaque: 0.02 kPa.
2026-01-20 11:54:01,916 [INFO] src.autoclave.devices.door: presion empaque: 0.0 kPa.
2026-01-20 11:54:03,419 [INFO] src.autoclave.devices.door: presion empaque: 0.0 kPa.
2026-01-20 11:54:04,921 [INFO] src.autoclave.devices.door: presion empaque: 0.0 kPa.
2026-01-20 11:54:06,425 [INFO] src.autoclave.devices.door: presion empaque: 0.0 kPa.
2026-01-20 11:54:07,927 [INFO] src.autoclave.devices.door: presion empaque: 0.0 kPa.
2026-01-20 11:54:09,434 [INFO] src.autoclave.devices.door: presion empaque: 0.0 kPa.
2026-01-20 11:54:09,437 [INFO] src.autoclave.devices.door: Puerta abierta correctamente.
2026-01-20 11:54:09,440 [INFO] __main__: Puerta Puerta 1: ABRIENDO -> ABIERTO
2026-01-20 11:54:09,440 [INFO] __main__: Puerta Puerta 1 abierta.
2026-01-20 11:54:26,345 [INFO] __main__: Comando de cierre de puerta enviado.
2026-01-20 11:54:27,517 [INFO] src.autoclave.devices.door: Iniciando cierre de puerta.
2026-01-20 11:54:27,519 [INFO] __main__: Puerta Puerta 1: ABIERTO -> CERRANDO
2026-01-20 11:54:27,519 [INFO] __main__: Puerta Puerta 1 cerrándose...
2026-01-20 11:55:09,570 [INFO] __main__: Puerta Puerta 1: CERRANDO -> ATRAPADA
2026-01-20 11:55:09,571 [ERROR] __main__: ¡Puerta Puerta 1 atrapada!
2026-01-20 11:55:11,072 [INFO] src.autoclave.devices.door: Puerta atrapada, intentando apertura automática.
2026-01-20 11:55:11,073 [INFO] src.autoclave.devices.door: Iniciando apertura automática de puerta atrapada.
2026-01-20 11:55:11,075 [INFO] __main__: Puerta Puerta 1: ATRAPADA -> ABRIENDO
2026-01-20 11:55:11,076 [INFO] __main__: Puerta Puerta 1 abriéndose...
2026-01-20 11:55:12,580 [INFO] src.autoclave.devices.door: presion empaque: 0.0 kPa.
2026-01-20 11:55:14,083 [INFO] src.autoclave.devices.door: presion empaque: 0.0 kPa.
2026-01-20 11:55:15,587 [INFO] src.autoclave.devices.door: presion empaque: 0.0 kPa.
2026-01-20 11:55:17,090 [INFO] src.autoclave.devices.door: presion empaque: 0.0 kPa.
2026-01-20 11:55:18,594 [INFO] src.autoclave.devices.door: presion empaque: 0.0 kPa.
2026-01-20 11:55:20,098 [INFO] src.autoclave.devices.door: presion empaque: 0.0 kPa.
2026-01-20 11:55:21,600 [INFO] src.autoclave.devices.door: presion empaque: 0.0 kPa.
2026-01-20 11:55:23,104 [INFO] src.autoclave.devices.door: presion empaque: 0.0 kPa.
2026-01-20 11:55:24,607 [INFO] src.autoclave.devices.door: presion empaque: 0.0 kPa.
2026-01-20 11:55:26,110 [INFO] src.autoclave.devices.door: presion empaque: 0.0 kPa.
2026-01-20 11:55:27,613 [INFO] src.autoclave.devices.door: presion empaque: 0.0 kPa.
2026-01-20 11:55:27,616 [INFO] src.autoclave.devices.door: Puerta abierta correctamente.
2026-01-20 11:55:27,618 [INFO] __main__: Puerta Puerta 1: ABRIENDO -> ABIERTO
2026-01-20 11:55:27,618 [INFO] __main__: Puerta Puerta 1 abierta.
2026-01-20 12:37:23,817 [INFO] src.autoclave.ui.ui_main.main_window: ⏻ Apagando equipo...
2026-01-20 12:37:26,892 [INFO] __main__: Cerrando la aplicación Autoclave...
2026-01-20 12:37:26,899 [INFO] autoclave: Deteniendo SerialLink
2026-01-20 12:37:26,902 [INFO] src.autoclave.services.control_loop: Flujo de datos detenido.
2026-01-20 14:59:12,989 [INFO] sqlalchemy.engine.Engine: BEGIN (implicit)
2026-01-20 14:59:12,990 [INFO] sqlalchemy.engine.Engine: PRAGMA main.table_info("ac_puerto")
2026-01-20 14:59:12,990 [INFO] sqlalchemy.engine.Engine: [raw sql] ()
2026-01-20 14:59:12,993 [INFO] sqlalchemy.engine.Engine: PRAGMA main.table_info("ac_pantalla_control")
2026-01-20 14:59:12,993 [INFO] sqlalchemy.engine.Engine: [raw sql] ()
2026-01-20 14:59:12,997 [INFO] sqlalchemy.engine.Engine: PRAGMA main.table_info("proceso_control")
2026-01-20 14:59:13,000 [INFO] sqlalchemy.engine.Engine: [raw sql] ()
2026-01-20 14:59:13,004 [INFO] sqlalchemy.engine.Engine: PRAGMA main.table_info("proceso_fase")
2026-01-20 14:59:13,006 [INFO] sqlalchemy.engine.Engine: [raw sql] ()
2026-01-20 14:59:13,007 [INFO] sqlalchemy.engine.Engine: PRAGMA main.table_info("proceso_fase_parametro")
2026-01-20 14:59:13,007 [INFO] sqlalchemy.engine.Engine: [raw sql] ()
2026-01-20 14:59:13,008 [INFO] sqlalchemy.engine.Engine: COMMIT
2026-01-20 14:59:13,197 [INFO] __main__: Iniciando la aplicación Autoclave...
2026-01-20 14:59:13,201 [INFO] autoclave: Iniciando SerialLink
2026-01-20 14:59:13,273 [INFO] autoclave.services.domain.loop.control_loop: Iniciando el bucle de control...
2026-01-20 14:59:13,274 [INFO] autoclave.services.domain.loop.control_loop: Esperando conexión con ESP32...
2026-01-20 14:59:13,278 [INFO] autoclave: Conectado a ESP32 en COM3
2026-01-20 14:59:13,416 [INFO] autoclave.ui.main.main_window: ✅ Interfaz creada correctamente.
2026-01-20 14:59:13,474 [INFO] autoclave.services.domain.loop.control_loop: Conexión establecida. Iniciando actualización de puertas...
2026-01-20 14:59:14,475 [ERROR] autoclave.devices.door: Error: Estado inicial de puerta inconsistente .
2026-01-20 14:59:14,476 [ERROR] autoclave.devices.door: Error: Estado inicial de puerta inconsistente .
2026-01-20 14:59:15,978 [INFO] autoclave.devices.door: Recuperación de error: Estado detectado ABIERTO.
2026-01-20 14:59:16,280 [INFO] autoclave.devices.door: Recuperación de error: Estado detectado CERRADO.
2026-01-20 14:59:16,281 [INFO] __main__: Puerta Puerta 1: ERROR -> ABIERTO
2026-01-20 14:59:16,282 [INFO] __main__: Puerta Puerta 1 abierta.
2026-01-20 14:59:16,282 [INFO] __main__: Puerta Puerta 2: ERROR -> CERRADO
2026-01-20 14:59:16,283 [INFO] __main__: Puerta Puerta 2 cerrada.
2026-01-20 15:07:34,760 [INFO] autoclave.ui.main.main_window: ⏻ Apagando equipo...
2026-01-20 15:07:37,826 [INFO] __main__: Cerrando la aplicación Autoclave...
2026-01-20 15:07:37,831 [INFO] autoclave: Deteniendo SerialLink
2026-01-20 15:07:37,831 [INFO] autoclave.services.domain.loop.control_loop: Flujo de datos detenido.
2026-01-20 15:07:42,279 [INFO] sqlalchemy.engine.Engine: BEGIN (implicit)
2026-01-20 15:07:42,280 [INFO] sqlalchemy.engine.Engine: PRAGMA main.table_info("ac_puerto")
2026-01-20 15:07:42,280 [INFO] sqlalchemy.engine.Engine: [raw sql] ()
2026-01-20 15:07:42,281 [INFO] sqlalchemy.engine.Engine: PRAGMA main.table_info("ac_pantalla_control")
2026-01-20 15:07:42,281 [INFO] sqlalchemy.engine.Engine: [raw sql] ()
2026-01-20 15:07:42,281 [INFO] sqlalchemy.engine.Engine: PRAGMA main.table_info("proceso_control")
2026-01-20 15:07:42,282 [INFO] sqlalchemy.engine.Engine: [raw sql] ()
2026-01-20 15:07:42,282 [INFO] sqlalchemy.engine.Engine: PRAGMA main.table_info("proceso_fase")
2026-01-20 15:07:42,282 [INFO] sqlalchemy.engine.Engine: [raw sql] ()
2026-01-20 15:07:42,283 [INFO] sqlalchemy.engine.Engine: PRAGMA main.table_info("proceso_fase_parametro")
2026-01-20 15:07:42,283 [INFO] sqlalchemy.engine.Engine: [raw sql] ()
2026-01-20 15:07:42,284 [INFO] sqlalchemy.engine.Engine: COMMIT
2026-01-20 15:07:42,586 [INFO] __main__: Iniciando la aplicación Autoclave...
2026-01-20 15:07:42,609 [INFO] autoclave: Iniciando SerialLink
2026-01-20 15:07:42,721 [INFO] autoclave: Conectado a ESP32 en COM3
2026-01-20 15:07:42,836 [INFO] autoclave.ui.main.main_window: ✅ Interfaz creada correctamente.
2026-01-20 15:07:42,837 [INFO] __main__: Cerrando la aplicación Autoclave...
2026-01-20 15:07:42,837 [INFO] autoclave.services.domain.loop.control_loop: Iniciando el bucle de control...
2026-01-20 15:07:42,837 [INFO] autoclave.services.domain.loop.control_loop: Conexión establecida. Iniciando actualización de puertas...
2026-01-20 15:07:42,842 [INFO] autoclave: Deteniendo SerialLink
2026-01-20 15:07:42,842 [INFO] autoclave.services.domain.loop.control_loop: Flujo de datos detenido.
2026-01-20 15:08:15,229 [INFO] sqlalchemy.engine.Engine: BEGIN (implicit)
2026-01-20 15:08:15,230 [INFO] sqlalchemy.engine.Engine: PRAGMA main.table_info("ac_puerto")
2026-01-20 15:08:15,230 [INFO] sqlalchemy.engine.Engine: [raw sql] ()
2026-01-20 15:08:15,231 [INFO] sqlalchemy.engine.Engine: PRAGMA main.table_info("ac_pantalla_control")
2026-01-20 15:08:15,231 [INFO] sqlalchemy.engine.Engine: [raw sql] ()
2026-01-20 15:08:15,231 [INFO] sqlalchemy.engine.Engine: PRAGMA main.table_info("proceso_control")
2026-01-20 15:08:15,232 [INFO] sqlalchemy.engine.Engine: [raw sql] ()
2026-01-20 15:08:15,232 [INFO] sqlalchemy.engine.Engine: PRAGMA main.table_info("proceso_fase")
2026-01-20 15:08:15,232 [INFO] sqlalchemy.engine.Engine: [raw sql] ()
2026-01-20 15:08:15,233 [INFO] sqlalchemy.engine.Engine: PRAGMA main.table_info("proceso_fase_parametro")
2026-01-20 15:08:15,233 [INFO] sqlalchemy.engine.Engine: [raw sql] ()
2026-01-20 15:08:15,233 [INFO] sqlalchemy.engine.Engine: COMMIT
2026-01-20 15:08:15,479 [INFO] __main__: Iniciando la aplicación Autoclave...
2026-01-20 15:08:15,482 [INFO] autoclave: Iniciando SerialLink
2026-01-20 15:08:15,529 [INFO] autoclave: Conectado a ESP32 en COM3
2026-01-20 15:08:15,640 [INFO] autoclave.ui.main.main_window: ✅ Interfaz creada correctamente.
2026-01-20 15:08:15,641 [INFO] __main__: Cerrando la aplicación Autoclave...
2026-01-20 15:08:15,641 [INFO] autoclave.services.domain.loop.control_loop: Iniciando el bucle de control...
2026-01-20 15:08:15,641 [INFO] autoclave.services.domain.loop.control_loop: Conexión establecida. Iniciando actualización de puertas...
2026-01-20 15:08:15,645 [INFO] autoclave: Deteniendo SerialLink
2026-01-20 15:08:15,646 [INFO] autoclave.services.domain.loop.control_loop: Flujo de datos detenido.
2026-01-20 15:10:11,436 [INFO] sqlalchemy.engine.Engine: BEGIN (implicit)
2026-01-20 15:10:11,436 [INFO] sqlalchemy.engine.Engine: PRAGMA main.table_info("ac_puerto")
2026-01-20 15:10:11,437 [INFO] sqlalchemy.engine.Engine: [raw sql] ()
2026-01-20 15:10:11,437 [INFO] sqlalchemy.engine.Engine: PRAGMA main.table_info("ac_pantalla_control")
2026-01-20 15:10:11,437 [INFO] sqlalchemy.engine.Engine: [raw sql] ()
2026-01-20 15:10:11,438 [INFO] sqlalchemy.engine.Engine: PRAGMA main.table_info("proceso_control")
2026-01-20 15:10:11,438 [INFO] sqlalchemy.engine.Engine: [raw sql] ()
2026-01-20 15:10:11,438 [INFO] sqlalchemy.engine.Engine: PRAGMA main.table_info("proceso_fase")
2026-01-20 15:10:11,439 [INFO] sqlalchemy.engine.Engine: [raw sql] ()
2026-01-20 15:10:11,442 [INFO] sqlalchemy.engine.Engine: PRAGMA main.table_info("proceso_fase_parametro")
2026-01-20 15:10:11,445 [INFO] sqlalchemy.engine.Engine: [raw sql] ()
2026-01-20 15:10:11,449 [INFO] sqlalchemy.engine.Engine: COMMIT
2026-01-20 15:10:11,559 [INFO] __main__: Iniciando la aplicación Autoclave...
2026-01-20 15:10:11,561 [INFO] autoclave: Iniciando SerialLink
2026-01-20 15:10:11,607 [INFO] autoclave.services.domain.loop.control_loop: Iniciando el bucle de control...
2026-01-20 15:10:11,607 [INFO] autoclave.services.domain.loop.control_loop: Esperando conexión con ESP32...
2026-01-20 15:10:11,611 [INFO] autoclave: Conectado a ESP32 en COM3
2026-01-20 15:10:11,736 [INFO] autoclave.ui.main.main_window: ✅ Interfaz creada correctamente.
2026-01-20 15:10:11,808 [INFO] autoclave.services.domain.loop.control_loop: Conexión establecida. Iniciando actualización de puertas...
2026-01-20 15:10:12,810 [INFO] autoclave.devices.door: Estado inicial detectado: ABIERTO.
2026-01-20 15:10:13,111 [WARNING] autoclave.devices.door: Estado inicial inconsistente: Puerta cerrada pero presión de empaque baja, iniciando cierre.
2026-01-20 15:10:14,619 [INFO] autoclave.devices.door: Iniciando cierre de puerta.
2026-01-20 15:10:14,623 [INFO] autoclave.devices.door: Puerta cerrada correctamente.
2026-01-20 15:10:14,623 [INFO] __main__: Puerta Puerta 2: CERRANDO -> CERRADO
2026-01-20 15:10:14,623 [INFO] __main__: Puerta Puerta 2 cerrada.
2026-01-20 15:11:31,742 [INFO] autoclave.ui.main.main_window: ⏻ Apagando equipo...
2026-01-20 15:11:34,796 [INFO] __main__: Cerrando la aplicación Autoclave...
2026-01-20 15:11:34,801 [INFO] autoclave: Deteniendo SerialLink
2026-01-20 15:11:34,802 [INFO] autoclave.services.domain.loop.control_loop: Flujo de datos detenido.
2026-01-20 15:12:38,392 [INFO] sqlalchemy.engine.Engine: BEGIN (implicit)
2026-01-20 15:12:38,392 [INFO] sqlalchemy.engine.Engine: PRAGMA main.table_info("ac_puerto")
2026-01-20 15:12:38,393 [INFO] sqlalchemy.engine.Engine: [raw sql] ()
2026-01-20 15:12:38,393 [INFO] sqlalchemy.engine.Engine: PRAGMA main.table_info("ac_pantalla_control")
2026-01-20 15:12:38,393 [INFO] sqlalchemy.engine.Engine: [raw sql] ()
2026-01-20 15:12:38,394 [INFO] sqlalchemy.engine.Engine: PRAGMA main.table_info("proceso_control")
2026-01-20 15:12:38,394 [INFO] sqlalchemy.engine.Engine: [raw sql] ()
2026-01-20 15:12:38,395 [INFO] sqlalchemy.engine.Engine: PRAGMA main.table_info("proceso_fase")
2026-01-20 15:12:38,395 [INFO] sqlalchemy.engine.Engine: [raw sql] ()
2026-01-20 15:12:38,395 [INFO] sqlalchemy.engine.Engine: PRAGMA main.table_info("proceso_fase_parametro")
2026-01-20 15:12:38,395 [INFO] sqlalchemy.engine.Engine: [raw sql] ()
2026-01-20 15:12:38,395 [INFO] sqlalchemy.engine.Engine: COMMIT
2026-01-20 15:12:38,495 [INFO] __main__: Iniciando aplicación Autoclave
2026-01-20 15:12:38,501 [INFO] autoclave: Iniciando SerialLink
2026-01-20 15:13:26,878 [INFO] sqlalchemy.engine.Engine: BEGIN (implicit)
2026-01-20 15:13:26,879 [INFO] sqlalchemy.engine.Engine: PRAGMA main.table_info("ac_puerto")
2026-01-20 15:13:26,879 [INFO] sqlalchemy.engine.Engine: [raw sql] ()
2026-01-20 15:13:26,880 [INFO] sqlalchemy.engine.Engine: PRAGMA main.table_info("ac_pantalla_control")
2026-01-20 15:13:26,880 [INFO] sqlalchemy.engine.Engine: [raw sql] ()
2026-01-20 15:13:26,881 [INFO] sqlalchemy.engine.Engine: PRAGMA main.table_info("proceso_control")
2026-01-20 15:13:26,881 [INFO] sqlalchemy.engine.Engine: [raw sql] ()
2026-01-20 15:13:26,881 [INFO] sqlalchemy.engine.Engine: PRAGMA main.table_info("proceso_fase")
2026-01-20 15:13:26,881 [INFO] sqlalchemy.engine.Engine: [raw sql] ()
2026-01-20 15:13:26,881 [INFO] sqlalchemy.engine.Engine: PRAGMA main.table_info("proceso_fase_parametro")
2026-01-20 15:13:26,882 [INFO] sqlalchemy.engine.Engine: [raw sql] ()
2026-01-20 15:13:26,882 [INFO] sqlalchemy.engine.Engine: COMMIT
2026-01-20 15:13:26,983 [INFO] __main__: Iniciando aplicación Autoclave
2026-01-20 15:13:26,990 [INFO] autoclave: Iniciando SerialLink
2026-01-20 15:13:26,991 [INFO] autoclave.services.domain.loop.control_loop: Iniciando el bucle de control...
2026-01-20 15:13:27,035 [INFO] autoclave.services.domain.loop.control_loop: Esperando conexión con ESP32...
2026-01-20 15:13:27,038 [INFO] autoclave: Conectado a ESP32 en COM3
2026-01-20 15:13:27,151 [INFO] autoclave.ui.main.main_window: ✅ Interfaz creada correctamente.
2026-01-20 15:13:27,236 [INFO] autoclave.services.domain.loop.control_loop: Conexión establecida. Iniciando actualización de puertas...
2026-01-20 15:13:28,238 [INFO] autoclave.devices.door: Estado inicial detectado: ABIERTO.
2026-01-20 15:13:28,541 [WARNING] autoclave.devices.door: Estado inicial inconsistente: Puerta cerrada pero presión de empaque baja, iniciando cierre.
2026-01-20 15:13:30,048 [INFO] autoclave.devices.door: Iniciando cierre de puerta.
2026-01-20 15:13:30,052 [INFO] autoclave.devices.door: Puerta cerrada correctamente.
2026-01-20 15:13:30,052 [INFO] __main__: Puerta Puerta 2: CERRANDO -> CERRADO
2026-01-20 15:13:30,053 [INFO] __main__: Puerta Puerta 2 cerrada.
2026-01-20 16:20:55,260 [INFO] autoclave.ui.main.main_window: ⏻ Apagando equipo...
2026-01-20 16:20:58,502 [INFO] __main__: Cerrando aplicación Autoclave
2026-01-20 16:20:58,517 [INFO] autoclave: Deteniendo SerialLink
2026-01-20 16:20:58,520 [INFO] autoclave.services.domain.loop.control_loop: Flujo de datos detenido.
2026-01-20 16:21:02,957 [INFO] sqlalchemy.engine.Engine: BEGIN (implicit)
2026-01-20 16:21:02,958 [INFO] sqlalchemy.engine.Engine: PRAGMA main.table_info("ac_puerto")
2026-01-20 16:21:02,958 [INFO] sqlalchemy.engine.Engine: [raw sql] ()
2026-01-20 16:21:02,960 [INFO] sqlalchemy.engine.Engine: PRAGMA main.table_info("ac_pantalla_control")
2026-01-20 16:21:02,960 [INFO] sqlalchemy.engine.Engine: [raw sql] ()
2026-01-20 16:21:02,960 [INFO] sqlalchemy.engine.Engine: PRAGMA main.table_info("proceso_control")
2026-01-20 16:21:02,960 [INFO] sqlalchemy.engine.Engine: [raw sql] ()
2026-01-20 16:21:02,961 [INFO] sqlalchemy.engine.Engine: PRAGMA main.table_info("proceso_fase")
2026-01-20 16:21:02,961 [INFO] sqlalchemy.engine.Engine: [raw sql] ()
2026-01-20 16:21:02,961 [INFO] sqlalchemy.engine.Engine: PRAGMA main.table_info("proceso_fase_parametro")
2026-01-20 16:21:02,961 [INFO] sqlalchemy.engine.Engine: [raw sql] ()
2026-01-20 16:21:02,962 [INFO] sqlalchemy.engine.Engine: COMMIT
2026-01-20 16:21:03,308 [INFO] __main__: Iniciando aplicación Autoclave
2026-01-20 16:21:03,317 [INFO] autoclave: Iniciando SerialLink
2026-01-20 16:21:34,762 [INFO] sqlalchemy.engine.Engine: BEGIN (implicit)
2026-01-20 16:21:34,763 [INFO] sqlalchemy.engine.Engine: PRAGMA main.table_info("ac_puerto")
2026-01-20 16:21:34,763 [INFO] sqlalchemy.engine.Engine: [raw sql] ()
2026-01-20 16:21:34,763 [INFO] sqlalchemy.engine.Engine: PRAGMA main.table_info("ac_pantalla_control")
2026-01-20 16:21:34,764 [INFO] sqlalchemy.engine.Engine: [raw sql] ()
2026-01-20 16:21:34,764 [INFO] sqlalchemy.engine.Engine: PRAGMA main.table_info("proceso_control")
2026-01-20 16:21:34,764 [INFO] sqlalchemy.engine.Engine: [raw sql] ()
2026-01-20 16:21:34,764 [INFO] sqlalchemy.engine.Engine: PRAGMA main.table_info("proceso_fase")
2026-01-20 16:21:34,764 [INFO] sqlalchemy.engine.Engine: [raw sql] ()
2026-01-20 16:21:34,765 [INFO] sqlalchemy.engine.Engine: PRAGMA main.table_info("proceso_fase_parametro")
2026-01-20 16:21:34,765 [INFO] sqlalchemy.engine.Engine: [raw sql] ()
2026-01-20 16:21:34,765 [INFO] sqlalchemy.engine.Engine: COMMIT
2026-01-20 16:21:34,873 [INFO] __main__: Iniciando aplicación Autoclave
2026-01-20 16:21:34,881 [INFO] autoclave: Iniciando SerialLink
2026-01-20 16:22:21,518 [INFO] sqlalchemy.engine.Engine: BEGIN (implicit)
2026-01-20 16:22:21,518 [INFO] sqlalchemy.engine.Engine: PRAGMA main.table_info("ac_puerto")
2026-01-20 16:22:21,518 [INFO] sqlalchemy.engine.Engine: [raw sql] ()
2026-01-20 16:22:21,519 [INFO] sqlalchemy.engine.Engine: PRAGMA main.table_info("ac_pantalla_control")
2026-01-20 16:22:21,519 [INFO] sqlalchemy.engine.Engine: [raw sql] ()
2026-01-20 16:22:21,519 [INFO] sqlalchemy.engine.Engine: PRAGMA main.table_info("proceso_control")
2026-01-20 16:22:21,519 [INFO] sqlalchemy.engine.Engine: [raw sql] ()
2026-01-20 16:22:21,520 [INFO] sqlalchemy.engine.Engine: PRAGMA main.table_info("proceso_fase")
2026-01-20 16:22:21,520 [INFO] sqlalchemy.engine.Engine: [raw sql] ()
2026-01-20 16:22:21,521 [INFO] sqlalchemy.engine.Engine: PRAGMA main.table_info("proceso_fase_parametro")
2026-01-20 16:22:21,521 [INFO] sqlalchemy.engine.Engine: [raw sql] ()
2026-01-20 16:22:21,521 [INFO] sqlalchemy.engine.Engine: COMMIT
2026-01-20 16:22:21,807 [INFO] __main__: Iniciando aplicación Autoclave
2026-01-20 16:22:21,813 [INFO] autoclave: Iniciando SerialLink
2026-01-20 16:23:22,149 [INFO] sqlalchemy.engine.Engine: BEGIN (implicit)
2026-01-20 16:23:22,150 [INFO] sqlalchemy.engine.Engine: PRAGMA main.table_info("ac_puerto")
2026-01-20 16:23:22,150 [INFO] sqlalchemy.engine.Engine: [raw sql] ()
2026-01-20 16:23:22,150 [INFO] sqlalchemy.engine.Engine: PRAGMA main.table_info("ac_pantalla_control")
2026-01-20 16:23:22,151 [INFO] sqlalchemy.engine.Engine: [raw sql] ()
2026-01-20 16:23:22,151 [INFO] sqlalchemy.engine.Engine: PRAGMA main.table_info("proceso_control")
2026-01-20 16:23:22,151 [INFO] sqlalchemy.engine.Engine: [raw sql] ()
2026-01-20 16:23:22,151 [INFO] sqlalchemy.engine.Engine: PRAGMA main.table_info("proceso_fase")
2026-01-20 16:23:22,152 [INFO] sqlalchemy.engine.Engine: [raw sql] ()
2026-01-20 16:23:22,152 [INFO] sqlalchemy.engine.Engine: PRAGMA main.table_info("proceso_fase_parametro")
2026-01-20 16:23:22,152 [INFO] sqlalchemy.engine.Engine: [raw sql] ()
2026-01-20 16:23:22,152 [INFO] sqlalchemy.engine.Engine: COMMIT
2026-01-20 16:23:22,283 [INFO] __main__: Iniciando aplicación Autoclave
2026-01-20 16:23:22,289 [INFO] autoclave: Iniciando SerialLink
2026-01-20 16:27:22,431 [INFO] sqlalchemy.engine.Engine: BEGIN (implicit)
2026-01-20 16:27:22,432 [INFO] sqlalchemy.engine.Engine: PRAGMA main.table_info("ac_puerto")
2026-01-20 16:27:22,432 [INFO] sqlalchemy.engine.Engine: [raw sql] ()
2026-01-20 16:27:22,432 [INFO] sqlalchemy.engine.Engine: PRAGMA main.table_info("ac_pantalla_control")
2026-01-20 16:27:22,433 [INFO] sqlalchemy.engine.Engine: [raw sql] ()
2026-01-20 16:27:22,433 [INFO] sqlalchemy.engine.Engine: PRAGMA main.table_info("proceso_control")
2026-01-20 16:27:22,433 [INFO] sqlalchemy.engine.Engine: [raw sql] ()
2026-01-20 16:27:22,433 [INFO] sqlalchemy.engine.Engine: PRAGMA main.table_info("proceso_fase")
2026-01-20 16:27:22,433 [INFO] sqlalchemy.engine.Engine: [raw sql] ()
2026-01-20 16:27:22,434 [INFO] sqlalchemy.engine.Engine: PRAGMA main.table_info("proceso_fase_parametro")
2026-01-20 16:27:22,434 [INFO] sqlalchemy.engine.Engine: [raw sql] ()
2026-01-20 16:27:22,434 [INFO] sqlalchemy.engine.Engine: COMMIT
2026-01-20 16:27:22,580 [INFO] __main__: Iniciando aplicación Autoclave
2026-01-20 16:27:22,587 [INFO] autoclave: Iniciando SerialLink
2026-01-20 16:27:22,588 [INFO] autoclave.services.domain.loop.control_loop: Iniciando el bucle de control...
2026-01-20 16:27:22,780 [INFO] autoclave.services.domain.loop.control_loop: Esperando conexión con ESP32...
2026-01-20 16:27:22,782 [INFO] autoclave: Conectado a ESP32 en COM3
2026-01-20 16:27:22,981 [INFO] autoclave.services.domain.loop.control_loop: Conexión establecida. Iniciando actualización de puertas...
2026-01-20 16:27:22,993 [INFO] autoclave.ui.main.main_window: ✅ Interfaz creada correctamente.
2026-01-20 16:27:57,196 [INFO] autoclave.ui.main.main_window: ⏻ Apagando equipo...
2026-01-20 16:28:00,238 [INFO] __main__: Cerrando aplicación Autoclave
2026-01-20 16:28:00,243 [INFO] autoclave: Deteniendo SerialLink
2026-01-20 16:28:00,244 [INFO] autoclave.services.domain.loop.control_loop: Flujo de datos detenido.
2026-01-20 16:28:03,064 [INFO] sqlalchemy.engine.Engine: BEGIN (implicit)
2026-01-20 16:28:03,065 [INFO] sqlalchemy.engine.Engine: PRAGMA main.table_info("ac_puerto")
2026-01-20 16:28:03,065 [INFO] sqlalchemy.engine.Engine: [raw sql] ()
2026-01-20 16:28:03,066 [INFO] sqlalchemy.engine.Engine: PRAGMA main.table_info("ac_pantalla_control")
2026-01-20 16:28:03,066 [INFO] sqlalchemy.engine.Engine: [raw sql] ()
2026-01-20 16:28:03,066 [INFO] sqlalchemy.engine.Engine: PRAGMA main.table_info("proceso_control")
2026-01-20 16:28:03,067 [INFO] sqlalchemy.engine.Engine: [raw sql] ()
2026-01-20 16:28:03,067 [INFO] sqlalchemy.engine.Engine: PRAGMA main.table_info("proceso_fase")
2026-01-20 16:28:03,067 [INFO] sqlalchemy.engine.Engine: [raw sql] ()
2026-01-20 16:28:03,067 [INFO] sqlalchemy.engine.Engine: PRAGMA main.table_info("proceso_fase_parametro")
2026-01-20 16:28:03,068 [INFO] sqlalchemy.engine.Engine: [raw sql] ()
2026-01-20 16:28:03,068 [INFO] sqlalchemy.engine.Engine: COMMIT
2026-01-20 16:28:03,173 [INFO] __main__: Iniciando aplicación Autoclave
2026-01-20 16:28:03,179 [INFO] autoclave: Iniciando SerialLink
2026-01-20 16:28:03,180 [INFO] autoclave.services.domain.loop.control_loop: Iniciando el bucle de control...
2026-01-20 16:28:03,230 [INFO] autoclave.services.domain.loop.control_loop: Esperando conexión con ESP32...
2026-01-20 16:28:03,234 [INFO] autoclave: Conectado a ESP32 en COM3
2026-01-20 16:28:03,349 [INFO] autoclave.ui.main.main_window: ✅ Interfaz creada correctamente.
2026-01-20 16:28:03,431 [INFO] autoclave.services.domain.loop.control_loop: Conexión establecida. Iniciando actualización de puertas...
2026-01-20 16:30:07,503 [INFO] autoclave.ui.main.main_window: ⏻ Apagando equipo...
2026-01-20 16:30:10,527 [INFO] __main__: Cerrando aplicación Autoclave
2026-01-20 16:30:10,532 [INFO] autoclave: Deteniendo SerialLink
2026-01-20 16:30:10,532 [INFO] autoclave.services.domain.loop.control_loop: Flujo de datos detenido.
2026-01-20 16:30:13,545 [INFO] sqlalchemy.engine.Engine: BEGIN (implicit)
2026-01-20 16:30:13,545 [INFO] sqlalchemy.engine.Engine: PRAGMA main.table_info("ac_puerto")
2026-01-20 16:30:13,546 [INFO] sqlalchemy.engine.Engine: [raw sql] ()
2026-01-20 16:30:13,547 [INFO] sqlalchemy.engine.Engine: PRAGMA main.table_info("ac_pantalla_control")
2026-01-20 16:30:13,547 [INFO] sqlalchemy.engine.Engine: [raw sql] ()
2026-01-20 16:30:13,547 [INFO] sqlalchemy.engine.Engine: PRAGMA main.table_info("proceso_control")
2026-01-20 16:30:13,548 [INFO] sqlalchemy.engine.Engine: [raw sql] ()
2026-01-20 16:30:13,548 [INFO] sqlalchemy.engine.Engine: PRAGMA main.table_info("proceso_fase")
2026-01-20 16:30:13,548 [INFO] sqlalchemy.engine.Engine: [raw sql] ()
2026-01-20 16:30:13,549 [INFO] sqlalchemy.engine.Engine: PRAGMA main.table_info("proceso_fase_parametro")
2026-01-20 16:30:13,549 [INFO] sqlalchemy.engine.Engine: [raw sql] ()
2026-01-20 16:30:13,550 [INFO] sqlalchemy.engine.Engine: COMMIT
2026-01-20 16:30:13,669 [INFO] __main__: Iniciando aplicación Autoclave
2026-01-20 16:30:13,675 [INFO] autoclave: Iniciando SerialLink
2026-01-20 16:30:13,676 [INFO] autoclave.services.domain.loop.control_loop: Iniciando el bucle de control...
2026-01-20 16:30:13,721 [INFO] autoclave.services.domain.loop.control_loop: Esperando conexión con ESP32...
2026-01-20 16:30:13,724 [INFO] autoclave: Conectado a ESP32 en COM3
2026-01-20 16:30:13,837 [INFO] autoclave.ui.main.main_window: ✅ Interfaz creada correctamente.
2026-01-20 16:30:13,922 [INFO] autoclave.services.domain.loop.control_loop: Conexión establecida. Iniciando actualización de puertas...
2026-01-20 16:30:13,922 [INFO] autoclave.services.domain.loop.control_loop: Estado global actualizado.
2026-01-20 16:30:14,422 [INFO] autoclave.services.domain.loop.control_loop: Estado global actualizado.
2026-01-20 16:30:14,923 [INFO] autoclave.services.domain.loop.control_loop: Estado global actualizado.
2026-01-20 16:30:15,424 [INFO] autoclave.services.domain.loop.control_loop: Estado global actualizado.
2026-01-20 16:30:15,925 [INFO] autoclave.services.domain.loop.control_loop: Estado global actualizado.
2026-01-20 16:30:16,426 [INFO] autoclave.services.domain.loop.control_loop: Estado global actualizado.
2026-01-20 16:30:16,926 [INFO] autoclave.services.domain.loop.control_loop: Estado global actualizado.
2026-01-20 16:30:17,428 [INFO] autoclave.services.domain.loop.control_loop: Estado global actualizado.
2026-01-20 16:30:17,929 [INFO] autoclave.services.domain.loop.control_loop: Estado global actualizado.
2026-01-20 16:30:18,430 [INFO] autoclave.services.domain.loop.control_loop: Estado global actualizado.
2026-01-20 16:30:18,931 [INFO] autoclave.services.domain.loop.control_loop: Estado global actualizado.
2026-01-20 16:30:19,432 [INFO] autoclave.services.domain.loop.control_loop: Estado global actualizado.
2026-01-20 16:30:19,934 [INFO] autoclave.services.domain.loop.control_loop: Estado global actualizado.
2026-01-20 16:30:20,436 [INFO] autoclave.services.domain.loop.control_loop: Estado global actualizado.
2026-01-20 16:30:20,937 [INFO] autoclave.services.domain.loop.control_loop: Estado global actualizado.
2026-01-20 16:30:21,438 [INFO] autoclave.services.domain.loop.control_loop: Estado global actualizado.
2026-01-20 16:30:21,939 [INFO] autoclave.services.domain.loop.control_loop: Estado global actualizado.
2026-01-20 16:30:22,439 [INFO] autoclave.services.domain.loop.control_loop: Estado global actualizado.
2026-01-20 16:30:22,940 [INFO] autoclave.services.domain.loop.control_loop: Estado global actualizado.
2026-01-20 16:30:23,441 [INFO] autoclave.services.domain.loop.control_loop: Estado global actualizado.
2026-01-20 16:30:23,942 [INFO] autoclave.services.domain.loop.control_loop: Estado global actualizado.
2026-01-20 16:30:24,443 [INFO] autoclave.services.domain.loop.control_loop: Estado global actualizado.
2026-01-20 16:30:24,944 [INFO] autoclave.services.domain.loop.control_loop: Estado global actualizado.
2026-01-20 16:30:25,446 [INFO] autoclave.services.domain.loop.control_loop: Estado global actualizado.
2026-01-20 16:30:25,948 [INFO] autoclave.services.domain.loop.control_loop: Estado global actualizado.
2026-01-20 16:30:26,449 [INFO] autoclave.services.domain.loop.control_loop: Estado global actualizado.
2026-01-20 16:30:26,950 [INFO] autoclave.services.domain.loop.control_loop: Estado global actualizado.
2026-01-20 16:30:27,451 [INFO] autoclave.services.domain.loop.control_loop: Estado global actualizado.
2026-01-20 16:30:27,952 [INFO] autoclave.services.domain.loop.control_loop: Estado global actualizado.
2026-01-20 16:30:28,453 [INFO] autoclave.services.domain.loop.control_loop: Estado global actualizado.
2026-01-20 16:30:28,954 [INFO] autoclave.services.domain.loop.control_loop: Estado global actualizado.
2026-01-20 16:30:29,455 [INFO] autoclave.services.domain.loop.control_loop: Estado global actualizado.
2026-01-20 16:30:29,956 [INFO] autoclave.services.domain.loop.control_loop: Estado global actualizado.
2026-01-20 16:30:30,457 [INFO] autoclave.services.domain.loop.control_loop: Estado global actualizado.
2026-01-20 16:30:30,958 [INFO] autoclave.services.domain.loop.control_loop: Estado global actualizado.
2026-01-20 16:30:31,459 [INFO] autoclave.services.domain.loop.control_loop: Estado global actualizado.
2026-01-20 16:30:31,963 [INFO] autoclave.services.domain.loop.control_loop: Estado global actualizado.
2026-01-20 16:30:32,464 [INFO] autoclave.services.domain.loop.control_loop: Estado global actualizado.
2026-01-20 16:30:32,780 [INFO] autoclave.ui.main.main_window: ⏻ Apagando equipo...
2026-01-20 16:30:32,965 [INFO] autoclave.services.domain.loop.control_loop: Estado global actualizado.
2026-01-20 16:30:33,467 [INFO] autoclave.services.domain.loop.control_loop: Estado global actualizado.
2026-01-20 16:30:33,969 [INFO] autoclave.services.domain.loop.control_loop: Estado global actualizado.
2026-01-20 16:30:34,471 [INFO] autoclave.services.domain.loop.control_loop: Estado global actualizado.
2026-01-20 16:30:34,972 [INFO] autoclave.services.domain.loop.control_loop: Estado global actualizado.
2026-01-20 16:30:35,472 [INFO] autoclave.services.domain.loop.control_loop: Estado global actualizado.
2026-01-20 16:30:35,824 [INFO] __main__: Cerrando aplicación Autoclave
2026-01-20 16:30:35,829 [INFO] autoclave: Deteniendo SerialLink
2026-01-20 16:30:35,830 [INFO] autoclave.services.domain.loop.control_loop: Flujo de datos detenido.
2026-01-20 16:31:06,178 [INFO] sqlalchemy.engine.Engine: BEGIN (implicit)
2026-01-20 16:31:06,179 [INFO] sqlalchemy.engine.Engine: PRAGMA main.table_info("ac_puerto")
2026-01-20 16:31:06,179 [INFO] sqlalchemy.engine.Engine: [raw sql] ()
2026-01-20 16:31:06,180 [INFO] sqlalchemy.engine.Engine: PRAGMA main.table_info("ac_pantalla_control")
2026-01-20 16:31:06,180 [INFO] sqlalchemy.engine.Engine: [raw sql] ()
2026-01-20 16:31:06,180 [INFO] sqlalchemy.engine.Engine: PRAGMA main.table_info("proceso_control")
2026-01-20 16:31:06,180 [INFO] sqlalchemy.engine.Engine: [raw sql] ()
2026-01-20 16:31:06,181 [INFO] sqlalchemy.engine.Engine: PRAGMA main.table_info("proceso_fase")
2026-01-20 16:31:06,181 [INFO] sqlalchemy.engine.Engine: [raw sql] ()
2026-01-20 16:31:06,181 [INFO] sqlalchemy.engine.Engine: PRAGMA main.table_info("proceso_fase_parametro")
2026-01-20 16:31:06,181 [INFO] sqlalchemy.engine.Engine: [raw sql] ()
2026-01-20 16:31:06,182 [INFO] sqlalchemy.engine.Engine: COMMIT
2026-01-20 16:31:06,300 [INFO] __main__: Iniciando aplicación Autoclave
2026-01-20 16:31:06,306 [INFO] autoclave: Iniciando SerialLink
2026-01-20 16:31:06,307 [INFO] autoclave.services.domain.loop.control_loop: Iniciando el bucle de control...
2026-01-20 16:31:06,354 [INFO] autoclave.services.domain.loop.control_loop: Esperando conexión con ESP32...
2026-01-20 16:31:06,356 [INFO] autoclave: Conectado a ESP32 en COM3
2026-01-20 16:31:06,555 [INFO] autoclave.services.domain.loop.control_loop: Conexión establecida. Iniciando actualización de puertas...
2026-01-20 16:31:06,614 [INFO] autoclave.ui.main.main_window: ✅ Interfaz creada correctamente.
2026-01-20 16:31:21,499 [INFO] autoclave.ui.main.main_window: ⏻ Apagando equipo...
2026-01-20 16:31:24,531 [INFO] __main__: Cerrando aplicación Autoclave
2026-01-20 16:31:24,535 [INFO] autoclave: Deteniendo SerialLink
2026-01-20 16:31:24,536 [INFO] autoclave.services.domain.loop.control_loop: Flujo de datos detenido.
2026-01-20 16:33:10,897 [INFO] sqlalchemy.engine.Engine: BEGIN (implicit)
2026-01-20 16:33:10,897 [INFO] sqlalchemy.engine.Engine: PRAGMA main.table_info("ac_puerto")
2026-01-20 16:33:10,898 [INFO] sqlalchemy.engine.Engine: [raw sql] ()
2026-01-20 16:33:10,898 [INFO] sqlalchemy.engine.Engine: PRAGMA main.table_info("ac_pantalla_control")
2026-01-20 16:33:10,899 [INFO] sqlalchemy.engine.Engine: [raw sql] ()
2026-01-20 16:33:10,899 [INFO] sqlalchemy.engine.Engine: PRAGMA main.table_info("proceso_control")
2026-01-20 16:33:10,899 [INFO] sqlalchemy.engine.Engine: [raw sql] ()
2026-01-20 16:33:10,899 [INFO] sqlalchemy.engine.Engine: PRAGMA main.table_info("proceso_fase")
2026-01-20 16:33:10,900 [INFO] sqlalchemy.engine.Engine: [raw sql] ()
2026-01-20 16:33:10,900 [INFO] sqlalchemy.engine.Engine: PRAGMA main.table_info("proceso_fase_parametro")
2026-01-20 16:33:10,900 [INFO] sqlalchemy.engine.Engine: [raw sql] ()
2026-01-20 16:33:10,901 [INFO] sqlalchemy.engine.Engine: COMMIT
2026-01-20 16:33:11,004 [INFO] __main__: Iniciando aplicación Autoclave
2026-01-20 16:33:11,010 [INFO] autoclave: Iniciando SerialLink
2026-01-20 16:33:11,011 [INFO] autoclave.services.domain.loop.control_loop: Iniciando el bucle de control...
2026-01-20 16:33:11,054 [INFO] autoclave.services.domain.loop.control_loop: Esperando conexión con ESP32...
2026-01-20 16:33:11,057 [INFO] autoclave: Conectado a ESP32 en COM3
2026-01-20 16:33:11,170 [INFO] autoclave.ui.main.main_window: ✅ Interfaz creada correctamente.
2026-01-20 16:33:11,255 [INFO] autoclave.services.domain.loop.control_loop: Conexión establecida. Iniciando actualización de puertas...
2026-01-20 16:37:18,311 [INFO] autoclave.ui.main.main_window: ⏻ Apagando equipo...
2026-01-20 16:37:21,357 [INFO] __main__: Cerrando aplicación Autoclave
2026-01-20 16:37:21,362 [INFO] autoclave: Deteniendo SerialLink
2026-01-20 16:37:21,362 [INFO] autoclave.services.domain.loop.control_loop: Flujo de datos detenido.
2026-01-20 16:37:23,931 [INFO] sqlalchemy.engine.Engine: BEGIN (implicit)
2026-01-20 16:37:23,932 [INFO] sqlalchemy.engine.Engine: PRAGMA main.table_info("ac_puerto")
2026-01-20 16:37:23,932 [INFO] sqlalchemy.engine.Engine: [raw sql] ()
2026-01-20 16:37:23,933 [INFO] sqlalchemy.engine.Engine: PRAGMA main.table_info("ac_pantalla_control")
2026-01-20 16:37:23,933 [INFO] sqlalchemy.engine.Engine: [raw sql] ()
2026-01-20 16:37:23,933 [INFO] sqlalchemy.engine.Engine: PRAGMA main.table_info("proceso_control")
2026-01-20 16:37:23,933 [INFO] sqlalchemy.engine.Engine: [raw sql] ()
2026-01-20 16:37:23,934 [INFO] sqlalchemy.engine.Engine: PRAGMA main.table_info("proceso_fase")
2026-01-20 16:37:23,934 [INFO] sqlalchemy.engine.Engine: [raw sql] ()
2026-01-20 16:37:23,934 [INFO] sqlalchemy.engine.Engine: PRAGMA main.table_info("proceso_fase_parametro")
2026-01-20 16:37:23,934 [INFO] sqlalchemy.engine.Engine: [raw sql] ()
2026-01-20 16:37:23,935 [INFO] sqlalchemy.engine.Engine: COMMIT
2026-01-20 16:37:24,033 [INFO] __main__: Iniciando aplicación Autoclave
2026-01-20 16:37:24,040 [INFO] autoclave: Iniciando SerialLink
2026-01-20 16:37:24,041 [INFO] autoclave.services.domain.loop.control_loop: Iniciando el bucle de control...
2026-01-20 16:37:24,083 [INFO] autoclave.services.domain.loop.control_loop: Esperando conexión con ESP32...
2026-01-20 16:37:24,086 [INFO] autoclave: Conectado a ESP32 en COM3
2026-01-20 16:37:24,199 [INFO] autoclave.ui.main.main_window: ✅ Interfaz creada correctamente.
2026-01-20 16:37:24,284 [INFO] autoclave.services.domain.loop.control_loop: Conexión establecida. Iniciando actualización de puertas...
2026-01-20 16:39:10,819 [INFO] autoclave.ui.main.main_window: ⏻ Apagando equipo...
2026-01-20 16:39:13,862 [INFO] __main__: Cerrando aplicación Autoclave
2026-01-20 16:39:13,867 [INFO] autoclave: Deteniendo SerialLink
2026-01-20 16:39:13,868 [INFO] autoclave.services.domain.loop.control_loop: Flujo de datos detenido.
2026-01-20 16:39:51,308 [INFO] sqlalchemy.engine.Engine: BEGIN (implicit)
2026-01-20 16:39:51,309 [INFO] sqlalchemy.engine.Engine: PRAGMA main.table_info("ac_puerto")
2026-01-20 16:39:51,309 [INFO] sqlalchemy.engine.Engine: [raw sql] ()
2026-01-20 16:39:51,310 [INFO] sqlalchemy.engine.Engine: PRAGMA main.table_info("ac_pantalla_control")
2026-01-20 16:39:51,310 [INFO] sqlalchemy.engine.Engine: [raw sql] ()
2026-01-20 16:39:51,311 [INFO] sqlalchemy.engine.Engine: PRAGMA main.table_info("proceso_control")
2026-01-20 16:39:51,311 [INFO] sqlalchemy.engine.Engine: [raw sql] ()
2026-01-20 16:39:51,311 [INFO] sqlalchemy.engine.Engine: PRAGMA main.table_info("proceso_fase")
2026-01-20 16:39:51,312 [INFO] sqlalchemy.engine.Engine: [raw sql] ()
2026-01-20 16:39:51,312 [INFO] sqlalchemy.engine.Engine: PRAGMA main.table_info("proceso_fase_parametro")
2026-01-20 16:39:51,312 [INFO] sqlalchemy.engine.Engine: [raw sql] ()
2026-01-20 16:39:51,313 [INFO] sqlalchemy.engine.Engine: COMMIT
2026-01-20 16:39:51,444 [INFO] __main__: Iniciando aplicación Autoclave
2026-01-20 16:39:51,451 [INFO] autoclave: Iniciando SerialLink
2026-01-20 16:39:51,452 [INFO] autoclave.services.domain.loop.control_loop: Iniciando el bucle de control...
2026-01-20 16:39:51,497 [INFO] autoclave.services.domain.loop.control_loop: Esperando conexión con ESP32...
2026-01-20 16:39:51,500 [INFO] autoclave: Conectado a ESP32 en COM3
2026-01-20 16:39:51,614 [INFO] autoclave.ui.main.main_window: ✅ Interfaz creada correctamente.
2026-01-20 16:39:51,698 [INFO] autoclave.services.domain.loop.control_loop: Conexión establecida. Iniciando actualización de puertas...
2026-01-20 16:40:44,104 [INFO] autoclave.ui.main.main_window: ⏻ Apagando equipo...
2026-01-20 16:40:47,137 [INFO] __main__: Cerrando aplicación Autoclave
2026-01-20 16:40:47,142 [INFO] autoclave: Deteniendo SerialLink
2026-01-20 16:40:47,142 [INFO] autoclave.services.domain.loop.control_loop: Flujo de datos detenido.
2026-01-20 16:40:50,827 [INFO] sqlalchemy.engine.Engine: BEGIN (implicit)
2026-01-20 16:40:50,827 [INFO] sqlalchemy.engine.Engine: PRAGMA main.table_info("ac_puerto")
2026-01-20 16:40:50,828 [INFO] sqlalchemy.engine.Engine: [raw sql] ()
2026-01-20 16:40:50,828 [INFO] sqlalchemy.engine.Engine: PRAGMA main.table_info("ac_pantalla_control")
2026-01-20 16:40:50,829 [INFO] sqlalchemy.engine.Engine: [raw sql] ()
2026-01-20 16:40:50,829 [INFO] sqlalchemy.engine.Engine: PRAGMA main.table_info("proceso_control")
2026-01-20 16:40:50,829 [INFO] sqlalchemy.engine.Engine: [raw sql] ()
2026-01-20 16:40:50,830 [INFO] sqlalchemy.engine.Engine: PRAGMA main.table_info("proceso_fase")
2026-01-20 16:40:50,830 [INFO] sqlalchemy.engine.Engine: [raw sql] ()
2026-01-20 16:40:50,831 [INFO] sqlalchemy.engine.Engine: PRAGMA main.table_info("proceso_fase_parametro")
2026-01-20 16:40:50,831 [INFO] sqlalchemy.engine.Engine: [raw sql] ()
2026-01-20 16:40:50,831 [INFO] sqlalchemy.engine.Engine: COMMIT
2026-01-20 16:40:50,948 [INFO] __main__: Iniciando aplicación Autoclave
2026-01-20 16:40:50,954 [INFO] autoclave: Iniciando SerialLink
2026-01-20 16:40:50,955 [INFO] autoclave.services.domain.loop.control_loop: Iniciando el bucle de control...
2026-01-20 16:40:50,999 [INFO] autoclave.services.domain.loop.control_loop: Esperando conexión con ESP32...
2026-01-20 16:40:51,001 [INFO] autoclave: Conectado a ESP32 en COM3
2026-01-20 16:40:51,115 [INFO] autoclave.ui.main.main_window: ✅ Interfaz creada correctamente.
2026-01-20 16:40:51,199 [INFO] autoclave.services.domain.loop.control_loop: Conexión establecida. Iniciando actualización de puertas...
2026-01-20 16:40:51,200 [INFO] autoclave.services.domain.loop.control_loop: Actualizando estado de Puerta 1 ...
2026-01-20 16:40:51,200 [INFO] autoclave.services.domain.loop.control_loop: Actualizando estado de Puerta 2 ...
2026-01-20 16:40:51,700 [INFO] autoclave.services.domain.loop.control_loop: Actualizando estado de Puerta 1 ...
2026-01-20 16:40:51,701 [INFO] autoclave.services.domain.loop.control_loop: Actualizando estado de Puerta 2 ...
2026-01-20 16:40:52,202 [INFO] autoclave.services.domain.loop.control_loop: Actualizando estado de Puerta 1 ...
2026-01-20 16:40:52,202 [INFO] autoclave.services.domain.loop.control_loop: Actualizando estado de Puerta 2 ...
2026-01-20 16:40:52,703 [INFO] autoclave.services.domain.loop.control_loop: Actualizando estado de Puerta 1 ...
2026-01-20 16:40:52,703 [INFO] autoclave.services.domain.loop.control_loop: Actualizando estado de Puerta 2 ...
2026-01-20 16:40:53,204 [INFO] autoclave.services.domain.loop.control_loop: Actualizando estado de Puerta 1 ...
2026-01-20 16:40:53,205 [INFO] autoclave.services.domain.loop.control_loop: Actualizando estado de Puerta 2 ...
2026-01-20 16:40:53,706 [INFO] autoclave.services.domain.loop.control_loop: Actualizando estado de Puerta 1 ...
2026-01-20 16:40:53,707 [INFO] autoclave.services.domain.loop.control_loop: Actualizando estado de Puerta 2 ...
2026-01-20 16:40:54,207 [INFO] autoclave.services.domain.loop.control_loop: Actualizando estado de Puerta 1 ...
2026-01-20 16:40:54,208 [INFO] autoclave.services.domain.loop.control_loop: Actualizando estado de Puerta 2 ...
2026-01-20 16:40:54,709 [INFO] autoclave.services.domain.loop.control_loop: Actualizando estado de Puerta 1 ...
2026-01-20 16:40:54,710 [INFO] autoclave.services.domain.loop.control_loop: Actualizando estado de Puerta 2 ...
2026-01-20 16:40:55,211 [INFO] autoclave.services.domain.loop.control_loop: Actualizando estado de Puerta 1 ...
2026-01-20 16:40:55,213 [INFO] autoclave.services.domain.loop.control_loop: Actualizando estado de Puerta 2 ...
2026-01-20 16:40:55,714 [INFO] autoclave.services.domain.loop.control_loop: Actualizando estado de Puerta 1 ...
2026-01-20 16:40:55,715 [INFO] autoclave.services.domain.loop.control_loop: Actualizando estado de Puerta 2 ...
2026-01-20 16:40:56,215 [INFO] autoclave.services.domain.loop.control_loop: Actualizando estado de Puerta 1 ...
2026-01-20 16:40:56,216 [INFO] autoclave.services.domain.loop.control_loop: Actualizando estado de Puerta 2 ...
2026-01-20 16:40:56,716 [INFO] autoclave.services.domain.loop.control_loop: Actualizando estado de Puerta 1 ...
2026-01-20 16:40:56,717 [INFO] autoclave.services.domain.loop.control_loop: Actualizando estado de Puerta 2 ...
2026-01-20 16:40:57,184 [INFO] autoclave.ui.main.main_window: ⏻ Apagando equipo...
2026-01-20 16:40:57,217 [INFO] autoclave.services.domain.loop.control_loop: Actualizando estado de Puerta 1 ...
2026-01-20 16:40:57,218 [INFO] autoclave.services.domain.loop.control_loop: Actualizando estado de Puerta 2 ...
2026-01-20 16:40:57,719 [INFO] autoclave.services.domain.loop.control_loop: Actualizando estado de Puerta 1 ...
2026-01-20 16:40:57,719 [INFO] autoclave.services.domain.loop.control_loop: Actualizando estado de Puerta 2 ...
2026-01-20 16:40:58,220 [INFO] autoclave.services.domain.loop.control_loop: Actualizando estado de Puerta 1 ...
2026-01-20 16:40:58,220 [INFO] autoclave.services.domain.loop.control_loop: Actualizando estado de Puerta 2 ...
2026-01-20 16:40:58,721 [INFO] autoclave.services.domain.loop.control_loop: Actualizando estado de Puerta 1 ...
2026-01-20 16:40:58,722 [INFO] autoclave.services.domain.loop.control_loop: Actualizando estado de Puerta 2 ...
2026-01-20 16:40:59,222 [INFO] autoclave.services.domain.loop.control_loop: Actualizando estado de Puerta 1 ...
2026-01-20 16:40:59,223 [INFO] autoclave.services.domain.loop.control_loop: Actualizando estado de Puerta 2 ...
2026-01-20 16:40:59,724 [INFO] autoclave.services.domain.loop.control_loop: Actualizando estado de Puerta 1 ...
2026-01-20 16:40:59,725 [INFO] autoclave.services.domain.loop.control_loop: Actualizando estado de Puerta 2 ...
2026-01-20 16:41:00,224 [INFO] __main__: Cerrando aplicación Autoclave
2026-01-20 16:41:00,227 [INFO] autoclave.services.domain.loop.control_loop: Actualizando estado de Puerta 1 ...
2026-01-20 16:41:00,227 [INFO] autoclave.services.domain.loop.control_loop: Actualizando estado de Puerta 2 ...
2026-01-20 16:41:00,229 [INFO] autoclave: Deteniendo SerialLink
2026-01-20 16:41:00,230 [INFO] autoclave.services.domain.loop.control_loop: Flujo de datos detenido.
2026-01-20 16:41:42,934 [INFO] sqlalchemy.engine.Engine: BEGIN (implicit)
2026-01-20 16:41:42,935 [INFO] sqlalchemy.engine.Engine: PRAGMA main.table_info("ac_puerto")
2026-01-20 16:41:42,935 [INFO] sqlalchemy.engine.Engine: [raw sql] ()
2026-01-20 16:41:42,935 [INFO] sqlalchemy.engine.Engine: PRAGMA main.table_info("ac_pantalla_control")
2026-01-20 16:41:42,936 [INFO] sqlalchemy.engine.Engine: [raw sql] ()
2026-01-20 16:41:42,936 [INFO] sqlalchemy.engine.Engine: PRAGMA main.table_info("proceso_control")
2026-01-20 16:41:42,936 [INFO] sqlalchemy.engine.Engine: [raw sql] ()
2026-01-20 16:41:42,936 [INFO] sqlalchemy.engine.Engine: PRAGMA main.table_info("proceso_fase")
2026-01-20 16:41:42,937 [INFO] sqlalchemy.engine.Engine: [raw sql] ()
2026-01-20 16:41:42,937 [INFO] sqlalchemy.engine.Engine: PRAGMA main.table_info("proceso_fase_parametro")
2026-01-20 16:41:42,937 [INFO] sqlalchemy.engine.Engine: [raw sql] ()
2026-01-20 16:41:42,937 [INFO] sqlalchemy.engine.Engine: COMMIT
2026-01-20 16:41:43,055 [INFO] __main__: Iniciando aplicación Autoclave
2026-01-20 16:41:43,061 [INFO] autoclave: Iniciando SerialLink
2026-01-20 16:41:43,062 [INFO] autoclave.services.domain.loop.control_loop: Iniciando el bucle de control...
2026-01-20 16:41:43,109 [INFO] autoclave.services.domain.loop.control_loop: Esperando conexión con ESP32...
2026-01-20 16:41:43,111 [INFO] autoclave: Conectado a ESP32 en COM3
2026-01-20 16:41:43,229 [INFO] autoclave.ui.main.main_window: ✅ Interfaz creada correctamente.
2026-01-20 16:41:43,309 [INFO] autoclave.services.domain.loop.control_loop: Conexión establecida. Iniciando actualización de puertas...
2026-01-20 16:41:43,310 [INFO] autoclave.services.domain.loop.control_loop: Actualizando estado de Puerta 1 ...
2026-01-20 16:41:43,310 [INFO] autoclave.services.domain.loop.control_loop: Actualizando estado de Puerta 2 ...
2026-01-20 16:41:43,811 [INFO] autoclave.services.domain.loop.control_loop: Actualizando estado de Puerta 1 ...
2026-01-20 16:41:43,812 [INFO] autoclave.services.domain.loop.control_loop: Actualizando estado de Puerta 2 ...
2026-01-20 16:41:44,313 [INFO] autoclave.services.domain.loop.control_loop: Actualizando estado de Puerta 1 ...
2026-01-20 16:41:44,313 [INFO] autoclave.services.domain.loop.control_loop: Actualizando estado de Puerta 2 ...
2026-01-20 16:41:44,814 [INFO] autoclave.services.domain.loop.control_loop: Actualizando estado de Puerta 1 ...
2026-01-20 16:41:44,814 [INFO] autoclave.services.domain.loop.control_loop: Actualizando estado de Puerta 2 ...
2026-01-20 16:41:45,315 [INFO] autoclave.services.domain.loop.control_loop: Actualizando estado de Puerta 1 ...
2026-01-20 16:41:45,315 [INFO] autoclave.services.domain.loop.control_loop: Actualizando estado de Puerta 2 ...
2026-01-20 16:41:45,816 [INFO] autoclave.services.domain.loop.control_loop: Actualizando estado de Puerta 1 ...
2026-01-20 16:41:45,816 [INFO] autoclave.services.domain.loop.control_loop: Actualizando estado de Puerta 2 ...
2026-01-20 16:41:46,317 [INFO] autoclave.services.domain.loop.control_loop: Actualizando estado de Puerta 1 ...
2026-01-20 16:41:46,319 [INFO] autoclave.services.domain.loop.control_loop: Actualizando estado de Puerta 2 ...
2026-01-20 16:41:46,819 [INFO] autoclave.services.domain.loop.control_loop: Actualizando estado de Puerta 1 ...
2026-01-20 16:41:46,821 [INFO] autoclave.services.domain.loop.control_loop: Actualizando estado de Puerta 2 ...
2026-01-20 16:41:47,323 [INFO] autoclave.services.domain.loop.control_loop: Actualizando estado de Puerta 1 ...
2026-01-20 16:41:47,324 [INFO] autoclave.services.domain.loop.control_loop: Actualizando estado de Puerta 2 ...
2026-01-20 16:41:47,825 [INFO] autoclave.services.domain.loop.control_loop: Actualizando estado de Puerta 1 ...
2026-01-20 16:41:47,826 [INFO] autoclave.services.domain.loop.control_loop: Actualizando estado de Puerta 2 ...
2026-01-20 16:41:48,326 [INFO] autoclave.services.domain.loop.control_loop: Actualizando estado de Puerta 1 ...
2026-01-20 16:41:48,327 [INFO] autoclave.services.domain.loop.control_loop: Actualizando estado de Puerta 2 ...
2026-01-20 16:41:48,829 [INFO] autoclave.services.domain.loop.control_loop: Actualizando estado de Puerta 1 ...
2026-01-20 16:41:48,830 [INFO] autoclave.services.domain.loop.control_loop: Actualizando estado de Puerta 2 ...
2026-01-20 16:41:49,331 [INFO] autoclave.services.domain.loop.control_loop: Actualizando estado de Puerta 1 ...
2026-01-20 16:41:49,333 [INFO] autoclave.services.domain.loop.control_loop: Actualizando estado de Puerta 2 ...
2026-01-20 16:41:49,834 [INFO] autoclave.services.domain.loop.control_loop: Actualizando estado de Puerta 1 ...
2026-01-20 16:41:49,835 [INFO] autoclave.services.domain.loop.control_loop: Actualizando estado de Puerta 2 ...
2026-01-20 16:41:50,335 [INFO] autoclave.services.domain.loop.control_loop: Actualizando estado de Puerta 1 ...
2026-01-20 16:41:50,336 [INFO] autoclave.services.domain.loop.control_loop: Actualizando estado de Puerta 2 ...
2026-01-20 16:41:50,837 [INFO] autoclave.services.domain.loop.control_loop: Actualizando estado de Puerta 1 ...
2026-01-20 16:41:50,837 [INFO] autoclave.services.domain.loop.control_loop: Actualizando estado de Puerta 2 ...
2026-01-20 16:41:51,338 [INFO] autoclave.services.domain.loop.control_loop: Actualizando estado de Puerta 1 ...
2026-01-20 16:41:51,339 [INFO] autoclave.services.domain.loop.control_loop: Actualizando estado de Puerta 2 ...
2026-01-20 16:41:51,840 [INFO] autoclave.services.domain.loop.control_loop: Actualizando estado de Puerta 1 ...
2026-01-20 16:41:51,841 [INFO] autoclave.services.domain.loop.control_loop: Actualizando estado de Puerta 2 ...
2026-01-20 16:41:52,342 [INFO] autoclave.services.domain.loop.control_loop: Actualizando estado de Puerta 1 ...
2026-01-20 16:41:52,344 [INFO] autoclave.services.domain.loop.control_loop: Actualizando estado de Puerta 2 ...
2026-01-20 16:41:52,845 [INFO] autoclave.services.domain.loop.control_loop: Actualizando estado de Puerta 1 ...
2026-01-20 16:41:52,846 [INFO] autoclave.services.domain.loop.control_loop: Actualizando estado de Puerta 2 ...
2026-01-20 16:41:53,348 [INFO] autoclave.services.domain.loop.control_loop: Actualizando estado de Puerta 1 ...
2026-01-20 16:41:53,348 [INFO] autoclave.services.domain.loop.control_loop: Actualizando estado de Puerta 2 ...
2026-01-20 16:41:53,648 [INFO] autoclave.ui.main.main_window: ⏻ Apagando equipo...
2026-01-20 16:41:53,849 [INFO] autoclave.services.domain.loop.control_loop: Actualizando estado de Puerta 1 ...
2026-01-20 16:41:53,849 [INFO] autoclave.services.domain.loop.control_loop: Actualizando estado de Puerta 2 ...
2026-01-20 16:41:54,349 [INFO] autoclave.services.domain.loop.control_loop: Actualizando estado de Puerta 1 ...
2026-01-20 16:41:54,350 [INFO] autoclave.services.domain.loop.control_loop: Actualizando estado de Puerta 2 ...
2026-01-20 16:41:54,851 [INFO] autoclave.services.domain.loop.control_loop: Actualizando estado de Puerta 1 ...
2026-01-20 16:41:54,852 [INFO] autoclave.services.domain.loop.control_loop: Actualizando estado de Puerta 2 ...
2026-01-20 16:41:55,353 [INFO] autoclave.services.domain.loop.control_loop: Actualizando estado de Puerta 1 ...
2026-01-20 16:41:55,354 [INFO] autoclave.services.domain.loop.control_loop: Actualizando estado de Puerta 2 ...
2026-01-20 16:41:55,855 [INFO] autoclave.services.domain.loop.control_loop: Actualizando estado de Puerta 1 ...
2026-01-20 16:41:55,856 [INFO] autoclave.services.domain.loop.control_loop: Actualizando estado de Puerta 2 ...
2026-01-20 16:41:56,357 [INFO] autoclave.services.domain.loop.control_loop: Actualizando estado de Puerta 1 ...
2026-01-20 16:41:56,358 [INFO] autoclave.services.domain.loop.control_loop: Actualizando estado de Puerta 2 ...
2026-01-20 16:41:56,687 [INFO] __main__: Cerrando aplicación Autoclave
2026-01-20 16:41:56,691 [INFO] autoclave: Deteniendo SerialLink
2026-01-20 16:41:56,692 [INFO] autoclave.services.domain.loop.control_loop: Flujo de datos detenido.
2026-01-20 16:42:06,938 [INFO] sqlalchemy.engine.Engine: BEGIN (implicit)
2026-01-20 16:42:06,938 [INFO] sqlalchemy.engine.Engine: PRAGMA main.table_info("ac_puerto")
2026-01-20 16:42:06,939 [INFO] sqlalchemy.engine.Engine: [raw sql] ()
2026-01-20 16:42:06,939 [INFO] sqlalchemy.engine.Engine: PRAGMA main.table_info("ac_pantalla_control")
2026-01-20 16:42:06,939 [INFO] sqlalchemy.engine.Engine: [raw sql] ()
2026-01-20 16:42:06,940 [INFO] sqlalchemy.engine.Engine: PRAGMA main.table_info("proceso_control")
2026-01-20 16:42:06,940 [INFO] sqlalchemy.engine.Engine: [raw sql] ()
2026-01-20 16:42:06,940 [INFO] sqlalchemy.engine.Engine: PRAGMA main.table_info("proceso_fase")
2026-01-20 16:42:06,940 [INFO] sqlalchemy.engine.Engine: [raw sql] ()
2026-01-20 16:42:06,941 [INFO] sqlalchemy.engine.Engine: PRAGMA main.table_info("proceso_fase_parametro")
2026-01-20 16:42:06,941 [INFO] sqlalchemy.engine.Engine: [raw sql] ()
2026-01-20 16:42:06,941 [INFO] sqlalchemy.engine.Engine: COMMIT
2026-01-20 16:42:07,054 [INFO] __main__: Iniciando aplicación Autoclave
2026-01-20 16:42:07,060 [INFO] autoclave: Iniciando SerialLink
2026-01-20 16:42:07,061 [INFO] autoclave.services.domain.loop.control_loop: Iniciando el bucle de control...
2026-01-20 16:42:07,104 [INFO] autoclave.services.domain.loop.control_loop: Esperando conexión con ESP32...
2026-01-20 16:42:07,107 [INFO] autoclave: Conectado a ESP32 en COM3
2026-01-20 16:42:07,220 [INFO] autoclave.ui.main.main_window: ✅ Interfaz creada correctamente.
2026-01-20 16:42:07,305 [INFO] autoclave.services.domain.loop.control_loop: Conexión establecida. Iniciando actualización de puertas...
2026-01-20 16:42:59,829 [INFO] autoclave.ui.main.main_window: ⏻ Apagando equipo...
2026-01-20 16:43:02,870 [INFO] __main__: Cerrando aplicación Autoclave
2026-01-20 16:43:02,875 [INFO] autoclave: Deteniendo SerialLink
2026-01-20 16:43:02,876 [INFO] autoclave.services.domain.loop.control_loop: Flujo de datos detenido.
2026-01-20 16:43:16,696 [INFO] sqlalchemy.engine.Engine: BEGIN (implicit)
2026-01-20 16:43:16,696 [INFO] sqlalchemy.engine.Engine: PRAGMA main.table_info("ac_puerto")
2026-01-20 16:43:16,697 [INFO] sqlalchemy.engine.Engine: [raw sql] ()
2026-01-20 16:43:16,697 [INFO] sqlalchemy.engine.Engine: PRAGMA main.table_info("ac_pantalla_control")
2026-01-20 16:43:16,698 [INFO] sqlalchemy.engine.Engine: [raw sql] ()
2026-01-20 16:43:16,698 [INFO] sqlalchemy.engine.Engine: PRAGMA main.table_info("proceso_control")
2026-01-20 16:43:16,698 [INFO] sqlalchemy.engine.Engine: [raw sql] ()
2026-01-20 16:43:16,699 [INFO] sqlalchemy.engine.Engine: PRAGMA main.table_info("proceso_fase")
2026-01-20 16:43:16,699 [INFO] sqlalchemy.engine.Engine: [raw sql] ()
2026-01-20 16:43:16,699 [INFO] sqlalchemy.engine.Engine: PRAGMA main.table_info("proceso_fase_parametro")
2026-01-20 16:43:16,699 [INFO] sqlalchemy.engine.Engine: [raw sql] ()
2026-01-20 16:43:16,700 [INFO] sqlalchemy.engine.Engine: COMMIT
2026-01-20 16:43:16,839 [INFO] __main__: Iniciando aplicación Autoclave
2026-01-20 16:43:16,845 [INFO] autoclave: Iniciando SerialLink
2026-01-20 16:43:16,846 [INFO] autoclave.services.domain.loop.control_loop: Iniciando el bucle de control...
2026-01-20 16:43:16,890 [INFO] autoclave.services.domain.loop.control_loop: Esperando conexión con ESP32...
2026-01-20 16:43:16,892 [INFO] autoclave: Conectado a ESP32 en COM3
2026-01-20 16:43:17,014 [INFO] autoclave.ui.main.main_window: ✅ Interfaz creada correctamente.
2026-01-20 16:43:17,090 [INFO] autoclave.services.domain.loop.control_loop: Conexión establecida. Iniciando actualización de puertas...
2026-01-20 16:43:17,091 [INFO] autoclave.devices.door: Actualizando estado de puerta Puerta 1...
2026-01-20 16:43:17,091 [INFO] autoclave.devices.door: Actualizando estado de puerta Puerta 2...
2026-01-20 16:43:17,592 [INFO] autoclave.devices.door: Actualizando estado de puerta Puerta 1...
2026-01-20 16:43:17,593 [INFO] autoclave.devices.door: Actualizando estado de puerta Puerta 2...
2026-01-20 16:43:18,094 [INFO] autoclave.devices.door: Actualizando estado de puerta Puerta 1...
2026-01-20 16:43:18,094 [INFO] autoclave.devices.door: Actualizando estado de puerta Puerta 2...
2026-01-20 16:43:18,595 [INFO] autoclave.devices.door: Actualizando estado de puerta Puerta 1...
2026-01-20 16:43:18,595 [INFO] autoclave.devices.door: Actualizando estado de puerta Puerta 2...
2026-01-20 16:43:19,096 [INFO] autoclave.devices.door: Actualizando estado de puerta Puerta 1...
2026-01-20 16:43:19,097 [INFO] autoclave.devices.door: Actualizando estado de puerta Puerta 2...
2026-01-20 16:43:19,597 [INFO] autoclave.devices.door: Actualizando estado de puerta Puerta 1...
2026-01-20 16:43:19,598 [INFO] autoclave.devices.door: Actualizando estado de puerta Puerta 2...
2026-01-20 16:43:20,099 [INFO] autoclave.devices.door: Actualizando estado de puerta Puerta 1...
2026-01-20 16:43:20,101 [INFO] autoclave.devices.door: Actualizando estado de puerta Puerta 2...
2026-01-20 16:43:20,603 [INFO] autoclave.devices.door: Actualizando estado de puerta Puerta 1...
2026-01-20 16:43:20,604 [INFO] autoclave.devices.door: Actualizando estado de puerta Puerta 2...
2026-01-20 16:43:21,106 [INFO] autoclave.devices.door: Actualizando estado de puerta Puerta 1...
2026-01-20 16:43:21,106 [INFO] autoclave.devices.door: Actualizando estado de puerta Puerta 2...
2026-01-20 16:43:21,606 [INFO] autoclave.devices.door: Actualizando estado de puerta Puerta 1...
2026-01-20 16:43:21,607 [INFO] autoclave.devices.door: Actualizando estado de puerta Puerta 2...
2026-01-20 16:43:22,109 [INFO] autoclave.devices.door: Actualizando estado de puerta Puerta 1...
2026-01-20 16:43:22,109 [INFO] autoclave.devices.door: Actualizando estado de puerta Puerta 2...
2026-01-20 16:43:22,610 [INFO] autoclave.devices.door: Actualizando estado de puerta Puerta 1...
2026-01-20 16:43:22,610 [INFO] autoclave.devices.door: Actualizando estado de puerta Puerta 2...
2026-01-20 16:43:23,111 [INFO] autoclave.devices.door: Actualizando estado de puerta Puerta 1...
2026-01-20 16:43:23,111 [INFO] autoclave.devices.door: Actualizando estado de puerta Puerta 2...
2026-01-20 16:43:23,612 [INFO] autoclave.devices.door: Actualizando estado de puerta Puerta 1...
2026-01-20 16:43:23,612 [INFO] autoclave.devices.door: Actualizando estado de puerta Puerta 2...
2026-01-20 16:43:24,113 [INFO] autoclave.devices.door: Actualizando estado de puerta Puerta 1...
2026-01-20 16:43:24,113 [INFO] autoclave.devices.door: Actualizando estado de puerta Puerta 2...
2026-01-20 16:43:24,614 [INFO] autoclave.devices.door: Actualizando estado de puerta Puerta 1...
2026-01-20 16:43:24,616 [INFO] autoclave.devices.door: Actualizando estado de puerta Puerta 2...
2026-01-20 16:43:25,118 [INFO] autoclave.devices.door: Actualizando estado de puerta Puerta 1...
2026-01-20 16:43:25,119 [INFO] autoclave.devices.door: Actualizando estado de puerta Puerta 2...
2026-01-20 16:43:25,620 [INFO] autoclave.devices.door: Actualizando estado de puerta Puerta 1...
2026-01-20 16:43:25,622 [INFO] autoclave.devices.door: Actualizando estado de puerta Puerta 2...
2026-01-20 16:43:26,124 [INFO] autoclave.devices.door: Actualizando estado de puerta Puerta 1...
2026-01-20 16:43:26,125 [INFO] autoclave.devices.door: Actualizando estado de puerta Puerta 2...
2026-01-20 16:43:26,626 [INFO] autoclave.devices.door: Actualizando estado de puerta Puerta 1...
2026-01-20 16:43:26,627 [INFO] autoclave.devices.door: Actualizando estado de puerta Puerta 2...
2026-01-20 16:43:27,129 [INFO] autoclave.devices.door: Actualizando estado de puerta Puerta 1...
2026-01-20 16:43:27,129 [INFO] autoclave.devices.door: Actualizando estado de puerta Puerta 2...
2026-01-20 16:43:27,630 [INFO] autoclave.devices.door: Actualizando estado de puerta Puerta 1...
2026-01-20 16:43:27,631 [INFO] autoclave.devices.door: Actualizando estado de puerta Puerta 2...
2026-01-20 16:43:28,131 [INFO] autoclave.devices.door: Actualizando estado de puerta Puerta 1...
2026-01-20 16:43:28,131 [INFO] autoclave.devices.door: Actualizando estado de puerta Puerta 2...
2026-01-20 16:43:28,632 [INFO] autoclave.devices.door: Actualizando estado de puerta Puerta 1...
2026-01-20 16:43:28,632 [INFO] autoclave.devices.door: Actualizando estado de puerta Puerta 2...
2026-01-20 16:43:29,133 [INFO] autoclave.devices.door: Actualizando estado de puerta Puerta 1...
2026-01-20 16:43:29,134 [INFO] autoclave.devices.door: Actualizando estado de puerta Puerta 2...
2026-01-20 16:43:29,634 [INFO] autoclave.devices.door: Actualizando estado de puerta Puerta 1...
2026-01-20 16:43:29,635 [INFO] autoclave.devices.door: Actualizando estado de puerta Puerta 2...
2026-01-20 16:43:30,004 [INFO] autoclave.ui.main.main_window: ⏻ Apagando equipo...
2026-01-20 16:43:30,136 [INFO] autoclave.devices.door: Actualizando estado de puerta Puerta 1...
2026-01-20 16:43:30,137 [INFO] autoclave.devices.door: Actualizando estado de puerta Puerta 2...
2026-01-20 16:43:30,638 [INFO] autoclave.devices.door: Actualizando estado de puerta Puerta 1...
2026-01-20 16:43:30,639 [INFO] autoclave.devices.door: Actualizando estado de puerta Puerta 2...
2026-01-20 16:43:31,139 [INFO] autoclave.devices.door: Actualizando estado de puerta Puerta 1...
2026-01-20 16:43:31,140 [INFO] autoclave.devices.door: Actualizando estado de puerta Puerta 2...
2026-01-20 16:43:31,640 [INFO] autoclave.devices.door: Actualizando estado de puerta Puerta 1...
2026-01-20 16:43:31,641 [INFO] autoclave.devices.door: Actualizando estado de puerta Puerta 2...
2026-01-20 16:43:32,142 [INFO] autoclave.devices.door: Actualizando estado de puerta Puerta 1...
2026-01-20 16:43:32,143 [INFO] autoclave.devices.door: Actualizando estado de puerta Puerta 2...
2026-01-20 16:43:32,644 [INFO] autoclave.devices.door: Actualizando estado de puerta Puerta 1...
2026-01-20 16:43:32,645 [INFO] autoclave.devices.door: Actualizando estado de puerta Puerta 2...
2026-01-20 16:43:33,052 [INFO] __main__: Cerrando aplicación Autoclave
2026-01-20 16:43:33,057 [INFO] autoclave: Deteniendo SerialLink
2026-01-20 16:43:33,057 [INFO] autoclave.services.domain.loop.control_loop: Flujo de datos detenido.
2026-01-20 16:44:47,191 [INFO] sqlalchemy.engine.Engine: BEGIN (implicit)
2026-01-20 16:44:47,191 [INFO] sqlalchemy.engine.Engine: PRAGMA main.table_info("ac_puerto")
2026-01-20 16:44:47,192 [INFO] sqlalchemy.engine.Engine: [raw sql] ()
2026-01-20 16:44:47,192 [INFO] sqlalchemy.engine.Engine: PRAGMA main.table_info("ac_pantalla_control")
2026-01-20 16:44:47,192 [INFO] sqlalchemy.engine.Engine: [raw sql] ()
2026-01-20 16:44:47,193 [INFO] sqlalchemy.engine.Engine: PRAGMA main.table_info("proceso_control")
2026-01-20 16:44:47,193 [INFO] sqlalchemy.engine.Engine: [raw sql] ()
2026-01-20 16:44:47,193 [INFO] sqlalchemy.engine.Engine: PRAGMA main.table_info("proceso_fase")
2026-01-20 16:44:47,193 [INFO] sqlalchemy.engine.Engine: [raw sql] ()
2026-01-20 16:44:47,193 [INFO] sqlalchemy.engine.Engine: PRAGMA main.table_info("proceso_fase_parametro")
2026-01-20 16:44:47,193 [INFO] sqlalchemy.engine.Engine: [raw sql] ()
2026-01-20 16:44:47,194 [INFO] sqlalchemy.engine.Engine: COMMIT
2026-01-20 16:45:11,014 [INFO] sqlalchemy.engine.Engine: BEGIN (implicit)
2026-01-20 16:45:11,014 [INFO] sqlalchemy.engine.Engine: PRAGMA main.table_info("ac_puerto")
2026-01-20 16:45:11,014 [INFO] sqlalchemy.engine.Engine: [raw sql] ()
2026-01-20 16:45:11,015 [INFO] sqlalchemy.engine.Engine: PRAGMA main.table_info("ac_pantalla_control")
2026-01-20 16:45:11,015 [INFO] sqlalchemy.engine.Engine: [raw sql] ()
2026-01-20 16:45:11,015 [INFO] sqlalchemy.engine.Engine: PRAGMA main.table_info("proceso_control")
2026-01-20 16:45:11,015 [INFO] sqlalchemy.engine.Engine: [raw sql] ()
2026-01-20 16:45:11,016 [INFO] sqlalchemy.engine.Engine: PRAGMA main.table_info("proceso_fase")
2026-01-20 16:45:11,016 [INFO] sqlalchemy.engine.Engine: [raw sql] ()
2026-01-20 16:45:11,016 [INFO] sqlalchemy.engine.Engine: PRAGMA main.table_info("proceso_fase_parametro")
2026-01-20 16:45:11,016 [INFO] sqlalchemy.engine.Engine: [raw sql] ()
2026-01-20 16:45:11,016 [INFO] sqlalchemy.engine.Engine: COMMIT
2026-01-20 16:45:11,149 [INFO] __main__: Iniciando aplicación Autoclave
2026-01-20 16:45:11,156 [INFO] autoclave: Iniciando SerialLink
2026-01-20 16:45:11,157 [INFO] autoclave.services.domain.loop.control_loop: Iniciando el bucle de control...
2026-01-20 16:45:11,204 [INFO] autoclave.services.domain.loop.control_loop: Esperando conexión con ESP32...
2026-01-20 16:45:11,207 [INFO] autoclave: Conectado a ESP32 en COM3
2026-01-20 16:45:11,327 [INFO] autoclave.ui.main.main_window: ✅ Interfaz creada correctamente.
2026-01-20 16:45:11,405 [INFO] autoclave.services.domain.loop.control_loop: Conexión establecida. Iniciando actualización de puertas...
2026-01-20 16:45:33,160 [INFO] autoclave.ui.main.main_window: ⏻ Apagando equipo...
2026-01-20 16:45:36,193 [INFO] __main__: Cerrando aplicación Autoclave
2026-01-20 16:45:36,198 [INFO] autoclave: Deteniendo SerialLink
2026-01-20 16:45:36,199 [INFO] autoclave.services.domain.loop.control_loop: Flujo de datos detenido.
2026-01-20 16:45:38,832 [INFO] sqlalchemy.engine.Engine: BEGIN (implicit)
2026-01-20 16:45:38,833 [INFO] sqlalchemy.engine.Engine: PRAGMA main.table_info("ac_puerto")
2026-01-20 16:45:38,833 [INFO] sqlalchemy.engine.Engine: [raw sql] ()
2026-01-20 16:45:38,834 [INFO] sqlalchemy.engine.Engine: PRAGMA main.table_info("ac_pantalla_control")
2026-01-20 16:45:38,834 [INFO] sqlalchemy.engine.Engine: [raw sql] ()
2026-01-20 16:45:38,834 [INFO] sqlalchemy.engine.Engine: PRAGMA main.table_info("proceso_control")
2026-01-20 16:45:38,834 [INFO] sqlalchemy.engine.Engine: [raw sql] ()
2026-01-20 16:45:38,834 [INFO] sqlalchemy.engine.Engine: PRAGMA main.table_info("proceso_fase")
2026-01-20 16:45:38,834 [INFO] sqlalchemy.engine.Engine: [raw sql] ()
2026-01-20 16:45:38,835 [INFO] sqlalchemy.engine.Engine: PRAGMA main.table_info("proceso_fase_parametro")
2026-01-20 16:45:38,835 [INFO] sqlalchemy.engine.Engine: [raw sql] ()
2026-01-20 16:45:38,835 [INFO] sqlalchemy.engine.Engine: COMMIT
2026-01-20 16:45:38,966 [INFO] __main__: Iniciando aplicación Autoclave
2026-01-20 16:45:38,973 [INFO] autoclave: Iniciando SerialLink
2026-01-20 16:45:38,974 [INFO] autoclave.services.domain.loop.control_loop: Iniciando el bucle de control...
2026-01-20 16:45:39,018 [INFO] autoclave.services.domain.loop.control_loop: Esperando conexión con ESP32...
2026-01-20 16:45:39,021 [INFO] autoclave: Conectado a ESP32 en COM3
2026-01-20 16:45:39,141 [INFO] autoclave.ui.main.main_window: ✅ Interfaz creada correctamente.
2026-01-20 16:45:39,219 [INFO] autoclave.services.domain.loop.control_loop: Conexión establecida. Iniciando actualización de puertas...
2026-01-20 16:45:58,053 [INFO] autoclave.ui.main.main_window: ⏻ Apagando equipo...
2026-01-20 16:46:01,101 [INFO] __main__: Cerrando aplicación Autoclave
2026-01-20 16:46:01,106 [INFO] autoclave: Deteniendo SerialLink
2026-01-20 16:46:01,106 [INFO] autoclave.services.domain.loop.control_loop: Flujo de datos detenido.
2026-01-20 16:46:23,367 [INFO] sqlalchemy.engine.Engine: BEGIN (implicit)
2026-01-20 16:46:23,368 [INFO] sqlalchemy.engine.Engine: PRAGMA main.table_info("ac_puerto")
2026-01-20 16:46:23,368 [INFO] sqlalchemy.engine.Engine: [raw sql] ()
2026-01-20 16:46:23,368 [INFO] sqlalchemy.engine.Engine: PRAGMA main.table_info("ac_pantalla_control")
2026-01-20 16:46:23,369 [INFO] sqlalchemy.engine.Engine: [raw sql] ()
2026-01-20 16:46:23,369 [INFO] sqlalchemy.engine.Engine: PRAGMA main.table_info("proceso_control")
2026-01-20 16:46:23,370 [INFO] sqlalchemy.engine.Engine: [raw sql] ()
2026-01-20 16:46:23,370 [INFO] sqlalchemy.engine.Engine: PRAGMA main.table_info("proceso_fase")
2026-01-20 16:46:23,370 [INFO] sqlalchemy.engine.Engine: [raw sql] ()
2026-01-20 16:46:23,370 [INFO] sqlalchemy.engine.Engine: PRAGMA main.table_info("proceso_fase_parametro")
2026-01-20 16:46:23,370 [INFO] sqlalchemy.engine.Engine: [raw sql] ()
2026-01-20 16:46:23,371 [INFO] sqlalchemy.engine.Engine: COMMIT
2026-01-20 16:46:23,501 [INFO] __main__: Iniciando aplicación Autoclave
2026-01-20 16:46:23,508 [INFO] autoclave: Iniciando SerialLink
2026-01-20 16:46:23,510 [INFO] autoclave.services.domain.loop.control_loop: Iniciando el bucle de control...
2026-01-20 16:46:23,555 [INFO] autoclave.services.domain.loop.control_loop: Esperando conexión con ESP32...
2026-01-20 16:46:23,558 [INFO] autoclave: Conectado a ESP32 en COM3
2026-01-20 16:46:23,681 [INFO] autoclave.ui.main.main_window: ✅ Interfaz creada correctamente.
2026-01-20 16:46:23,756 [INFO] autoclave.services.domain.loop.control_loop: Conexión establecida. Iniciando actualización de puertas...
2026-01-20 16:46:23,756 [INFO] autoclave.devices.door: Actualizando estado de puerta Puerta 1 desconocido ...
2026-01-20 16:46:23,756 [INFO] autoclave.devices.door: Actualizando estado de puerta Puerta 2 desconocido ...
2026-01-20 16:46:24,257 [INFO] autoclave.devices.door: Actualizando estado de puerta Puerta 1 desconocido ...
2026-01-20 16:46:24,257 [INFO] autoclave.devices.door: Actualizando estado de puerta Puerta 2 desconocido ...
2026-01-20 16:46:24,758 [INFO] autoclave.devices.door: Actualizando estado de puerta Puerta 1 desconocido ...
2026-01-20 16:46:24,758 [INFO] autoclave.devices.door: Actualizando estado de puerta Puerta 2 desconocido ...
2026-01-20 16:46:25,259 [INFO] autoclave.devices.door: Actualizando estado de puerta Puerta 1 desconocido ...
2026-01-20 16:46:25,259 [INFO] autoclave.devices.door: Actualizando estado de puerta Puerta 2 desconocido ...
2026-01-20 16:46:25,760 [INFO] autoclave.devices.door: Actualizando estado de puerta Puerta 1 desconocido ...
2026-01-20 16:46:25,760 [INFO] autoclave.devices.door: Actualizando estado de puerta Puerta 2 desconocido ...
2026-01-20 16:46:26,261 [INFO] autoclave.devices.door: Actualizando estado de puerta Puerta 1 desconocido ...
2026-01-20 16:46:26,262 [INFO] autoclave.devices.door: Actualizando estado de puerta Puerta 2 desconocido ...
2026-01-20 16:46:26,763 [INFO] autoclave.devices.door: Actualizando estado de puerta Puerta 1 desconocido ...
2026-01-20 16:46:26,763 [INFO] autoclave.devices.door: Actualizando estado de puerta Puerta 2 desconocido ...
2026-01-20 16:46:27,264 [INFO] autoclave.devices.door: Actualizando estado de puerta Puerta 1 desconocido ...
2026-01-20 16:46:27,264 [INFO] autoclave.devices.door: Actualizando estado de puerta Puerta 2 desconocido ...
2026-01-20 16:46:27,765 [INFO] autoclave.devices.door: Actualizando estado de puerta Puerta 1 desconocido ...
2026-01-20 16:46:27,765 [INFO] autoclave.devices.door: Actualizando estado de puerta Puerta 2 desconocido ...
2026-01-20 16:46:28,266 [INFO] autoclave.devices.door: Actualizando estado de puerta Puerta 1 desconocido ...
2026-01-20 16:46:28,266 [INFO] autoclave.devices.door: Actualizando estado de puerta Puerta 2 desconocido ...
2026-01-20 16:46:28,767 [INFO] autoclave.devices.door: Actualizando estado de puerta Puerta 1 desconocido ...
2026-01-20 16:46:28,768 [INFO] autoclave.devices.door: Actualizando estado de puerta Puerta 2 desconocido ...
2026-01-20 16:46:29,269 [INFO] autoclave.devices.door: Actualizando estado de puerta Puerta 1 desconocido ...
2026-01-20 16:46:29,269 [INFO] autoclave.devices.door: Actualizando estado de puerta Puerta 2 desconocido ...
2026-01-20 16:46:29,770 [INFO] autoclave.devices.door: Actualizando estado de puerta Puerta 1 desconocido ...
2026-01-20 16:46:29,770 [INFO] autoclave.devices.door: Actualizando estado de puerta Puerta 2 desconocido ...
2026-01-20 16:46:30,271 [INFO] autoclave.devices.door: Actualizando estado de puerta Puerta 1 desconocido ...
2026-01-20 16:46:30,271 [INFO] autoclave.devices.door: Actualizando estado de puerta Puerta 2 desconocido ...
2026-01-20 16:46:30,772 [INFO] autoclave.devices.door: Actualizando estado de puerta Puerta 1 desconocido ...
2026-01-20 16:46:30,772 [INFO] autoclave.devices.door: Actualizando estado de puerta Puerta 2 desconocido ...
2026-01-20 16:46:31,273 [INFO] autoclave.devices.door: Actualizando estado de puerta Puerta 1 desconocido ...
2026-01-20 16:46:31,273 [INFO] autoclave.devices.door: Actualizando estado de puerta Puerta 2 desconocido ...
2026-01-20 16:46:31,774 [INFO] autoclave.devices.door: Actualizando estado de puerta Puerta 1 desconocido ...
2026-01-20 16:46:31,774 [INFO] autoclave.devices.door: Actualizando estado de puerta Puerta 2 desconocido ...
2026-01-20 16:46:32,275 [INFO] autoclave.devices.door: Actualizando estado de puerta Puerta 1 desconocido ...
2026-01-20 16:46:32,275 [INFO] autoclave.devices.door: Actualizando estado de puerta Puerta 2 desconocido ...
2026-01-20 16:46:32,776 [INFO] autoclave.devices.door: Actualizando estado de puerta Puerta 1 desconocido ...
2026-01-20 16:46:32,777 [INFO] autoclave.devices.door: Actualizando estado de puerta Puerta 2 desconocido ...
2026-01-20 16:46:33,279 [INFO] autoclave.devices.door: Actualizando estado de puerta Puerta 1 desconocido ...
2026-01-20 16:46:33,279 [INFO] autoclave.devices.door: Actualizando estado de puerta Puerta 2 desconocido ...
2026-01-20 16:46:33,780 [INFO] autoclave.devices.door: Actualizando estado de puerta Puerta 1 desconocido ...
2026-01-20 16:46:33,782 [INFO] autoclave.devices.door: Actualizando estado de puerta Puerta 2 desconocido ...
2026-01-20 16:46:34,283 [INFO] autoclave.devices.door: Actualizando estado de puerta Puerta 1 desconocido ...
2026-01-20 16:46:34,284 [INFO] autoclave.devices.door: Actualizando estado de puerta Puerta 2 desconocido ...
2026-01-20 16:46:34,785 [INFO] autoclave.devices.door: Actualizando estado de puerta Puerta 1 desconocido ...
2026-01-20 16:46:34,786 [INFO] autoclave.devices.door: Actualizando estado de puerta Puerta 2 desconocido ...
2026-01-20 16:46:35,287 [INFO] autoclave.devices.door: Actualizando estado de puerta Puerta 1 desconocido ...
2026-01-20 16:46:35,287 [INFO] autoclave.devices.door: Actualizando estado de puerta Puerta 2 desconocido ...
2026-01-20 16:46:35,788 [INFO] autoclave.devices.door: Actualizando estado de puerta Puerta 1 desconocido ...
2026-01-20 16:46:35,788 [INFO] autoclave.devices.door: Actualizando estado de puerta Puerta 2 desconocido ...
2026-01-20 16:46:35,803 [INFO] autoclave.ui.main.main_window: ⏻ Apagando equipo...
2026-01-20 16:46:36,289 [INFO] autoclave.devices.door: Actualizando estado de puerta Puerta 1 desconocido ...
2026-01-20 16:46:36,290 [INFO] autoclave.devices.door: Actualizando estado de puerta Puerta 2 desconocido ...
2026-01-20 16:46:36,790 [INFO] autoclave.devices.door: Actualizando estado de puerta Puerta 1 desconocido ...
2026-01-20 16:46:36,790 [INFO] autoclave.devices.door: Actualizando estado de puerta Puerta 2 desconocido ...
2026-01-20 16:46:37,292 [INFO] autoclave.devices.door: Actualizando estado de puerta Puerta 1 desconocido ...
2026-01-20 16:46:37,293 [INFO] autoclave.devices.door: Actualizando estado de puerta Puerta 2 desconocido ...
2026-01-20 16:46:37,794 [INFO] autoclave.devices.door: Actualizando estado de puerta Puerta 1 desconocido ...
2026-01-20 16:46:37,795 [INFO] autoclave.devices.door: Actualizando estado de puerta Puerta 2 desconocido ...
2026-01-20 16:46:38,297 [INFO] autoclave.devices.door: Actualizando estado de puerta Puerta 1 desconocido ...
2026-01-20 16:46:38,298 [INFO] autoclave.devices.door: Actualizando estado de puerta Puerta 2 desconocido ...
2026-01-20 16:46:38,799 [INFO] autoclave.devices.door: Actualizando estado de puerta Puerta 1 desconocido ...
2026-01-20 16:46:38,800 [INFO] autoclave.devices.door: Actualizando estado de puerta Puerta 2 desconocido ...
2026-01-20 16:46:38,847 [INFO] __main__: Cerrando aplicación Autoclave
2026-01-20 16:46:38,858 [INFO] autoclave: Deteniendo SerialLink
2026-01-20 16:46:38,858 [INFO] autoclave.services.domain.loop.control_loop: Flujo de datos detenido.
2026-01-20 16:47:26,739 [INFO] sqlalchemy.engine.Engine: BEGIN (implicit)
2026-01-20 16:47:26,740 [INFO] sqlalchemy.engine.Engine: PRAGMA main.table_info("ac_puerto")
2026-01-20 16:47:26,740 [INFO] sqlalchemy.engine.Engine: [raw sql] ()
2026-01-20 16:47:26,741 [INFO] sqlalchemy.engine.Engine: PRAGMA main.table_info("ac_pantalla_control")
2026-01-20 16:47:26,741 [INFO] sqlalchemy.engine.Engine: [raw sql] ()
2026-01-20 16:47:26,742 [INFO] sqlalchemy.engine.Engine: PRAGMA main.table_info("proceso_control")
2026-01-20 16:47:26,742 [INFO] sqlalchemy.engine.Engine: [raw sql] ()
2026-01-20 16:47:26,742 [INFO] sqlalchemy.engine.Engine: PRAGMA main.table_info("proceso_fase")
2026-01-20 16:47:26,742 [INFO] sqlalchemy.engine.Engine: [raw sql] ()
2026-01-20 16:47:26,742 [INFO] sqlalchemy.engine.Engine: PRAGMA main.table_info("proceso_fase_parametro")
2026-01-20 16:47:26,743 [INFO] sqlalchemy.engine.Engine: [raw sql] ()
2026-01-20 16:47:26,743 [INFO] sqlalchemy.engine.Engine: COMMIT
2026-01-20 16:47:26,841 [INFO] __main__: Iniciando aplicación Autoclave
2026-01-20 16:47:26,848 [INFO] autoclave: Iniciando SerialLink
2026-01-20 16:47:26,849 [INFO] autoclave.services.domain.loop.control_loop: Iniciando el bucle de control...
2026-01-20 16:47:26,892 [INFO] autoclave.services.domain.loop.control_loop: Esperando conexión con ESP32...
2026-01-20 16:47:26,894 [INFO] autoclave: Conectado a ESP32 en COM3
2026-01-20 16:47:27,008 [INFO] autoclave.ui.main.main_window: ✅ Interfaz creada correctamente.
2026-01-20 16:47:27,092 [INFO] autoclave.services.domain.loop.control_loop: Conexión establecida. Iniciando actualización de puertas...
2026-01-20 16:47:27,093 [INFO] autoclave.devices.door: Actualizando estado de puerta Puerta 1 DESCONOCIDO ...
2026-01-20 16:47:27,093 [INFO] autoclave.devices.door: Actualizando estado de puerta Puerta 2 DESCONOCIDO ...
2026-01-20 16:47:27,594 [INFO] autoclave.devices.door: Actualizando estado de puerta Puerta 1 DESCONOCIDO ...
2026-01-20 16:47:27,595 [INFO] autoclave.devices.door: Actualizando estado de puerta Puerta 2 DESCONOCIDO ...
2026-01-20 16:47:28,096 [INFO] autoclave.devices.door: Actualizando estado de puerta Puerta 1 DESCONOCIDO ...
2026-01-20 16:47:28,096 [INFO] autoclave.devices.door: Actualizando estado de puerta Puerta 2 DESCONOCIDO ...
2026-01-20 16:47:28,597 [INFO] autoclave.devices.door: Actualizando estado de puerta Puerta 1 DESCONOCIDO ...
2026-01-20 16:47:28,597 [INFO] autoclave.devices.door: Actualizando estado de puerta Puerta 2 DESCONOCIDO ...
2026-01-20 16:47:29,098 [INFO] autoclave.devices.door: Actualizando estado de puerta Puerta 1 DESCONOCIDO ...
2026-01-20 16:47:29,099 [INFO] autoclave.devices.door: Actualizando estado de puerta Puerta 2 DESCONOCIDO ...
2026-01-20 16:47:29,600 [INFO] autoclave.devices.door: Actualizando estado de puerta Puerta 1 DESCONOCIDO ...
2026-01-20 16:47:29,601 [INFO] autoclave.devices.door: Actualizando estado de puerta Puerta 2 DESCONOCIDO ...
2026-01-20 16:47:30,102 [INFO] autoclave.devices.door: Actualizando estado de puerta Puerta 1 DESCONOCIDO ...
2026-01-20 16:47:30,103 [INFO] autoclave.devices.door: Actualizando estado de puerta Puerta 2 DESCONOCIDO ...
2026-01-20 16:47:30,603 [INFO] autoclave.devices.door: Actualizando estado de puerta Puerta 1 DESCONOCIDO ...
2026-01-20 16:47:30,604 [INFO] autoclave.devices.door: Actualizando estado de puerta Puerta 2 DESCONOCIDO ...
2026-01-20 16:47:31,106 [INFO] autoclave.devices.door: Actualizando estado de puerta Puerta 1 DESCONOCIDO ...
2026-01-20 16:47:31,106 [INFO] autoclave.devices.door: Actualizando estado de puerta Puerta 2 DESCONOCIDO ...
2026-01-20 16:47:31,607 [INFO] autoclave.devices.door: Actualizando estado de puerta Puerta 1 DESCONOCIDO ...
2026-01-20 16:47:31,607 [INFO] autoclave.devices.door: Actualizando estado de puerta Puerta 2 DESCONOCIDO ...
2026-01-20 16:47:32,108 [INFO] autoclave.devices.door: Actualizando estado de puerta Puerta 1 DESCONOCIDO ...
2026-01-20 16:47:32,108 [INFO] autoclave.devices.door: Actualizando estado de puerta Puerta 2 DESCONOCIDO ...
2026-01-20 16:47:32,609 [INFO] autoclave.devices.door: Actualizando estado de puerta Puerta 1 DESCONOCIDO ...
2026-01-20 16:47:32,609 [INFO] autoclave.devices.door: Actualizando estado de puerta Puerta 2 DESCONOCIDO ...
2026-01-20 16:47:33,110 [INFO] autoclave.devices.door: Actualizando estado de puerta Puerta 1 DESCONOCIDO ...
2026-01-20 16:47:33,110 [INFO] autoclave.devices.door: Actualizando estado de puerta Puerta 2 DESCONOCIDO ...
2026-01-20 16:47:33,611 [INFO] autoclave.devices.door: Actualizando estado de puerta Puerta 1 DESCONOCIDO ...
2026-01-20 16:47:33,611 [INFO] autoclave.devices.door: Actualizando estado de puerta Puerta 2 DESCONOCIDO ...
2026-01-20 16:47:34,112 [INFO] autoclave.devices.door: Actualizando estado de puerta Puerta 1 DESCONOCIDO ...
2026-01-20 16:47:34,113 [INFO] autoclave.devices.door: Actualizando estado de puerta Puerta 2 DESCONOCIDO ...
2026-01-20 16:47:34,613 [INFO] autoclave.devices.door: Actualizando estado de puerta Puerta 1 DESCONOCIDO ...
2026-01-20 16:47:34,615 [INFO] autoclave.devices.door: Actualizando estado de puerta Puerta 2 DESCONOCIDO ...
2026-01-20 16:47:35,116 [INFO] autoclave.devices.door: Actualizando estado de puerta Puerta 1 DESCONOCIDO ...
2026-01-20 16:47:35,117 [INFO] autoclave.devices.door: Actualizando estado de puerta Puerta 2 DESCONOCIDO ...
2026-01-20 16:47:35,618 [INFO] autoclave.devices.door: Actualizando estado de puerta Puerta 1 DESCONOCIDO ...
2026-01-20 16:47:35,620 [INFO] autoclave.devices.door: Actualizando estado de puerta Puerta 2 DESCONOCIDO ...
2026-01-20 16:47:36,122 [INFO] autoclave.devices.door: Actualizando estado de puerta Puerta 1 DESCONOCIDO ...
2026-01-20 16:47:36,122 [INFO] autoclave.devices.door: Actualizando estado de puerta Puerta 2 DESCONOCIDO ...
2026-01-20 16:47:36,622 [INFO] autoclave.devices.door: Actualizando estado de puerta Puerta 1 DESCONOCIDO ...
2026-01-20 16:47:36,623 [INFO] autoclave.devices.door: Actualizando estado de puerta Puerta 2 DESCONOCIDO ...
2026-01-20 16:47:37,124 [INFO] autoclave.devices.door: Actualizando estado de puerta Puerta 1 DESCONOCIDO ...
2026-01-20 16:47:37,125 [INFO] autoclave.devices.door: Actualizando estado de puerta Puerta 2 DESCONOCIDO ...
2026-01-20 16:47:37,626 [INFO] autoclave.devices.door: Actualizando estado de puerta Puerta 1 DESCONOCIDO ...
2026-01-20 16:47:37,627 [INFO] autoclave.devices.door: Actualizando estado de puerta Puerta 2 DESCONOCIDO ...
2026-01-20 16:47:38,129 [INFO] autoclave.devices.door: Actualizando estado de puerta Puerta 1 DESCONOCIDO ...
2026-01-20 16:47:38,129 [INFO] autoclave.devices.door: Actualizando estado de puerta Puerta 2 DESCONOCIDO ...
2026-01-20 16:47:38,631 [INFO] autoclave.devices.door: Actualizando estado de puerta Puerta 1 DESCONOCIDO ...
2026-01-20 16:47:38,632 [INFO] autoclave.devices.door: Actualizando estado de puerta Puerta 2 DESCONOCIDO ...
2026-01-20 16:47:39,133 [INFO] autoclave.devices.door: Actualizando estado de puerta Puerta 1 DESCONOCIDO ...
2026-01-20 16:47:39,135 [INFO] autoclave.devices.door: Actualizando estado de puerta Puerta 2 DESCONOCIDO ...
2026-01-20 16:47:39,636 [INFO] autoclave.devices.door: Actualizando estado de puerta Puerta 1 DESCONOCIDO ...
2026-01-20 16:47:39,637 [INFO] autoclave.devices.door: Actualizando estado de puerta Puerta 2 DESCONOCIDO ...
2026-01-20 16:47:40,138 [INFO] autoclave.devices.door: Actualizando estado de puerta Puerta 1 DESCONOCIDO ...
2026-01-20 16:47:40,139 [INFO] autoclave.devices.door: Actualizando estado de puerta Puerta 2 DESCONOCIDO ...
2026-01-20 16:47:40,639 [INFO] autoclave.devices.door: Actualizando estado de puerta Puerta 1 DESCONOCIDO ...
2026-01-20 16:47:40,639 [INFO] autoclave.devices.door: Actualizando estado de puerta Puerta 2 DESCONOCIDO ...
2026-01-20 16:47:41,140 [INFO] autoclave.devices.door: Actualizando estado de puerta Puerta 1 DESCONOCIDO ...
2026-01-20 16:47:41,141 [INFO] autoclave.devices.door: Actualizando estado de puerta Puerta 2 DESCONOCIDO ...
2026-01-20 16:47:41,641 [INFO] autoclave.devices.door: Actualizando estado de puerta Puerta 1 DESCONOCIDO ...
2026-01-20 16:47:41,641 [INFO] autoclave.devices.door: Actualizando estado de puerta Puerta 2 DESCONOCIDO ...
2026-01-20 16:47:42,142 [INFO] autoclave.devices.door: Actualizando estado de puerta Puerta 1 DESCONOCIDO ...
2026-01-20 16:47:42,143 [INFO] autoclave.devices.door: Actualizando estado de puerta Puerta 2 DESCONOCIDO ...
2026-01-20 16:47:42,645 [INFO] autoclave.devices.door: Actualizando estado de puerta Puerta 1 DESCONOCIDO ...
2026-01-20 16:47:42,645 [INFO] autoclave.devices.door: Actualizando estado de puerta Puerta 2 DESCONOCIDO ...
2026-01-20 16:47:43,146 [INFO] autoclave.devices.door: Actualizando estado de puerta Puerta 1 DESCONOCIDO ...
2026-01-20 16:47:43,147 [INFO] autoclave.devices.door: Actualizando estado de puerta Puerta 2 DESCONOCIDO ...
2026-01-20 16:47:43,650 [INFO] autoclave.devices.door: Actualizando estado de puerta Puerta 1 DESCONOCIDO ...
2026-01-20 16:47:43,651 [INFO] autoclave.devices.door: Actualizando estado de puerta Puerta 2 DESCONOCIDO ...
2026-01-20 16:47:44,152 [INFO] autoclave.devices.door: Actualizando estado de puerta Puerta 1 DESCONOCIDO ...
2026-01-20 16:47:44,153 [INFO] autoclave.devices.door: Actualizando estado de puerta Puerta 2 DESCONOCIDO ...
2026-01-20 16:47:44,654 [INFO] autoclave.devices.door: Actualizando estado de puerta Puerta 1 DESCONOCIDO ...
2026-01-20 16:47:44,655 [INFO] autoclave.devices.door: Actualizando estado de puerta Puerta 2 DESCONOCIDO ...
2026-01-20 16:47:45,156 [INFO] autoclave.devices.door: Actualizando estado de puerta Puerta 1 DESCONOCIDO ...
2026-01-20 16:47:45,156 [INFO] autoclave.devices.door: Actualizando estado de puerta Puerta 2 DESCONOCIDO ...
2026-01-20 16:47:45,657 [INFO] autoclave.devices.door: Actualizando estado de puerta Puerta 1 DESCONOCIDO ...
2026-01-20 16:47:45,657 [INFO] autoclave.devices.door: Actualizando estado de puerta Puerta 2 DESCONOCIDO ...
2026-01-20 16:47:46,158 [INFO] autoclave.devices.door: Actualizando estado de puerta Puerta 1 DESCONOCIDO ...
2026-01-20 16:47:46,159 [INFO] autoclave.devices.door: Actualizando estado de puerta Puerta 2 DESCONOCIDO ...
2026-01-20 16:47:46,660 [INFO] autoclave.devices.door: Actualizando estado de puerta Puerta 1 DESCONOCIDO ...
2026-01-20 16:47:46,662 [INFO] autoclave.devices.door: Actualizando estado de puerta Puerta 2 DESCONOCIDO ...
2026-01-20 16:47:47,163 [INFO] autoclave.devices.door: Actualizando estado de puerta Puerta 1 DESCONOCIDO ...
2026-01-20 16:47:47,164 [INFO] autoclave.devices.door: Actualizando estado de puerta Puerta 2 DESCONOCIDO ...
2026-01-20 16:47:47,665 [INFO] autoclave.devices.door: Actualizando estado de puerta Puerta 1 DESCONOCIDO ...
2026-01-20 16:47:47,666 [INFO] autoclave.devices.door: Actualizando estado de puerta Puerta 2 DESCONOCIDO ...
2026-01-20 16:47:47,766 [INFO] autoclave.ui.main.main_window: ⏻ Apagando equipo...
2026-01-20 16:47:48,167 [INFO] autoclave.devices.door: Actualizando estado de puerta Puerta 1 DESCONOCIDO ...
2026-01-20 16:47:48,168 [INFO] autoclave.devices.door: Actualizando estado de puerta Puerta 2 DESCONOCIDO ...
2026-01-20 16:47:48,668 [INFO] autoclave.devices.door: Actualizando estado de puerta Puerta 1 DESCONOCIDO ...
2026-01-20 16:47:48,669 [INFO] autoclave.devices.door: Actualizando estado de puerta Puerta 2 DESCONOCIDO ...
2026-01-20 16:47:49,171 [INFO] autoclave.devices.door: Actualizando estado de puerta Puerta 1 DESCONOCIDO ...
2026-01-20 16:47:49,171 [INFO] autoclave.devices.door: Actualizando estado de puerta Puerta 2 DESCONOCIDO ...
2026-01-20 16:47:49,673 [INFO] autoclave.devices.door: Actualizando estado de puerta Puerta 1 DESCONOCIDO ...
2026-01-20 16:47:49,673 [INFO] autoclave.devices.door: Actualizando estado de puerta Puerta 2 DESCONOCIDO ...
2026-01-20 16:47:50,175 [INFO] autoclave.devices.door: Actualizando estado de puerta Puerta 1 DESCONOCIDO ...
2026-01-20 16:47:50,176 [INFO] autoclave.devices.door: Actualizando estado de puerta Puerta 2 DESCONOCIDO ...
2026-01-20 16:47:50,677 [INFO] autoclave.devices.door: Actualizando estado de puerta Puerta 1 DESCONOCIDO ...
2026-01-20 16:47:50,677 [INFO] autoclave.devices.door: Actualizando estado de puerta Puerta 2 DESCONOCIDO ...
2026-01-20 16:47:50,810 [INFO] __main__: Cerrando aplicación Autoclave
2026-01-20 16:47:50,815 [INFO] autoclave: Deteniendo SerialLink
2026-01-20 16:47:50,816 [INFO] autoclave.services.domain.loop.control_loop: Flujo de datos detenido.
2026-01-20 16:53:40,236 [INFO] sqlalchemy.engine.Engine: BEGIN (implicit)
2026-01-20 16:53:40,237 [INFO] sqlalchemy.engine.Engine: PRAGMA main.table_info("ac_puerto")
2026-01-20 16:53:40,237 [INFO] sqlalchemy.engine.Engine: [raw sql] ()
2026-01-20 16:53:40,238 [INFO] sqlalchemy.engine.Engine: PRAGMA main.table_info("ac_pantalla_control")
2026-01-20 16:53:40,238 [INFO] sqlalchemy.engine.Engine: [raw sql] ()
2026-01-20 16:53:40,238 [INFO] sqlalchemy.engine.Engine: PRAGMA main.table_info("proceso_control")
2026-01-20 16:53:40,238 [INFO] sqlalchemy.engine.Engine: [raw sql] ()
2026-01-20 16:53:40,238 [INFO] sqlalchemy.engine.Engine: PRAGMA main.table_info("proceso_fase")
2026-01-20 16:53:40,239 [INFO] sqlalchemy.engine.Engine: [raw sql] ()
2026-01-20 16:53:40,239 [INFO] sqlalchemy.engine.Engine: PRAGMA main.table_info("proceso_fase_parametro")
2026-01-20 16:53:40,239 [INFO] sqlalchemy.engine.Engine: [raw sql] ()
2026-01-20 16:53:40,239 [INFO] sqlalchemy.engine.Engine: COMMIT
2026-01-20 16:53:40,381 [INFO] __main__: Iniciando aplicación Autoclave
2026-01-20 16:53:40,387 [INFO] autoclave: Iniciando SerialLink
2026-01-20 16:53:40,388 [INFO] autoclave.services.domain.loop.control_loop: Iniciando el bucle de control...
2026-01-20 16:53:40,432 [INFO] autoclave.services.domain.loop.control_loop: Esperando conexión con ESP32...
2026-01-20 16:53:40,434 [INFO] autoclave: Conectado a ESP32 en COM3
2026-01-20 16:53:40,550 [INFO] autoclave.ui.main.main_window: ✅ Interfaz creada correctamente.
2026-01-20 16:53:40,633 [INFO] autoclave.services.domain.loop.control_loop: Conexión establecida. Iniciando actualización de puertas...
2026-01-20 16:53:40,633 [INFO] autoclave.devices.door: Estado actual: DESCONOCIDO.
2026-01-20 16:53:40,633 [ERROR] autoclave.devices.door: Error: Estado inicial de puerta inconsistente .
2026-01-20 16:53:40,633 [INFO] autoclave.devices.door: Estado actual: DESCONOCIDO.
2026-01-20 16:53:40,633 [ERROR] autoclave.devices.door: Error: Estado inicial de puerta inconsistente .
2026-01-20 16:53:41,134 [INFO] autoclave.devices.door: Recuperación de error: Estado detectado ABIERTO.
2026-01-20 16:53:41,435 [INFO] __main__: Puerta Puerta 1: ERROR -> ABIERTO
2026-01-20 16:53:41,435 [INFO] __main__: Puerta Puerta 1 abierta.
2026-01-20 16:53:42,240 [INFO] autoclave.devices.door: Recuperación de error: Estado detectado CERRADO.
2026-01-20 16:53:42,242 [INFO] __main__: Puerta Puerta 2: ERROR -> CERRADO
2026-01-20 16:53:42,242 [INFO] __main__: Puerta Puerta 2 cerrada.
2026-01-20 17:04:38,971 [INFO] autoclave.ui.main.main_window: ⏻ Apagando equipo...
2026-01-20 17:04:42,083 [INFO] __main__: Cerrando aplicación Autoclave
2026-01-20 17:04:42,089 [INFO] autoclave: Deteniendo SerialLink
2026-01-20 17:04:42,094 [INFO] autoclave.services.domain.loop.control_loop: Flujo de datos detenido.
